[INFO] 2026/01/27 14:03:07 logger.go:71: 配置文件加载成功: D:\api\batch_api_tools\config.yaml
[INFO] 2026/01/27 14:03:07 logger.go:69: 开始创建新任务并分割文件---------------------------
[INFO] 2026/01/27 14:03:07 main.go:27: 开始分割文件: 1000input.jsonl (任务ID: guoy_10003_fix)
[INFO] 2026/01/27 14:03:07 logger.go:143: [guoy_10003_fix] [Estimate] - ⏳ [预估耗时] 任务共 500 行，预计耗时: 3分 0秒 (按每100行36秒估算)
[INFO] 2026/01/27 14:03:12 main.go:27: ✓ 任务已创建: guoy_10003_fix
[INFO] 2026/01/27 14:03:12 main.go:27: 
 任务ID: guoy_10003_fix | 文件: 1000input.jsonl 
 总块数: 10 | 待上传：0 | 已上传: 0 | 处理中: 0 | 已处理: 0 | 上传失败: 0 
 总处理行数: 500 | 已完成行数: 0 | 失败行数: 0 | 重试次数: 0次
已完成占比：0%|                                                                         |0/500
[INFO] 2026/01/27 14:03:22 main.go:27: 
 任务ID: guoy_10003_fix | 文件: 1000input.jsonl 
 总块数: 10 | 待上传：10 | 已上传: 0 | 处理中: 0 | 已处理: 0 | 上传失败: 0 
 总处理行数: 500 | 已完成行数: 0 | 失败行数: 0 | 重试次数: 0次
已完成占比：0%|                                                                         |0/500
[INFO] 2026/01/27 14:03:32 main.go:27: 
 任务ID: guoy_10003_fix | 文件: 1000input.jsonl 
 总块数: 10 | 待上传：10 | 已上传: 0 | 处理中: 0 | 已处理: 0 | 上传失败: 0 
 总处理行数: 500 | 已完成行数: 0 | 失败行数: 0 | 重试次数: 0次
已完成占比：0%|                                                                         |0/500
[INFO] 2026/01/27 14:03:42 main.go:27: 
 任务ID: guoy_10003_fix | 文件: 1000input.jsonl 
 总块数: 10 | 待上传：10 | 已上传: 0 | 处理中: 0 | 已处理: 0 | 上传失败: 0 
 总处理行数: 500 | 已完成行数: 0 | 失败行数: 0 | 重试次数: 0次
已完成占比：0%|                                                                         |0/500
[INFO] 2026/01/27 14:03:52 main.go:27: 
 任务ID: guoy_10003_fix | 文件: 1000input.jsonl 
 总块数: 10 | 待上传：10 | 已上传: 0 | 处理中: 0 | 已处理: 0 | 上传失败: 0 
 总处理行数: 500 | 已完成行数: 0 | 失败行数: 0 | 重试次数: 0次
已完成占比：0%|                                                                         |0/500
[INFO] 2026/01/27 14:04:02 main.go:27: 
 任务ID: guoy_10003_fix | 文件: 1000input.jsonl 
 总块数: 10 | 待上传：10 | 已上传: 0 | 处理中: 0 | 已处理: 0 | 上传失败: 0 
 总处理行数: 500 | 已完成行数: 0 | 失败行数: 0 | 重试次数: 0次
已完成占比：0%|                                                         |0/500
[INFO] 2026/01/27 14:04:12 main.go:27: 
 任务ID: guoy_10003_fix | 文件: 1000input.jsonl 
 总块数: 10 | 待上传：10 | 已上传: 0 | 处理中: 0 | 已处理: 0 | 上传失败: 0 
 总处理行数: 500 | 已完成行数: 0 | 失败行数: 0 | 重试次数: 0次
已完成占比：0%|                                                         |0/500
[INFO] 2026/01/27 14:04:22 main.go:27: 
 任务ID: guoy_10003_fix | 文件: 1000input.jsonl 
 总块数: 10 | 待上传：10 | 已上传: 0 | 处理中: 0 | 已处理: 0 | 上传失败: 0 
 总处理行数: 500 | 已完成行数: 0 | 失败行数: 0 | 重试次数: 0次
已完成占比：0%|                                                         |0/500
[INFO] 2026/01/27 14:04:32 main.go:27: 
 任务ID: guoy_10003_fix | 文件: 1000input.jsonl 
 总块数: 10 | 待上传：10 | 已上传: 0 | 处理中: 0 | 已处理: 0 | 上传失败: 0 
 总处理行数: 500 | 已完成行数: 0 | 失败行数: 0 | 重试次数: 0次
已完成占比：0%|                                                         |0/500
[INFO] 2026/01/27 14:04:42 main.go:27: 
 任务ID: guoy_10003_fix | 文件: 1000input.jsonl 
 总块数: 10 | 待上传：10 | 已上传: 0 | 处理中: 0 | 已处理: 0 | 上传失败: 0 
 总处理行数: 500 | 已完成行数: 0 | 失败行数: 0 | 重试次数: 0次
已完成占比：0%|                                                         |0/500
[INFO] 2026/01/27 14:04:52 main.go:27: 
 任务ID: guoy_10003_fix | 文件: 1000input.jsonl 
 总块数: 10 | 待上传：10 | 已上传: 0 | 处理中: 0 | 已处理: 0 | 上传失败: 0 
 总处理行数: 500 | 已完成行数: 0 | 失败行数: 0 | 重试次数: 0次
已完成占比：0%|                                                         |0/500
[INFO] 2026/01/27 14:05:02 main.go:27: 
 任务ID: guoy_10003_fix | 文件: 1000input.jsonl 
 总块数: 10 | 待上传：10 | 已上传: 0 | 处理中: 0 | 已处理: 0 | 上传失败: 0 
 总处理行数: 500 | 已完成行数: 0 | 失败行数: 0 | 重试次数: 0次
已完成占比：0%|                                                         |0/500
[INFO] 2026/01/27 14:05:13 main.go:27: 
 任务ID: guoy_10003_fix | 文件: 1000input.jsonl 
 总块数: 10 | 待上传：10 | 已上传: 0 | 处理中: 0 | 已处理: 0 | 上传失败: 0 
 总处理行数: 500 | 已完成行数: 0 | 失败行数: 0 | 重试次数: 0次
已完成占比：0%|                                                         |0/500
[INFO] 2026/01/27 14:05:23 main.go:27: 
 任务ID: guoy_10003_fix | 文件: 1000input.jsonl 
 总块数: 10 | 待上传：10 | 已上传: 0 | 处理中: 0 | 已处理: 0 | 上传失败: 0 
 总处理行数: 500 | 已完成行数: 0 | 失败行数: 0 | 重试次数: 0次
已完成占比：0%|                                                         |0/500
[INFO] 2026/01/27 14:05:33 main.go:27: 
 任务ID: guoy_10003_fix | 文件: 1000input.jsonl 
 总块数: 10 | 待上传：10 | 已上传: 0 | 处理中: 0 | 已处理: 0 | 上传失败: 0 
 总处理行数: 500 | 已完成行数: 0 | 失败行数: 0 | 重试次数: 0次
已完成占比：0%|                                                         |0/500
[INFO] 2026/01/27 14:05:43 main.go:27: 
 任务ID: guoy_10003_fix | 文件: 1000input.jsonl 
 总块数: 10 | 待上传：10 | 已上传: 0 | 处理中: 0 | 已处理: 0 | 上传失败: 0 
 总处理行数: 500 | 已完成行数: 0 | 失败行数: 0 | 重试次数: 0次
已完成占比：0%|                                                         |0/500
[INFO] 2026/01/27 14:05:53 main.go:27: 
 任务ID: guoy_10003_fix | 文件: 1000input.jsonl 
 总块数: 10 | 待上传：10 | 已上传: 0 | 处理中: 0 | 已处理: 0 | 上传失败: 0 
 总处理行数: 500 | 已完成行数: 0 | 失败行数: 0 | 重试次数: 0次
已完成占比：0%|                                                         |0/500
[INFO] 2026/01/27 14:06:03 main.go:27: 
 任务ID: guoy_10003_fix | 文件: 1000input.jsonl 
 总块数: 10 | 待上传：10 | 已上传: 0 | 处理中: 0 | 已处理: 0 | 上传失败: 0 
 总处理行数: 500 | 已完成行数: 0 | 失败行数: 0 | 重试次数: 0次
已完成占比：0%|                                                         |0/500
[INFO] 2026/01/27 14:06:13 main.go:27: 
 任务ID: guoy_10003_fix | 文件: 1000input.jsonl 
 总块数: 10 | 待上传：10 | 已上传: 0 | 处理中: 0 | 已处理: 0 | 上传失败: 0 
 总处理行数: 500 | 已完成行数: 0 | 失败行数: 0 | 重试次数: 0次
已完成占比：0%|                                                         |0/500
[INFO] 2026/01/27 14:06:23 main.go:27: 
 任务ID: guoy_10003_fix | 文件: 1000input.jsonl 
 总块数: 10 | 待上传：10 | 已上传: 0 | 处理中: 0 | 已处理: 0 | 上传失败: 0 
 总处理行数: 500 | 已完成行数: 0 | 失败行数: 0 | 重试次数: 0次
已完成占比：0%|                                                         |0/500
[INFO] 2026/01/27 14:06:33 main.go:27: 
 任务ID: guoy_10003_fix | 文件: 1000input.jsonl 
 总块数: 10 | 待上传：10 | 已上传: 0 | 处理中: 0 | 已处理: 0 | 上传失败: 0 
 总处理行数: 500 | 已完成行数: 0 | 失败行数: 0 | 重试次数: 0次
已完成占比：0%|                                                         |0/500
[INFO] 2026/01/27 14:06:43 main.go:27: 
 任务ID: guoy_10003_fix | 文件: 1000input.jsonl 
 总块数: 10 | 待上传：10 | 已上传: 0 | 处理中: 0 | 已处理: 0 | 上传失败: 0 
 总处理行数: 500 | 已完成行数: 0 | 失败行数: 0 | 重试次数: 0次
已完成占比：0%|                                                         |0/500
[INFO] 2026/01/27 14:06:53 main.go:27: 
 任务ID: guoy_10003_fix | 文件: 1000input.jsonl 
 总块数: 10 | 待上传：10 | 已上传: 0 | 处理中: 0 | 已处理: 0 | 上传失败: 0 
 总处理行数: 500 | 已完成行数: 0 | 失败行数: 0 | 重试次数: 0次
已完成占比：0%|                                                         |0/500
[INFO] 2026/01/27 14:07:03 main.go:27: 
 任务ID: guoy_10003_fix | 文件: 1000input.jsonl 
 总块数: 10 | 待上传：10 | 已上传: 0 | 处理中: 0 | 已处理: 0 | 上传失败: 0 
 总处理行数: 500 | 已完成行数: 0 | 失败行数: 0 | 重试次数: 0次
已完成占比：0%|                                                         |0/500
[INFO] 2026/01/27 14:07:14 main.go:27: 
 任务ID: guoy_10003_fix | 文件: 1000input.jsonl 
 总块数: 10 | 待上传：10 | 已上传: 0 | 处理中: 0 | 已处理: 0 | 上传失败: 0 
 总处理行数: 500 | 已完成行数: 0 | 失败行数: 0 | 重试次数: 0次
已完成占比：0%|                                                         |0/500
[INFO] 2026/01/27 14:07:24 main.go:27: 
 任务ID: guoy_10003_fix | 文件: 1000input.jsonl 
 总块数: 10 | 待上传：10 | 已上传: 0 | 处理中: 0 | 已处理: 0 | 上传失败: 0 
 总处理行数: 500 | 已完成行数: 0 | 失败行数: 0 | 重试次数: 0次
已完成占比：0%|                                                         |0/500
[INFO] 2026/01/27 14:07:34 main.go:27: 
 任务ID: guoy_10003_fix | 文件: 1000input.jsonl 
 总块数: 10 | 待上传：10 | 已上传: 0 | 处理中: 0 | 已处理: 0 | 上传失败: 0 
 总处理行数: 500 | 已完成行数: 0 | 失败行数: 0 | 重试次数: 0次
已完成占比：0%|                                                         |0/500
[INFO] 2026/01/27 14:07:44 main.go:27: 
 任务ID: guoy_10003_fix | 文件: 1000input.jsonl 
 总块数: 10 | 待上传：10 | 已上传: 0 | 处理中: 0 | 已处理: 0 | 上传失败: 0 
 总处理行数: 500 | 已完成行数: 0 | 失败行数: 0 | 重试次数: 0次
已完成占比：0%|                                                         |0/500
[INFO] 2026/01/27 14:07:54 main.go:27: 
 任务ID: guoy_10003_fix | 文件: 1000input.jsonl 
 总块数: 10 | 待上传：10 | 已上传: 0 | 处理中: 0 | 已处理: 0 | 上传失败: 0 
 总处理行数: 500 | 已完成行数: 0 | 失败行数: 0 | 重试次数: 0次
已完成占比：0%|                                                         |0/500
[INFO] 2026/01/27 14:08:04 main.go:27: 
 任务ID: guoy_10003_fix | 文件: 1000input.jsonl 
 总块数: 10 | 待上传：10 | 已上传: 0 | 处理中: 0 | 已处理: 0 | 上传失败: 0 
 总处理行数: 500 | 已完成行数: 0 | 失败行数: 0 | 重试次数: 0次
已完成占比：0%|                                                         |0/500
[INFO] 2026/01/27 14:08:14 main.go:27: 
 任务ID: guoy_10003_fix | 文件: 1000input.jsonl 
 总块数: 10 | 待上传：10 | 已上传: 0 | 处理中: 0 | 已处理: 0 | 上传失败: 0 
 总处理行数: 500 | 已完成行数: 0 | 失败行数: 0 | 重试次数: 0次
已完成占比：0%|                                                         |0/500
[INFO] 2026/01/27 14:08:24 main.go:27: 
 任务ID: guoy_10003_fix | 文件: 1000input.jsonl 
 总块数: 10 | 待上传：10 | 已上传: 0 | 处理中: 0 | 已处理: 0 | 上传失败: 0 
 总处理行数: 500 | 已完成行数: 0 | 失败行数: 0 | 重试次数: 0次
已完成占比：0%|                                                         |0/500
[INFO] 2026/01/27 14:08:34 main.go:27: 
 任务ID: guoy_10003_fix | 文件: 1000input.jsonl 
 总块数: 10 | 待上传：10 | 已上传: 0 | 处理中: 0 | 已处理: 0 | 上传失败: 0 
 总处理行数: 500 | 已完成行数: 0 | 失败行数: 0 | 重试次数: 0次
已完成占比：0%|                                                         |0/500
[INFO] 2026/01/27 14:08:44 main.go:27: 
 任务ID: guoy_10003_fix | 文件: 1000input.jsonl 
 总块数: 10 | 待上传：10 | 已上传: 0 | 处理中: 0 | 已处理: 0 | 上传失败: 0 
 总处理行数: 500 | 已完成行数: 0 | 失败行数: 0 | 重试次数: 0次
已完成占比：0%|                                                         |0/500
[INFO] 2026/01/27 14:08:54 main.go:27: 
 任务ID: guoy_10003_fix | 文件: 1000input.jsonl 
 总块数: 10 | 待上传：10 | 已上传: 0 | 处理中: 0 | 已处理: 0 | 上传失败: 0 
 总处理行数: 500 | 已完成行数: 0 | 失败行数: 0 | 重试次数: 0次
已完成占比：0%|                                                         |0/500
[INFO] 2026/01/27 14:09:04 main.go:27: 
 任务ID: guoy_10003_fix | 文件: 1000input.jsonl 
 总块数: 10 | 待上传：10 | 已上传: 0 | 处理中: 0 | 已处理: 0 | 上传失败: 0 
 总处理行数: 500 | 已完成行数: 0 | 失败行数: 0 | 重试次数: 0次
已完成占比：0%|                                                         |0/500
[INFO] 2026/01/27 14:09:14 main.go:27: 
 任务ID: guoy_10003_fix | 文件: 1000input.jsonl 
 总块数: 10 | 待上传：10 | 已上传: 0 | 处理中: 0 | 已处理: 0 | 上传失败: 0 
 总处理行数: 500 | 已完成行数: 0 | 失败行数: 0 | 重试次数: 0次
已完成占比：0%|                                                         |0/500
[INFO] 2026/01/27 14:09:24 main.go:27: 
 任务ID: guoy_10003_fix | 文件: 1000input.jsonl 
 总块数: 10 | 待上传：10 | 已上传: 0 | 处理中: 0 | 已处理: 0 | 上传失败: 0 
 总处理行数: 500 | 已完成行数: 0 | 失败行数: 0 | 重试次数: 0次
已完成占比：0%|                                                         |0/500
[INFO] 2026/01/27 14:09:35 main.go:27: 
 任务ID: guoy_10003_fix | 文件: 1000input.jsonl 
 总块数: 10 | 待上传：10 | 已上传: 0 | 处理中: 0 | 已处理: 0 | 上传失败: 0 
 总处理行数: 500 | 已完成行数: 0 | 失败行数: 0 | 重试次数: 0次
已完成占比：0%|                                                         |0/500
[INFO] 2026/01/27 14:09:45 main.go:27: 
 任务ID: guoy_10003_fix | 文件: 1000input.jsonl 
 总块数: 10 | 待上传：10 | 已上传: 0 | 处理中: 0 | 已处理: 0 | 上传失败: 0 
 总处理行数: 500 | 已完成行数: 0 | 失败行数: 0 | 重试次数: 0次
已完成占比：0%|                                                         |0/500
[INFO] 2026/01/27 14:09:55 main.go:27: 
 任务ID: guoy_10003_fix | 文件: 1000input.jsonl 
 总块数: 10 | 待上传：10 | 已上传: 0 | 处理中: 0 | 已处理: 0 | 上传失败: 0 
 总处理行数: 500 | 已完成行数: 0 | 失败行数: 0 | 重试次数: 0次
已完成占比：0%|                                                         |0/500
[INFO] 2026/01/27 14:10:05 main.go:27: 
 任务ID: guoy_10003_fix | 文件: 1000input.jsonl 
 总块数: 10 | 待上传：10 | 已上传: 0 | 处理中: 0 | 已处理: 0 | 上传失败: 0 
 总处理行数: 500 | 已完成行数: 0 | 失败行数: 0 | 重试次数: 0次
已完成占比：0%|                                                         |0/500
[INFO] 2026/01/27 14:10:15 main.go:27: 
 任务ID: guoy_10003_fix | 文件: 1000input.jsonl 
 总块数: 10 | 待上传：10 | 已上传: 0 | 处理中: 0 | 已处理: 0 | 上传失败: 0 
 总处理行数: 500 | 已完成行数: 0 | 失败行数: 0 | 重试次数: 0次
已完成占比：0%|                                                         |0/500
[INFO] 2026/01/27 14:10:25 main.go:27: 
 任务ID: guoy_10003_fix | 文件: 1000input.jsonl 
 总块数: 10 | 待上传：10 | 已上传: 0 | 处理中: 0 | 已处理: 0 | 上传失败: 0 
 总处理行数: 500 | 已完成行数: 0 | 失败行数: 0 | 重试次数: 0次
已完成占比：0%|                                                         |0/500
[INFO] 2026/01/27 14:10:35 main.go:27: 
 任务ID: guoy_10003_fix | 文件: 1000input.jsonl 
 总块数: 10 | 待上传：10 | 已上传: 0 | 处理中: 0 | 已处理: 0 | 上传失败: 0 
 总处理行数: 500 | 已完成行数: 0 | 失败行数: 0 | 重试次数: 0次
已完成占比：0%|                                                         |0/500
[INFO] 2026/01/27 14:10:45 main.go:27: 
 任务ID: guoy_10003_fix | 文件: 1000input.jsonl 
 总块数: 10 | 待上传：10 | 已上传: 0 | 处理中: 0 | 已处理: 0 | 上传失败: 0 
 总处理行数: 500 | 已完成行数: 0 | 失败行数: 0 | 重试次数: 0次
已完成占比：0%|                                                         |0/500
[INFO] 2026/01/27 14:10:55 main.go:27: 
 任务ID: guoy_10003_fix | 文件: 1000input.jsonl 
 总块数: 10 | 待上传：10 | 已上传: 0 | 处理中: 0 | 已处理: 0 | 上传失败: 0 
 总处理行数: 500 | 已完成行数: 0 | 失败行数: 0 | 重试次数: 0次
已完成占比：0%|                                                         |0/500
[INFO] 2026/01/27 14:11:05 main.go:27: 
 任务ID: guoy_10003_fix | 文件: 1000input.jsonl 
 总块数: 10 | 待上传：10 | 已上传: 0 | 处理中: 0 | 已处理: 0 | 上传失败: 0 
 总处理行数: 500 | 已完成行数: 0 | 失败行数: 0 | 重试次数: 0次
已完成占比：0%|                                                         |0/500
[INFO] 2026/01/27 14:25:39 logger.go:71: 配置文件加载成功: D:\api\batch_api_tools\config.yaml
[INFO] 2026/01/27 14:25:39 logger.go:69: 开始创建新任务并分割文件---------------------------
[INFO] 2026/01/27 14:25:39 main.go:27: 开始分割文件: 1000input.jsonl (任务ID: duduy_10003_fix)
[INFO] 2026/01/27 14:25:39 logger.go:143: [duduy_10003_fix] [Estimate] - ⏳ [预估耗时] 任务共 500 行，预计耗时: 3分 0秒 (按每100行36秒估算)
[INFO] 2026/01/27 14:25:44 main.go:27: ✓ 任务已创建: duduy_10003_fix
[INFO] 2026/01/27 14:25:44 main.go:27: 
 任务ID: duduy_10003_fix | 文件: 1000input.jsonl 
 总块数: 0 | 待上传：0 | 已上传: 0 | 处理中: 0 | 已处理: 0 | 上传失败: 0 
 总处理行数: 500 | 已完成行数: 0 | 失败行数: 0 | 重试次数: 0次
已完成占比：0%|                                                                         |0/500
[INFO] 2026/01/27 14:28:15 logger.go:71: 配置文件加载成功: D:\api\batch_api_tools\config.yaml
[INFO] 2026/01/27 14:28:15 logger.go:69: 开始创建新任务并分割文件---------------------------
[INFO] 2026/01/27 14:28:15 main.go:27: 开始分割文件: 1000input.jsonl (任务ID: duduy_10003_fix_v2)
[INFO] 2026/01/27 14:28:15 logger.go:143: [duduy_10003_fix_v2] [Estimate] - ⏳ [预估耗时] 任务共 500 行，预计耗时: 3分 0秒 (按每100行36秒估算)
[INFO] 2026/01/27 14:28:21 main.go:27: ✓ 任务已创建: duduy_10003_fix_v2
[INFO] 2026/01/27 14:28:21 main.go:27: 
 任务ID: duduy_10003_fix_v2 | 文件: 1000input.jsonl 
 总块数: 0 | 待上传：0 | 已上传: 0 | 处理中: 0 | 已处理: 0 | 上传失败: 0 
 总处理行数: 500 | 已完成行数: 0 | 失败行数: 0 | 重试次数: 0次
已完成占比：0%|                                                                         |0/500
[INFO] 2026/01/27 14:37:23 logger.go:71: 配置文件加载成功: config.yaml
[INFO] 2026/01/27 14:37:23 logger.go:143: [dudux_final] [Estimate] - ⏳ [预估耗时] 任务共 500 行，预计耗时: 3分 0秒 (按每100行36秒估算)
[INFO] 2026/01/27 14:37:28 logger.go:71: [dudux_final_chunk_0] 开始上传分块...
[INFO] 2026/01/27 14:37:29 logger.go:71: 上传文件结果：{"id":"file_2601271437263867484239620","sid":"bat000d9ac3@dx19bfe2bddf20000572","object":"file","bytes":9139,"created_at":1769495846,"filename":"part0.1000input.jsonl","purpose":"batch"}
[INFO] 2026/01/27 14:37:29 logger.go:71: [dudux_final_chunk_1] 开始上传分块...
[INFO] 2026/01/27 14:37:29 logger.go:71: 上传文件结果：{"id":"file_2601271437265181433960510","sid":"bat000dec5d@dx19bfe2bde760000572","object":"file","bytes":9149,"created_at":1769495846,"filename":"part1.1000input.jsonl","purpose":"batch"}
[INFO] 2026/01/27 14:37:29 logger.go:71: [dudux_final_chunk_2] 开始上传分块...
[INFO] 2026/01/27 14:37:29 logger.go:71: 上传文件结果：{"id":"file_2601271437266136083639622","sid":"bat000d9ac5@dx19bfe2bded50000572","object":"file","bytes":9199,"created_at":1769495846,"filename":"part2.1000input.jsonl","purpose":"batch"}
[INFO] 2026/01/27 14:37:29 logger.go:71: [dudux_final_chunk_3] 开始上传分块...
[INFO] 2026/01/27 14:37:29 logger.go:71: 上传文件结果：{"id":"file_2601271437267207140660512","sid":"bat000dec5f@dx19bfe2bdf400000572","object":"file","bytes":9199,"created_at":1769495846,"filename":"part3.1000input.jsonl","purpose":"batch"}
[INFO] 2026/01/27 14:37:29 logger.go:71: [dudux_final_chunk_4] 开始上传分块...
[INFO] 2026/01/27 14:37:29 logger.go:71: 上传文件结果：{"id":"file_2601271437268218054539624","sid":"bat000d9ac7@dx19bfe2bdfa50000572","object":"file","bytes":9199,"created_at":1769495846,"filename":"part4.1000input.jsonl","purpose":"batch"}
[INFO] 2026/01/27 14:37:29 logger.go:71: [dudux_final_chunk_5] 开始上传分块...
[INFO] 2026/01/27 14:37:29 logger.go:71: 上传文件结果：{"id":"file_2601271437269237987139626","sid":"bat000d9ac9@dx19bfe2be00b0000572","object":"file","bytes":9199,"created_at":1769495846,"filename":"part5.1000input.jsonl","purpose":"batch"}
[INFO] 2026/01/27 14:37:29 logger.go:71: [dudux_final_chunk_6] 开始上传分块...
[INFO] 2026/01/27 14:37:29 logger.go:71: 上传文件结果：{"id":"file_2601271437270362743539628","sid":"bat000d9acb@dx19bfe2be07b0000572","object":"file","bytes":9199,"created_at":1769495847,"filename":"part6.1000input.jsonl","purpose":"batch"}
[INFO] 2026/01/27 14:37:29 logger.go:71: [dudux_final_chunk_7] 开始上传分块...
[INFO] 2026/01/27 14:37:30 logger.go:71: 上传文件结果：{"id":"file_2601271437271321801860514","sid":"bat000dec61@dx19bfe2be0dc0000572","object":"file","bytes":9199,"created_at":1769495847,"filename":"part7.1000input.jsonl","purpose":"batch"}
[INFO] 2026/01/27 14:37:30 logger.go:71: [dudux_final_chunk_8] 开始上传分块...
[INFO] 2026/01/27 14:37:30 logger.go:71: 上传文件结果：{"id":"file_2601271437272346589160516","sid":"bat000dec63@dx19bfe2be1420000572","object":"file","bytes":9199,"created_at":1769495847,"filename":"part8.1000input.jsonl","purpose":"batch"}
[INFO] 2026/01/27 14:37:30 logger.go:71: [dudux_final_chunk_9] 开始上传分块...
[INFO] 2026/01/27 14:37:30 logger.go:71: 上传文件结果：{"id":"file_2601271437273433781560518","sid":"bat000dec65@dx19bfe2be1af0000572","object":"file","bytes":9199,"created_at":1769495847,"filename":"part9.1000input.jsonl","purpose":"batch"}
[INFO] 2026/01/27 14:37:32 logger.go:71: [dudux_final_chunk_0] 创建Batch任务...
[INFO] 2026/01/27 14:37:32 logger.go:71: 创建batch 任务请求：{"completion_window":"24h","endpoint":"/v1/chat/completions","input_file_id":"file_2601271437263867484239620"}
[INFO] 2026/01/27 14:37:32 logger.go:71: 创建batch 任务结果：{"id":"batch_2601271437294305960060519","sid":"bat000dec68@dx19bfe2be9d60000572","object":"spark","endpoint":"/v1/chat/completions","errors":null,"input_file_id":"file_2601271437263867484239620","completion_window":"","status":"queuing","output_file_id":"","created_at":1769524649,"in_process_at":null,"expires_at":1769611049,"finalizing_at":null,"completed_at":null,"failed_at":null,"expired_at":1769611049,"cancelling_at":null,"cancelled_at":null,"request_counts":{"total":0,"completed":0,"failed":0}}
[INFO] 2026/01/27 14:37:32 logger.go:71: [dudux_final_chunk_1] 创建Batch任务...
[INFO] 2026/01/27 14:37:32 logger.go:71: 创建batch 任务请求：{"completion_window":"24h","endpoint":"/v1/chat/completions","input_file_id":"file_2601271437265181433960510"}
[INFO] 2026/01/27 14:37:32 logger.go:71: 创建batch 任务结果：{"id":"batch_2601271437295182036360521","sid":"bat000dec6a@dx19bfe2bea2e0000572","object":"spark","endpoint":"/v1/chat/completions","errors":null,"input_file_id":"file_2601271437265181433960510","completion_window":"","status":"queuing","output_file_id":"","created_at":1769524649,"in_process_at":null,"expires_at":1769611049,"finalizing_at":null,"completed_at":null,"failed_at":null,"expired_at":1769611049,"cancelling_at":null,"cancelled_at":null,"request_counts":{"total":0,"completed":0,"failed":0}}
[INFO] 2026/01/27 14:37:32 logger.go:71: [dudux_final_chunk_2] 创建Batch任务...
[INFO] 2026/01/27 14:37:32 logger.go:71: 创建batch 任务请求：{"completion_window":"24h","endpoint":"/v1/chat/completions","input_file_id":"file_2601271437266136083639622"}
[INFO] 2026/01/27 14:37:32 logger.go:71: 创建batch 任务结果：{"id":"batch_2601271437296035759860523","sid":"bat000dec6c@dx19bfe2bea830000572","object":"spark","endpoint":"/v1/chat/completions","errors":null,"input_file_id":"file_2601271437266136083639622","completion_window":"","status":"queuing","output_file_id":"","created_at":1769524649,"in_process_at":null,"expires_at":1769611049,"finalizing_at":null,"completed_at":null,"failed_at":null,"expired_at":1769611049,"cancelling_at":null,"cancelled_at":null,"request_counts":{"total":0,"completed":0,"failed":0}}
[INFO] 2026/01/27 14:37:32 logger.go:71: [dudux_final_chunk_3] 创建Batch任务...
[INFO] 2026/01/27 14:37:32 logger.go:71: 创建batch 任务请求：{"completion_window":"24h","endpoint":"/v1/chat/completions","input_file_id":"file_2601271437267207140660512"}
[INFO] 2026/01/27 14:37:32 logger.go:71: 创建batch 任务结果：{"id":"batch_2601271437296801125960525","sid":"bat000dec6e@dx19bfe2bead00000572","object":"spark","endpoint":"/v1/chat/completions","errors":null,"input_file_id":"file_2601271437267207140660512","completion_window":"","status":"queuing","output_file_id":"","created_at":1769524649,"in_process_at":null,"expires_at":1769611049,"finalizing_at":null,"completed_at":null,"failed_at":null,"expired_at":1769611049,"cancelling_at":null,"cancelled_at":null,"request_counts":{"total":0,"completed":0,"failed":0}}
[INFO] 2026/01/27 14:37:32 logger.go:71: [dudux_final_chunk_4] 创建Batch任务...
[INFO] 2026/01/27 14:37:32 logger.go:71: 创建batch 任务请求：{"completion_window":"24h","endpoint":"/v1/chat/completions","input_file_id":"file_2601271437268218054539624"}
[INFO] 2026/01/27 14:37:32 logger.go:71: 创建batch 任务结果：{"id":"batch_2601271437297563553539629","sid":"bat000d9ace@dx19bfe2beb1c0000572","object":"spark","endpoint":"/v1/chat/completions","errors":null,"input_file_id":"file_2601271437268218054539624","completion_window":"","status":"queuing","output_file_id":"","created_at":1769524649,"in_process_at":null,"expires_at":1769611049,"finalizing_at":null,"completed_at":null,"failed_at":null,"expired_at":1769611049,"cancelling_at":null,"cancelled_at":null,"request_counts":{"total":0,"completed":0,"failed":0}}
[INFO] 2026/01/27 14:37:32 logger.go:71: [dudux_final_chunk_5] 创建Batch任务...
[INFO] 2026/01/27 14:37:32 logger.go:71: 创建batch 任务请求：{"completion_window":"24h","endpoint":"/v1/chat/completions","input_file_id":"file_2601271437269237987139626"}
[INFO] 2026/01/27 14:37:32 logger.go:71: 创建batch 任务结果：{"id":"batch_2601271437298336628039631","sid":"bat000d9ad0@dx19bfe2beb690000572","object":"spark","endpoint":"/v1/chat/completions","errors":null,"input_file_id":"file_2601271437269237987139626","completion_window":"","status":"queuing","output_file_id":"","created_at":1769524649,"in_process_at":null,"expires_at":1769611049,"finalizing_at":null,"completed_at":null,"failed_at":null,"expired_at":1769611049,"cancelling_at":null,"cancelled_at":null,"request_counts":{"total":0,"completed":0,"failed":0}}
[INFO] 2026/01/27 14:37:32 logger.go:71: [dudux_final_chunk_6] 创建Batch任务...
[INFO] 2026/01/27 14:37:32 logger.go:71: 创建batch 任务请求：{"completion_window":"24h","endpoint":"/v1/chat/completions","input_file_id":"file_2601271437270362743539628"}
[INFO] 2026/01/27 14:37:32 logger.go:71: 创建batch 任务结果：{"id":"batch_2601271437299793491460527","sid":"bat000dec70@dx19bfe2bebfb0000572","object":"spark","endpoint":"/v1/chat/completions","errors":null,"input_file_id":"file_2601271437270362743539628","completion_window":"","status":"queuing","output_file_id":"","created_at":1769524649,"in_process_at":null,"expires_at":1769611049,"finalizing_at":null,"completed_at":null,"failed_at":null,"expired_at":1769611049,"cancelling_at":null,"cancelled_at":null,"request_counts":{"total":0,"completed":0,"failed":0}}
[INFO] 2026/01/27 14:37:32 logger.go:71: [dudux_final_chunk_7] 创建Batch任务...
[INFO] 2026/01/27 14:37:32 logger.go:71: 创建batch 任务请求：{"completion_window":"24h","endpoint":"/v1/chat/completions","input_file_id":"file_2601271437271321801860514"}
[INFO] 2026/01/27 14:37:32 logger.go:71: 创建batch 任务结果：{"id":"batch_2601271437300616387039633","sid":"bat000d9ad2@dx19bfe2bec4d0000572","object":"spark","endpoint":"/v1/chat/completions","errors":null,"input_file_id":"file_2601271437271321801860514","completion_window":"","status":"queuing","output_file_id":"","created_at":1769524650,"in_process_at":null,"expires_at":1769611050,"finalizing_at":null,"completed_at":null,"failed_at":null,"expired_at":1769611050,"cancelling_at":null,"cancelled_at":null,"request_counts":{"total":0,"completed":0,"failed":0}}
[INFO] 2026/01/27 14:37:32 logger.go:71: [dudux_final_chunk_8] 创建Batch任务...
[INFO] 2026/01/27 14:37:32 logger.go:71: 创建batch 任务请求：{"completion_window":"24h","endpoint":"/v1/chat/completions","input_file_id":"file_2601271437272346589160516"}
[INFO] 2026/01/27 14:37:33 logger.go:71: 创建batch 任务结果：{"id":"batch_2601271437301485741539635","sid":"bat000d9ad4@dx19bfe2beca40000572","object":"spark","endpoint":"/v1/chat/completions","errors":null,"input_file_id":"file_2601271437272346589160516","completion_window":"","status":"queuing","output_file_id":"","created_at":1769524650,"in_process_at":null,"expires_at":1769611050,"finalizing_at":null,"completed_at":null,"failed_at":null,"expired_at":1769611050,"cancelling_at":null,"cancelled_at":null,"request_counts":{"total":0,"completed":0,"failed":0}}
[INFO] 2026/01/27 14:37:33 logger.go:71: [dudux_final_chunk_9] 创建Batch任务...
[INFO] 2026/01/27 14:37:33 logger.go:71: 创建batch 任务请求：{"completion_window":"24h","endpoint":"/v1/chat/completions","input_file_id":"file_2601271437273433781560518"}
[INFO] 2026/01/27 14:37:33 logger.go:71: 创建batch 任务结果：{"id":"batch_2601271437302283550339637","sid":"bat000d9ad6@dx19bfe2becf40000572","object":"spark","endpoint":"/v1/chat/completions","errors":null,"input_file_id":"file_2601271437273433781560518","completion_window":"","status":"queuing","output_file_id":"","created_at":1769524650,"in_process_at":null,"expires_at":1769611050,"finalizing_at":null,"completed_at":null,"failed_at":null,"expired_at":1769611050,"cancelling_at":null,"cancelled_at":null,"request_counts":{"total":0,"completed":0,"failed":0}}
[INFO] 2026/01/27 14:37:35 logger.go:71: 查询批量任务结果：map[cancelled_at:<nil> cancelling_at:<nil> completed_at:<nil> completion_window:24h created_at:1.769524649e+09 endpoint:/v1/chat/completions errors:<nil> expired_at:1.769611049e+09 expires_at:1.769611049e+09 failed_at:<nil> finalizing_at:<nil> id:batch_2601271437294305960060519 in_process_at:1.769524649e+09 input_file_id:file_2601271437263867484239620 object:spark output_file_id: request_counts:map[completed:13 failed:0 total:50] sid:bat000dec71@dx19bfe2bf5170000572 status:in_progress]
[INFO] 2026/01/27 14:37:35 logger.go:71: 查询批量任务结果：&{ID: Object: Endpoint: InputFileID:file_2601271437263867484239620 CompletionWindow: Status:in_progress OutputFileID: ErrorFileID:<nil> CreatedAt:0 InProgressAt:0 ExpiresAt:0 FinalizingAt:0 CompletedAt:0 FailedAt:0 CancelledAt:0 RequestCounts:{Total:0 Completed:0 Failed:0} Metadata:map[] BatchID:batch_2601271437294305960060519 TotalCount:50 CompletedCount:13 FailedCount:0}
[INFO] 2026/01/27 14:37:35 logger.go:71: 查询批量任务结果：map[cancelled_at:<nil> cancelling_at:<nil> completed_at:<nil> completion_window:24h created_at:1.769524649e+09 endpoint:/v1/chat/completions errors:<nil> expired_at:1.769611049e+09 expires_at:1.769611049e+09 failed_at:<nil> finalizing_at:<nil> id:batch_2601271437295182036360521 in_process_at:1.769524649e+09 input_file_id:file_2601271437265181433960510 object:spark output_file_id: request_counts:map[completed:0 failed:0 total:50] sid:bat000dec72@dx19bfe2bf5630000572 status:in_progress]
[INFO] 2026/01/27 14:37:35 logger.go:71: 查询批量任务结果：&{ID: Object: Endpoint: InputFileID:file_2601271437265181433960510 CompletionWindow: Status:in_progress OutputFileID: ErrorFileID:<nil> CreatedAt:0 InProgressAt:0 ExpiresAt:0 FinalizingAt:0 CompletedAt:0 FailedAt:0 CancelledAt:0 RequestCounts:{Total:0 Completed:0 Failed:0} Metadata:map[] BatchID:batch_2601271437295182036360521 TotalCount:50 CompletedCount:0 FailedCount:0}
[INFO] 2026/01/27 14:37:35 logger.go:71: 查询批量任务结果：map[cancelled_at:<nil> cancelling_at:<nil> completed_at:<nil> completion_window:24h created_at:1.769524649e+09 endpoint:/v1/chat/completions errors:<nil> expired_at:1.769611049e+09 expires_at:1.769611049e+09 failed_at:<nil> finalizing_at:<nil> id:batch_2601271437296035759860523 in_process_at:1.769524649e+09 input_file_id:file_2601271437266136083639622 object:spark output_file_id: request_counts:map[completed:0 failed:0 total:50] sid:bat000d9ad7@dx19bfe2bf5ab0000572 status:in_progress]
[INFO] 2026/01/27 14:37:35 logger.go:71: 查询批量任务结果：&{ID: Object: Endpoint: InputFileID:file_2601271437266136083639622 CompletionWindow: Status:in_progress OutputFileID: ErrorFileID:<nil> CreatedAt:0 InProgressAt:0 ExpiresAt:0 FinalizingAt:0 CompletedAt:0 FailedAt:0 CancelledAt:0 RequestCounts:{Total:0 Completed:0 Failed:0} Metadata:map[] BatchID:batch_2601271437296035759860523 TotalCount:50 CompletedCount:0 FailedCount:0}
[INFO] 2026/01/27 14:37:35 logger.go:71: 查询批量任务结果：map[cancelled_at:<nil> cancelling_at:<nil> completed_at:<nil> completion_window:24h created_at:1.769524649e+09 endpoint:/v1/chat/completions errors:<nil> expired_at:1.769611049e+09 expires_at:1.769611049e+09 failed_at:<nil> finalizing_at:<nil> id:batch_2601271437296801125960525 in_process_at:1.769524649e+09 input_file_id:file_2601271437267207140660512 object:spark output_file_id: request_counts:map[completed:0 failed:0 total:50] sid:bat000dec73@dx19bfe2bf5f50000572 status:in_progress]
[INFO] 2026/01/27 14:37:35 logger.go:71: 查询批量任务结果：&{ID: Object: Endpoint: InputFileID:file_2601271437267207140660512 CompletionWindow: Status:in_progress OutputFileID: ErrorFileID:<nil> CreatedAt:0 InProgressAt:0 ExpiresAt:0 FinalizingAt:0 CompletedAt:0 FailedAt:0 CancelledAt:0 RequestCounts:{Total:0 Completed:0 Failed:0} Metadata:map[] BatchID:batch_2601271437296801125960525 TotalCount:50 CompletedCount:0 FailedCount:0}
[INFO] 2026/01/27 14:37:35 logger.go:71: 查询批量任务结果：map[cancelled_at:<nil> cancelling_at:<nil> completed_at:<nil> completion_window:24h created_at:1.769524649e+09 endpoint:/v1/chat/completions errors:<nil> expired_at:1.769611049e+09 expires_at:1.769611049e+09 failed_at:<nil> finalizing_at:<nil> id:batch_2601271437297563553539629 in_process_at:1.769524649e+09 input_file_id:file_2601271437268218054539624 object:spark output_file_id: request_counts:map[completed:0 failed:0 total:50] sid:bat000dec74@dx19bfe2bf6470000572 status:in_progress]
[INFO] 2026/01/27 14:37:35 logger.go:71: 查询批量任务结果：&{ID: Object: Endpoint: InputFileID:file_2601271437268218054539624 CompletionWindow: Status:in_progress OutputFileID: ErrorFileID:<nil> CreatedAt:0 InProgressAt:0 ExpiresAt:0 FinalizingAt:0 CompletedAt:0 FailedAt:0 CancelledAt:0 RequestCounts:{Total:0 Completed:0 Failed:0} Metadata:map[] BatchID:batch_2601271437297563553539629 TotalCount:50 CompletedCount:0 FailedCount:0}
[INFO] 2026/01/27 14:37:35 logger.go:71: 查询批量任务结果：map[cancelled_at:<nil> cancelling_at:<nil> completed_at:<nil> completion_window:24h created_at:1.769524649e+09 endpoint:/v1/chat/completions errors:<nil> expired_at:1.769611049e+09 expires_at:1.769611049e+09 failed_at:<nil> finalizing_at:<nil> id:batch_2601271437298336628039631 in_process_at:1.769524649e+09 input_file_id:file_2601271437269237987139626 object:spark output_file_id: request_counts:map[completed:0 failed:0 total:50] sid:bat000dec75@dx19bfe2bf69b0000572 status:in_progress]
[INFO] 2026/01/27 14:37:35 logger.go:71: 查询批量任务结果：&{ID: Object: Endpoint: InputFileID:file_2601271437269237987139626 CompletionWindow: Status:in_progress OutputFileID: ErrorFileID:<nil> CreatedAt:0 InProgressAt:0 ExpiresAt:0 FinalizingAt:0 CompletedAt:0 FailedAt:0 CancelledAt:0 RequestCounts:{Total:0 Completed:0 Failed:0} Metadata:map[] BatchID:batch_2601271437298336628039631 TotalCount:50 CompletedCount:0 FailedCount:0}
[INFO] 2026/01/27 14:37:35 logger.go:71: 查询批量任务结果：map[cancelled_at:<nil> cancelling_at:<nil> completed_at:<nil> completion_window:24h created_at:1.769524649e+09 endpoint:/v1/chat/completions errors:<nil> expired_at:1.769611049e+09 expires_at:1.769611049e+09 failed_at:<nil> finalizing_at:<nil> id:batch_2601271437299793491460527 in_process_at:1.769524649e+09 input_file_id:file_2601271437270362743539628 object:spark output_file_id: request_counts:map[completed:0 failed:0 total:50] sid:bat000dec76@dx19bfe2bf6ee0000572 status:in_progress]
[INFO] 2026/01/27 14:37:35 logger.go:71: 查询批量任务结果：&{ID: Object: Endpoint: InputFileID:file_2601271437270362743539628 CompletionWindow: Status:in_progress OutputFileID: ErrorFileID:<nil> CreatedAt:0 InProgressAt:0 ExpiresAt:0 FinalizingAt:0 CompletedAt:0 FailedAt:0 CancelledAt:0 RequestCounts:{Total:0 Completed:0 Failed:0} Metadata:map[] BatchID:batch_2601271437299793491460527 TotalCount:50 CompletedCount:0 FailedCount:0}
[INFO] 2026/01/27 14:37:35 logger.go:71: 查询批量任务结果：map[cancelled_at:<nil> cancelling_at:<nil> completed_at:<nil> completion_window:24h created_at:1.76952465e+09 endpoint:/v1/chat/completions errors:<nil> expired_at:1.76961105e+09 expires_at:1.76961105e+09 failed_at:<nil> finalizing_at:<nil> id:batch_2601271437300616387039633 in_process_at:1.76952465e+09 input_file_id:file_2601271437271321801860514 object:spark output_file_id: request_counts:map[completed:0 failed:0 total:50] sid:bat000dec77@dx19bfe2bf7390000572 status:in_progress]
[INFO] 2026/01/27 14:37:35 logger.go:71: 查询批量任务结果：&{ID: Object: Endpoint: InputFileID:file_2601271437271321801860514 CompletionWindow: Status:in_progress OutputFileID: ErrorFileID:<nil> CreatedAt:0 InProgressAt:0 ExpiresAt:0 FinalizingAt:0 CompletedAt:0 FailedAt:0 CancelledAt:0 RequestCounts:{Total:0 Completed:0 Failed:0} Metadata:map[] BatchID:batch_2601271437300616387039633 TotalCount:50 CompletedCount:0 FailedCount:0}
[INFO] 2026/01/27 14:37:35 logger.go:71: 查询批量任务结果：map[cancelled_at:<nil> cancelling_at:<nil> completed_at:<nil> completion_window:24h created_at:1.76952465e+09 endpoint:/v1/chat/completions errors:<nil> expired_at:1.76961105e+09 expires_at:1.76961105e+09 failed_at:<nil> finalizing_at:<nil> id:batch_2601271437301485741539635 in_process_at:1.76952465e+09 input_file_id:file_2601271437272346589160516 object:spark output_file_id: request_counts:map[completed:0 failed:0 total:50] sid:bat000dec78@dx19bfe2bf7820000572 status:in_progress]
[INFO] 2026/01/27 14:37:35 logger.go:71: 查询批量任务结果：&{ID: Object: Endpoint: InputFileID:file_2601271437272346589160516 CompletionWindow: Status:in_progress OutputFileID: ErrorFileID:<nil> CreatedAt:0 InProgressAt:0 ExpiresAt:0 FinalizingAt:0 CompletedAt:0 FailedAt:0 CancelledAt:0 RequestCounts:{Total:0 Completed:0 Failed:0} Metadata:map[] BatchID:batch_2601271437301485741539635 TotalCount:50 CompletedCount:0 FailedCount:0}
[INFO] 2026/01/27 14:37:35 logger.go:71: 查询批量任务结果：map[cancelled_at:<nil> cancelling_at:<nil> completed_at:<nil> completion_window:24h created_at:1.76952465e+09 endpoint:/v1/chat/completions errors:<nil> expired_at:1.76961105e+09 expires_at:1.76961105e+09 failed_at:<nil> finalizing_at:<nil> id:batch_2601271437302283550339637 in_process_at:1.76952465e+09 input_file_id:file_2601271437273433781560518 object:spark output_file_id: request_counts:map[completed:0 failed:0 total:50] sid:bat000dec79@dx19bfe2bf7cb0000572 status:in_progress]
[INFO] 2026/01/27 14:37:35 logger.go:71: 查询批量任务结果：&{ID: Object: Endpoint: InputFileID:file_2601271437273433781560518 CompletionWindow: Status:in_progress OutputFileID: ErrorFileID:<nil> CreatedAt:0 InProgressAt:0 ExpiresAt:0 FinalizingAt:0 CompletedAt:0 FailedAt:0 CancelledAt:0 RequestCounts:{Total:0 Completed:0 Failed:0} Metadata:map[] BatchID:batch_2601271437302283550339637 TotalCount:50 CompletedCount:0 FailedCount:0}
[INFO] 2026/01/27 14:37:37 logger.go:71: 查询批量任务结果：map[cancelled_at:<nil> cancelling_at:<nil> completed_at:<nil> completion_window:24h created_at:1.769524649e+09 endpoint:/v1/chat/completions errors:<nil> expired_at:1.769611049e+09 expires_at:1.769611049e+09 failed_at:<nil> finalizing_at:<nil> id:batch_2601271437294305960060519 in_process_at:1.769524649e+09 input_file_id:file_2601271437263867484239620 object:spark output_file_id: request_counts:map[completed:16 failed:0 total:50] sid:bat000dec7a@dx19bfe2bffe80000572 status:in_progress]
[INFO] 2026/01/27 14:37:37 logger.go:71: 查询批量任务结果：&{ID: Object: Endpoint: InputFileID:file_2601271437263867484239620 CompletionWindow: Status:in_progress OutputFileID: ErrorFileID:<nil> CreatedAt:0 InProgressAt:0 ExpiresAt:0 FinalizingAt:0 CompletedAt:0 FailedAt:0 CancelledAt:0 RequestCounts:{Total:0 Completed:0 Failed:0} Metadata:map[] BatchID:batch_2601271437294305960060519 TotalCount:50 CompletedCount:16 FailedCount:0}
[INFO] 2026/01/27 14:37:38 logger.go:71: 查询批量任务结果：map[cancelled_at:<nil> cancelling_at:<nil> completed_at:<nil> completion_window:24h created_at:1.769524649e+09 endpoint:/v1/chat/completions errors:<nil> expired_at:1.769611049e+09 expires_at:1.769611049e+09 failed_at:<nil> finalizing_at:<nil> id:batch_2601271437295182036360521 in_process_at:1.769524649e+09 input_file_id:file_2601271437265181433960510 object:spark output_file_id: request_counts:map[completed:0 failed:0 total:50] sid:bat000d9ad8@dx19bfe2c004d0000572 status:in_progress]
[INFO] 2026/01/27 14:37:38 logger.go:71: 查询批量任务结果：&{ID: Object: Endpoint: InputFileID:file_2601271437265181433960510 CompletionWindow: Status:in_progress OutputFileID: ErrorFileID:<nil> CreatedAt:0 InProgressAt:0 ExpiresAt:0 FinalizingAt:0 CompletedAt:0 FailedAt:0 CancelledAt:0 RequestCounts:{Total:0 Completed:0 Failed:0} Metadata:map[] BatchID:batch_2601271437295182036360521 TotalCount:50 CompletedCount:0 FailedCount:0}
[INFO] 2026/01/27 14:37:38 logger.go:71: 查询批量任务结果：map[cancelled_at:<nil> cancelling_at:<nil> completed_at:<nil> completion_window:24h created_at:1.769524649e+09 endpoint:/v1/chat/completions errors:<nil> expired_at:1.769611049e+09 expires_at:1.769611049e+09 failed_at:<nil> finalizing_at:<nil> id:batch_2601271437296035759860523 in_process_at:1.769524649e+09 input_file_id:file_2601271437266136083639622 object:spark output_file_id: request_counts:map[completed:0 failed:0 total:50] sid:bat000d9ad9@dx19bfe2c009d0000572 status:in_progress]
[INFO] 2026/01/27 14:37:38 logger.go:71: 查询批量任务结果：&{ID: Object: Endpoint: InputFileID:file_2601271437266136083639622 CompletionWindow: Status:in_progress OutputFileID: ErrorFileID:<nil> CreatedAt:0 InProgressAt:0 ExpiresAt:0 FinalizingAt:0 CompletedAt:0 FailedAt:0 CancelledAt:0 RequestCounts:{Total:0 Completed:0 Failed:0} Metadata:map[] BatchID:batch_2601271437296035759860523 TotalCount:50 CompletedCount:0 FailedCount:0}
[INFO] 2026/01/27 14:37:38 logger.go:71: 查询批量任务结果：map[cancelled_at:<nil> cancelling_at:<nil> completed_at:<nil> completion_window:24h created_at:1.769524649e+09 endpoint:/v1/chat/completions errors:<nil> expired_at:1.769611049e+09 expires_at:1.769611049e+09 failed_at:<nil> finalizing_at:<nil> id:batch_2601271437296801125960525 in_process_at:1.769524649e+09 input_file_id:file_2601271437267207140660512 object:spark output_file_id: request_counts:map[completed:0 failed:0 total:50] sid:bat000dec7b@dx19bfe2c00e80000572 status:in_progress]
[INFO] 2026/01/27 14:37:38 logger.go:71: 查询批量任务结果：&{ID: Object: Endpoint: InputFileID:file_2601271437267207140660512 CompletionWindow: Status:in_progress OutputFileID: ErrorFileID:<nil> CreatedAt:0 InProgressAt:0 ExpiresAt:0 FinalizingAt:0 CompletedAt:0 FailedAt:0 CancelledAt:0 RequestCounts:{Total:0 Completed:0 Failed:0} Metadata:map[] BatchID:batch_2601271437296801125960525 TotalCount:50 CompletedCount:0 FailedCount:0}
[INFO] 2026/01/27 14:37:38 logger.go:71: 查询批量任务结果：map[cancelled_at:<nil> cancelling_at:<nil> completed_at:<nil> completion_window:24h created_at:1.769524649e+09 endpoint:/v1/chat/completions errors:<nil> expired_at:1.769611049e+09 expires_at:1.769611049e+09 failed_at:<nil> finalizing_at:<nil> id:batch_2601271437297563553539629 in_process_at:1.769524649e+09 input_file_id:file_2601271437268218054539624 object:spark output_file_id: request_counts:map[completed:0 failed:0 total:50] sid:bat000d9ada@dx19bfe2c01320000572 status:in_progress]
[INFO] 2026/01/27 14:37:38 logger.go:71: 查询批量任务结果：&{ID: Object: Endpoint: InputFileID:file_2601271437268218054539624 CompletionWindow: Status:in_progress OutputFileID: ErrorFileID:<nil> CreatedAt:0 InProgressAt:0 ExpiresAt:0 FinalizingAt:0 CompletedAt:0 FailedAt:0 CancelledAt:0 RequestCounts:{Total:0 Completed:0 Failed:0} Metadata:map[] BatchID:batch_2601271437297563553539629 TotalCount:50 CompletedCount:0 FailedCount:0}
[INFO] 2026/01/27 14:37:38 logger.go:71: 查询批量任务结果：map[cancelled_at:<nil> cancelling_at:<nil> completed_at:<nil> completion_window:24h created_at:1.769524649e+09 endpoint:/v1/chat/completions errors:<nil> expired_at:1.769611049e+09 expires_at:1.769611049e+09 failed_at:<nil> finalizing_at:<nil> id:batch_2601271437298336628039631 in_process_at:1.769524649e+09 input_file_id:file_2601271437269237987139626 object:spark output_file_id: request_counts:map[completed:0 failed:0 total:50] sid:bat000d9adb@dx19bfe2c017e0000572 status:in_progress]
[INFO] 2026/01/27 14:37:38 logger.go:71: 查询批量任务结果：&{ID: Object: Endpoint: InputFileID:file_2601271437269237987139626 CompletionWindow: Status:in_progress OutputFileID: ErrorFileID:<nil> CreatedAt:0 InProgressAt:0 ExpiresAt:0 FinalizingAt:0 CompletedAt:0 FailedAt:0 CancelledAt:0 RequestCounts:{Total:0 Completed:0 Failed:0} Metadata:map[] BatchID:batch_2601271437298336628039631 TotalCount:50 CompletedCount:0 FailedCount:0}
[INFO] 2026/01/27 14:37:38 logger.go:71: 查询批量任务结果：map[cancelled_at:<nil> cancelling_at:<nil> completed_at:<nil> completion_window:24h created_at:1.769524649e+09 endpoint:/v1/chat/completions errors:<nil> expired_at:1.769611049e+09 expires_at:1.769611049e+09 failed_at:<nil> finalizing_at:<nil> id:batch_2601271437299793491460527 in_process_at:1.769524649e+09 input_file_id:file_2601271437270362743539628 object:spark output_file_id: request_counts:map[completed:0 failed:0 total:50] sid:bat000dec7c@dx19bfe2c01ca0000572 status:in_progress]
[INFO] 2026/01/27 14:37:38 logger.go:71: 查询批量任务结果：&{ID: Object: Endpoint: InputFileID:file_2601271437270362743539628 CompletionWindow: Status:in_progress OutputFileID: ErrorFileID:<nil> CreatedAt:0 InProgressAt:0 ExpiresAt:0 FinalizingAt:0 CompletedAt:0 FailedAt:0 CancelledAt:0 RequestCounts:{Total:0 Completed:0 Failed:0} Metadata:map[] BatchID:batch_2601271437299793491460527 TotalCount:50 CompletedCount:0 FailedCount:0}
[INFO] 2026/01/27 14:37:38 logger.go:71: 查询批量任务结果：map[cancelled_at:<nil> cancelling_at:<nil> completed_at:<nil> completion_window:24h created_at:1.76952465e+09 endpoint:/v1/chat/completions errors:<nil> expired_at:1.76961105e+09 expires_at:1.76961105e+09 failed_at:<nil> finalizing_at:<nil> id:batch_2601271437300616387039633 in_process_at:1.76952465e+09 input_file_id:file_2601271437271321801860514 object:spark output_file_id: request_counts:map[completed:0 failed:0 total:50] sid:bat000d9adc@dx19bfe2c021a0000572 status:in_progress]
[INFO] 2026/01/27 14:37:38 logger.go:71: 查询批量任务结果：&{ID: Object: Endpoint: InputFileID:file_2601271437271321801860514 CompletionWindow: Status:in_progress OutputFileID: ErrorFileID:<nil> CreatedAt:0 InProgressAt:0 ExpiresAt:0 FinalizingAt:0 CompletedAt:0 FailedAt:0 CancelledAt:0 RequestCounts:{Total:0 Completed:0 Failed:0} Metadata:map[] BatchID:batch_2601271437300616387039633 TotalCount:50 CompletedCount:0 FailedCount:0}
[INFO] 2026/01/27 14:37:38 logger.go:71: 查询批量任务结果：map[cancelled_at:<nil> cancelling_at:<nil> completed_at:<nil> completion_window:24h created_at:1.76952465e+09 endpoint:/v1/chat/completions errors:<nil> expired_at:1.76961105e+09 expires_at:1.76961105e+09 failed_at:<nil> finalizing_at:<nil> id:batch_2601271437301485741539635 in_process_at:1.76952465e+09 input_file_id:file_2601271437272346589160516 object:spark output_file_id: request_counts:map[completed:0 failed:0 total:50] sid:bat000d9add@dx19bfe2c02680000572 status:in_progress]
[INFO] 2026/01/27 14:37:38 logger.go:71: 查询批量任务结果：&{ID: Object: Endpoint: InputFileID:file_2601271437272346589160516 CompletionWindow: Status:in_progress OutputFileID: ErrorFileID:<nil> CreatedAt:0 InProgressAt:0 ExpiresAt:0 FinalizingAt:0 CompletedAt:0 FailedAt:0 CancelledAt:0 RequestCounts:{Total:0 Completed:0 Failed:0} Metadata:map[] BatchID:batch_2601271437301485741539635 TotalCount:50 CompletedCount:0 FailedCount:0}
[INFO] 2026/01/27 14:37:38 logger.go:71: 查询批量任务结果：map[cancelled_at:<nil> cancelling_at:<nil> completed_at:<nil> completion_window:24h created_at:1.76952465e+09 endpoint:/v1/chat/completions errors:<nil> expired_at:1.76961105e+09 expires_at:1.76961105e+09 failed_at:<nil> finalizing_at:<nil> id:batch_2601271437302283550339637 in_process_at:1.76952465e+09 input_file_id:file_2601271437273433781560518 object:spark output_file_id: request_counts:map[completed:0 failed:0 total:50] sid:bat000d9ade@dx19bfe2c02b80000572 status:in_progress]
[INFO] 2026/01/27 14:37:38 logger.go:71: 查询批量任务结果：&{ID: Object: Endpoint: InputFileID:file_2601271437273433781560518 CompletionWindow: Status:in_progress OutputFileID: ErrorFileID:<nil> CreatedAt:0 InProgressAt:0 ExpiresAt:0 FinalizingAt:0 CompletedAt:0 FailedAt:0 CancelledAt:0 RequestCounts:{Total:0 Completed:0 Failed:0} Metadata:map[] BatchID:batch_2601271437302283550339637 TotalCount:50 CompletedCount:0 FailedCount:0}
[INFO] 2026/01/27 14:37:40 logger.go:71: 查询批量任务结果：map[cancelled_at:<nil> cancelling_at:<nil> completed_at:<nil> completion_window:24h created_at:1.769524649e+09 endpoint:/v1/chat/completions errors:<nil> expired_at:1.769611049e+09 expires_at:1.769611049e+09 failed_at:<nil> finalizing_at:<nil> id:batch_2601271437294305960060519 in_process_at:1.769524649e+09 input_file_id:file_2601271437263867484239620 object:spark output_file_id: request_counts:map[completed:16 failed:0 total:50] sid:bat000d9adf@dx19bfe2c0ae50000572 status:in_progress]
[INFO] 2026/01/27 14:37:40 logger.go:71: 查询批量任务结果：&{ID: Object: Endpoint: InputFileID:file_2601271437263867484239620 CompletionWindow: Status:in_progress OutputFileID: ErrorFileID:<nil> CreatedAt:0 InProgressAt:0 ExpiresAt:0 FinalizingAt:0 CompletedAt:0 FailedAt:0 CancelledAt:0 RequestCounts:{Total:0 Completed:0 Failed:0} Metadata:map[] BatchID:batch_2601271437294305960060519 TotalCount:50 CompletedCount:16 FailedCount:0}
[INFO] 2026/01/27 14:37:40 logger.go:71: 查询批量任务结果：map[cancelled_at:<nil> cancelling_at:<nil> completed_at:<nil> completion_window:24h created_at:1.769524649e+09 endpoint:/v1/chat/completions errors:<nil> expired_at:1.769611049e+09 expires_at:1.769611049e+09 failed_at:<nil> finalizing_at:<nil> id:batch_2601271437295182036360521 in_process_at:1.769524649e+09 input_file_id:file_2601271437265181433960510 object:spark output_file_id: request_counts:map[completed:0 failed:0 total:50] sid:bat000d9ae0@dx19bfe2c0b510000572 status:in_progress]
[INFO] 2026/01/27 14:37:40 logger.go:71: 查询批量任务结果：&{ID: Object: Endpoint: InputFileID:file_2601271437265181433960510 CompletionWindow: Status:in_progress OutputFileID: ErrorFileID:<nil> CreatedAt:0 InProgressAt:0 ExpiresAt:0 FinalizingAt:0 CompletedAt:0 FailedAt:0 CancelledAt:0 RequestCounts:{Total:0 Completed:0 Failed:0} Metadata:map[] BatchID:batch_2601271437295182036360521 TotalCount:50 CompletedCount:0 FailedCount:0}
[INFO] 2026/01/27 14:37:40 logger.go:71: 查询批量任务结果：map[cancelled_at:<nil> cancelling_at:<nil> completed_at:<nil> completion_window:24h created_at:1.769524649e+09 endpoint:/v1/chat/completions errors:<nil> expired_at:1.769611049e+09 expires_at:1.769611049e+09 failed_at:<nil> finalizing_at:<nil> id:batch_2601271437296035759860523 in_process_at:1.769524649e+09 input_file_id:file_2601271437266136083639622 object:spark output_file_id: request_counts:map[completed:0 failed:0 total:50] sid:bat000d9ae1@dx19bfe2c0b9f0000572 status:in_progress]
[INFO] 2026/01/27 14:37:40 logger.go:71: 查询批量任务结果：&{ID: Object: Endpoint: InputFileID:file_2601271437266136083639622 CompletionWindow: Status:in_progress OutputFileID: ErrorFileID:<nil> CreatedAt:0 InProgressAt:0 ExpiresAt:0 FinalizingAt:0 CompletedAt:0 FailedAt:0 CancelledAt:0 RequestCounts:{Total:0 Completed:0 Failed:0} Metadata:map[] BatchID:batch_2601271437296035759860523 TotalCount:50 CompletedCount:0 FailedCount:0}
[INFO] 2026/01/27 14:37:41 logger.go:71: 查询批量任务结果：map[cancelled_at:<nil> cancelling_at:<nil> completed_at:<nil> completion_window:24h created_at:1.769524649e+09 endpoint:/v1/chat/completions errors:<nil> expired_at:1.769611049e+09 expires_at:1.769611049e+09 failed_at:<nil> finalizing_at:<nil> id:batch_2601271437296801125960525 in_process_at:1.769524649e+09 input_file_id:file_2601271437267207140660512 object:spark output_file_id: request_counts:map[completed:0 failed:0 total:50] sid:bat000dec83@dx19bfe2c0be90000572 status:in_progress]
[INFO] 2026/01/27 14:37:41 logger.go:71: 查询批量任务结果：&{ID: Object: Endpoint: InputFileID:file_2601271437267207140660512 CompletionWindow: Status:in_progress OutputFileID: ErrorFileID:<nil> CreatedAt:0 InProgressAt:0 ExpiresAt:0 FinalizingAt:0 CompletedAt:0 FailedAt:0 CancelledAt:0 RequestCounts:{Total:0 Completed:0 Failed:0} Metadata:map[] BatchID:batch_2601271437296801125960525 TotalCount:50 CompletedCount:0 FailedCount:0}
[INFO] 2026/01/27 14:37:41 logger.go:71: 查询批量任务结果：map[cancelled_at:<nil> cancelling_at:<nil> completed_at:<nil> completion_window:24h created_at:1.769524649e+09 endpoint:/v1/chat/completions errors:<nil> expired_at:1.769611049e+09 expires_at:1.769611049e+09 failed_at:<nil> finalizing_at:<nil> id:batch_2601271437297563553539629 in_process_at:1.769524649e+09 input_file_id:file_2601271437268218054539624 object:spark output_file_id: request_counts:map[completed:0 failed:0 total:50] sid:bat000d9ae2@dx19bfe2c0c310000572 status:in_progress]
[INFO] 2026/01/27 14:37:41 logger.go:71: 查询批量任务结果：&{ID: Object: Endpoint: InputFileID:file_2601271437268218054539624 CompletionWindow: Status:in_progress OutputFileID: ErrorFileID:<nil> CreatedAt:0 InProgressAt:0 ExpiresAt:0 FinalizingAt:0 CompletedAt:0 FailedAt:0 CancelledAt:0 RequestCounts:{Total:0 Completed:0 Failed:0} Metadata:map[] BatchID:batch_2601271437297563553539629 TotalCount:50 CompletedCount:0 FailedCount:0}
[INFO] 2026/01/27 14:37:41 logger.go:71: 查询批量任务结果：map[cancelled_at:<nil> cancelling_at:<nil> completed_at:<nil> completion_window:24h created_at:1.769524649e+09 endpoint:/v1/chat/completions errors:<nil> expired_at:1.769611049e+09 expires_at:1.769611049e+09 failed_at:<nil> finalizing_at:<nil> id:batch_2601271437298336628039631 in_process_at:1.769524649e+09 input_file_id:file_2601271437269237987139626 object:spark output_file_id: request_counts:map[completed:0 failed:0 total:50] sid:bat000d9ae3@dx19bfe2c0c7d0000572 status:in_progress]
[INFO] 2026/01/27 14:37:41 logger.go:71: 查询批量任务结果：&{ID: Object: Endpoint: InputFileID:file_2601271437269237987139626 CompletionWindow: Status:in_progress OutputFileID: ErrorFileID:<nil> CreatedAt:0 InProgressAt:0 ExpiresAt:0 FinalizingAt:0 CompletedAt:0 FailedAt:0 CancelledAt:0 RequestCounts:{Total:0 Completed:0 Failed:0} Metadata:map[] BatchID:batch_2601271437298336628039631 TotalCount:50 CompletedCount:0 FailedCount:0}
[INFO] 2026/01/27 14:37:41 logger.go:71: 查询批量任务结果：map[cancelled_at:<nil> cancelling_at:<nil> completed_at:<nil> completion_window:24h created_at:1.769524649e+09 endpoint:/v1/chat/completions errors:<nil> expired_at:1.769611049e+09 expires_at:1.769611049e+09 failed_at:<nil> finalizing_at:<nil> id:batch_2601271437299793491460527 in_process_at:1.769524649e+09 input_file_id:file_2601271437270362743539628 object:spark output_file_id: request_counts:map[completed:0 failed:0 total:50] sid:bat000dec84@dx19bfe2c0cc30000572 status:in_progress]
[INFO] 2026/01/27 14:37:41 logger.go:71: 查询批量任务结果：&{ID: Object: Endpoint: InputFileID:file_2601271437270362743539628 CompletionWindow: Status:in_progress OutputFileID: ErrorFileID:<nil> CreatedAt:0 InProgressAt:0 ExpiresAt:0 FinalizingAt:0 CompletedAt:0 FailedAt:0 CancelledAt:0 RequestCounts:{Total:0 Completed:0 Failed:0} Metadata:map[] BatchID:batch_2601271437299793491460527 TotalCount:50 CompletedCount:0 FailedCount:0}
[INFO] 2026/01/27 14:37:41 logger.go:71: 查询批量任务结果：map[cancelled_at:<nil> cancelling_at:<nil> completed_at:<nil> completion_window:24h created_at:1.76952465e+09 endpoint:/v1/chat/completions errors:<nil> expired_at:1.76961105e+09 expires_at:1.76961105e+09 failed_at:<nil> finalizing_at:<nil> id:batch_2601271437300616387039633 in_process_at:1.76952465e+09 input_file_id:file_2601271437271321801860514 object:spark output_file_id: request_counts:map[completed:0 failed:0 total:50] sid:bat000d9ae4@dx19bfe2c0d1c0000572 status:in_progress]
[INFO] 2026/01/27 14:37:41 logger.go:71: 查询批量任务结果：&{ID: Object: Endpoint: InputFileID:file_2601271437271321801860514 CompletionWindow: Status:in_progress OutputFileID: ErrorFileID:<nil> CreatedAt:0 InProgressAt:0 ExpiresAt:0 FinalizingAt:0 CompletedAt:0 FailedAt:0 CancelledAt:0 RequestCounts:{Total:0 Completed:0 Failed:0} Metadata:map[] BatchID:batch_2601271437300616387039633 TotalCount:50 CompletedCount:0 FailedCount:0}
[INFO] 2026/01/27 14:37:41 logger.go:71: 查询批量任务结果：map[cancelled_at:<nil> cancelling_at:<nil> completed_at:<nil> completion_window:24h created_at:1.76952465e+09 endpoint:/v1/chat/completions errors:<nil> expired_at:1.76961105e+09 expires_at:1.76961105e+09 failed_at:<nil> finalizing_at:<nil> id:batch_2601271437301485741539635 in_process_at:1.76952465e+09 input_file_id:file_2601271437272346589160516 object:spark output_file_id: request_counts:map[completed:0 failed:0 total:50] sid:bat000dec85@dx19bfe2c0d670000572 status:in_progress]
[INFO] 2026/01/27 14:37:41 logger.go:71: 查询批量任务结果：&{ID: Object: Endpoint: InputFileID:file_2601271437272346589160516 CompletionWindow: Status:in_progress OutputFileID: ErrorFileID:<nil> CreatedAt:0 InProgressAt:0 ExpiresAt:0 FinalizingAt:0 CompletedAt:0 FailedAt:0 CancelledAt:0 RequestCounts:{Total:0 Completed:0 Failed:0} Metadata:map[] BatchID:batch_2601271437301485741539635 TotalCount:50 CompletedCount:0 FailedCount:0}
[INFO] 2026/01/27 14:37:41 logger.go:71: 查询批量任务结果：map[cancelled_at:<nil> cancelling_at:<nil> completed_at:<nil> completion_window:24h created_at:1.76952465e+09 endpoint:/v1/chat/completions errors:<nil> expired_at:1.76961105e+09 expires_at:1.76961105e+09 failed_at:<nil> finalizing_at:<nil> id:batch_2601271437302283550339637 in_process_at:1.76952465e+09 input_file_id:file_2601271437273433781560518 object:spark output_file_id: request_counts:map[completed:0 failed:0 total:50] sid:bat000dec86@dx19bfe2c0da80000572 status:in_progress]
[INFO] 2026/01/27 14:37:41 logger.go:71: 查询批量任务结果：&{ID: Object: Endpoint: InputFileID:file_2601271437273433781560518 CompletionWindow: Status:in_progress OutputFileID: ErrorFileID:<nil> CreatedAt:0 InProgressAt:0 ExpiresAt:0 FinalizingAt:0 CompletedAt:0 FailedAt:0 CancelledAt:0 RequestCounts:{Total:0 Completed:0 Failed:0} Metadata:map[] BatchID:batch_2601271437302283550339637 TotalCount:50 CompletedCount:0 FailedCount:0}
[INFO] 2026/01/27 14:37:43 logger.go:71: 查询批量任务结果：map[cancelled_at:<nil> cancelling_at:<nil> completed_at:<nil> completion_window:24h created_at:1.769524649e+09 endpoint:/v1/chat/completions errors:<nil> expired_at:1.769611049e+09 expires_at:1.769611049e+09 failed_at:<nil> finalizing_at:<nil> id:batch_2601271437294305960060519 in_process_at:1.769524649e+09 input_file_id:file_2601271437263867484239620 object:spark output_file_id: request_counts:map[completed:16 failed:0 total:50] sid:bat000d9ae5@dx19bfe2c15c70000572 status:in_progress]
[INFO] 2026/01/27 14:37:43 logger.go:71: 查询批量任务结果：&{ID: Object: Endpoint: InputFileID:file_2601271437263867484239620 CompletionWindow: Status:in_progress OutputFileID: ErrorFileID:<nil> CreatedAt:0 InProgressAt:0 ExpiresAt:0 FinalizingAt:0 CompletedAt:0 FailedAt:0 CancelledAt:0 RequestCounts:{Total:0 Completed:0 Failed:0} Metadata:map[] BatchID:batch_2601271437294305960060519 TotalCount:50 CompletedCount:16 FailedCount:0}
[INFO] 2026/01/27 14:37:43 logger.go:71: 查询批量任务结果：map[cancelled_at:<nil> cancelling_at:<nil> completed_at:<nil> completion_window:24h created_at:1.769524649e+09 endpoint:/v1/chat/completions errors:<nil> expired_at:1.769611049e+09 expires_at:1.769611049e+09 failed_at:<nil> finalizing_at:<nil> id:batch_2601271437295182036360521 in_process_at:1.769524649e+09 input_file_id:file_2601271437265181433960510 object:spark output_file_id: request_counts:map[completed:0 failed:0 total:50] sid:bat000d9ae6@dx19bfe2c16100000572 status:in_progress]
[INFO] 2026/01/27 14:37:43 logger.go:71: 查询批量任务结果：&{ID: Object: Endpoint: InputFileID:file_2601271437265181433960510 CompletionWindow: Status:in_progress OutputFileID: ErrorFileID:<nil> CreatedAt:0 InProgressAt:0 ExpiresAt:0 FinalizingAt:0 CompletedAt:0 FailedAt:0 CancelledAt:0 RequestCounts:{Total:0 Completed:0 Failed:0} Metadata:map[] BatchID:batch_2601271437295182036360521 TotalCount:50 CompletedCount:0 FailedCount:0}
[INFO] 2026/01/27 14:37:43 logger.go:71: 查询批量任务结果：map[cancelled_at:<nil> cancelling_at:<nil> completed_at:<nil> completion_window:24h created_at:1.769524649e+09 endpoint:/v1/chat/completions errors:<nil> expired_at:1.769611049e+09 expires_at:1.769611049e+09 failed_at:<nil> finalizing_at:<nil> id:batch_2601271437296035759860523 in_process_at:1.769524649e+09 input_file_id:file_2601271437266136083639622 object:spark output_file_id: request_counts:map[completed:0 failed:0 total:50] sid:bat000d9ae7@dx19bfe2c16560000572 status:in_progress]
[INFO] 2026/01/27 14:37:43 logger.go:71: 查询批量任务结果：&{ID: Object: Endpoint: InputFileID:file_2601271437266136083639622 CompletionWindow: Status:in_progress OutputFileID: ErrorFileID:<nil> CreatedAt:0 InProgressAt:0 ExpiresAt:0 FinalizingAt:0 CompletedAt:0 FailedAt:0 CancelledAt:0 RequestCounts:{Total:0 Completed:0 Failed:0} Metadata:map[] BatchID:batch_2601271437296035759860523 TotalCount:50 CompletedCount:0 FailedCount:0}
[INFO] 2026/01/27 14:37:43 logger.go:71: 查询批量任务结果：map[cancelled_at:<nil> cancelling_at:<nil> completed_at:<nil> completion_window:24h created_at:1.769524649e+09 endpoint:/v1/chat/completions errors:<nil> expired_at:1.769611049e+09 expires_at:1.769611049e+09 failed_at:<nil> finalizing_at:<nil> id:batch_2601271437296801125960525 in_process_at:1.769524649e+09 input_file_id:file_2601271437267207140660512 object:spark output_file_id: request_counts:map[completed:0 failed:0 total:50] sid:bat000dec87@dx19bfe2c16a60000572 status:in_progress]
[INFO] 2026/01/27 14:37:43 logger.go:71: 查询批量任务结果：&{ID: Object: Endpoint: InputFileID:file_2601271437267207140660512 CompletionWindow: Status:in_progress OutputFileID: ErrorFileID:<nil> CreatedAt:0 InProgressAt:0 ExpiresAt:0 FinalizingAt:0 CompletedAt:0 FailedAt:0 CancelledAt:0 RequestCounts:{Total:0 Completed:0 Failed:0} Metadata:map[] BatchID:batch_2601271437296801125960525 TotalCount:50 CompletedCount:0 FailedCount:0}
[INFO] 2026/01/27 14:37:43 logger.go:71: 查询批量任务结果：map[cancelled_at:<nil> cancelling_at:<nil> completed_at:<nil> completion_window:24h created_at:1.769524649e+09 endpoint:/v1/chat/completions errors:<nil> expired_at:1.769611049e+09 expires_at:1.769611049e+09 failed_at:<nil> finalizing_at:<nil> id:batch_2601271437297563553539629 in_process_at:1.769524649e+09 input_file_id:file_2601271437268218054539624 object:spark output_file_id: request_counts:map[completed:0 failed:0 total:50] sid:bat000d9ae8@dx19bfe2c16f50000572 status:in_progress]
[INFO] 2026/01/27 14:37:43 logger.go:71: 查询批量任务结果：&{ID: Object: Endpoint: InputFileID:file_2601271437268218054539624 CompletionWindow: Status:in_progress OutputFileID: ErrorFileID:<nil> CreatedAt:0 InProgressAt:0 ExpiresAt:0 FinalizingAt:0 CompletedAt:0 FailedAt:0 CancelledAt:0 RequestCounts:{Total:0 Completed:0 Failed:0} Metadata:map[] BatchID:batch_2601271437297563553539629 TotalCount:50 CompletedCount:0 FailedCount:0}
[INFO] 2026/01/27 14:37:43 logger.go:71: 查询批量任务结果：map[cancelled_at:<nil> cancelling_at:<nil> completed_at:<nil> completion_window:24h created_at:1.769524649e+09 endpoint:/v1/chat/completions errors:<nil> expired_at:1.769611049e+09 expires_at:1.769611049e+09 failed_at:<nil> finalizing_at:<nil> id:batch_2601271437298336628039631 in_process_at:1.769524649e+09 input_file_id:file_2601271437269237987139626 object:spark output_file_id: request_counts:map[completed:0 failed:0 total:50] sid:bat000dec89@dx19bfe2c173d0000572 status:in_progress]
[INFO] 2026/01/27 14:37:43 logger.go:71: 查询批量任务结果：&{ID: Object: Endpoint: InputFileID:file_2601271437269237987139626 CompletionWindow: Status:in_progress OutputFileID: ErrorFileID:<nil> CreatedAt:0 InProgressAt:0 ExpiresAt:0 FinalizingAt:0 CompletedAt:0 FailedAt:0 CancelledAt:0 RequestCounts:{Total:0 Completed:0 Failed:0} Metadata:map[] BatchID:batch_2601271437298336628039631 TotalCount:50 CompletedCount:0 FailedCount:0}
[INFO] 2026/01/27 14:37:44 logger.go:71: 查询批量任务结果：map[cancelled_at:<nil> cancelling_at:<nil> completed_at:<nil> completion_window:24h created_at:1.769524649e+09 endpoint:/v1/chat/completions errors:<nil> expired_at:1.769611049e+09 expires_at:1.769611049e+09 failed_at:<nil> finalizing_at:<nil> id:batch_2601271437299793491460527 in_process_at:1.769524649e+09 input_file_id:file_2601271437270362743539628 object:spark output_file_id: request_counts:map[completed:0 failed:0 total:50] sid:bat000dec8a@dx19bfe2c17be0000572 status:in_progress]
[INFO] 2026/01/27 14:37:44 logger.go:71: 查询批量任务结果：&{ID: Object: Endpoint: InputFileID:file_2601271437270362743539628 CompletionWindow: Status:in_progress OutputFileID: ErrorFileID:<nil> CreatedAt:0 InProgressAt:0 ExpiresAt:0 FinalizingAt:0 CompletedAt:0 FailedAt:0 CancelledAt:0 RequestCounts:{Total:0 Completed:0 Failed:0} Metadata:map[] BatchID:batch_2601271437299793491460527 TotalCount:50 CompletedCount:0 FailedCount:0}
[INFO] 2026/01/27 14:37:44 logger.go:71: 查询批量任务结果：map[cancelled_at:<nil> cancelling_at:<nil> completed_at:<nil> completion_window:24h created_at:1.76952465e+09 endpoint:/v1/chat/completions errors:<nil> expired_at:1.76961105e+09 expires_at:1.76961105e+09 failed_at:<nil> finalizing_at:<nil> id:batch_2601271437300616387039633 in_process_at:1.76952465e+09 input_file_id:file_2601271437271321801860514 object:spark output_file_id: request_counts:map[completed:0 failed:0 total:50] sid:bat000dec8b@dx19bfe2c180a0000572 status:in_progress]
[INFO] 2026/01/27 14:37:44 logger.go:71: 查询批量任务结果：&{ID: Object: Endpoint: InputFileID:file_2601271437271321801860514 CompletionWindow: Status:in_progress OutputFileID: ErrorFileID:<nil> CreatedAt:0 InProgressAt:0 ExpiresAt:0 FinalizingAt:0 CompletedAt:0 FailedAt:0 CancelledAt:0 RequestCounts:{Total:0 Completed:0 Failed:0} Metadata:map[] BatchID:batch_2601271437300616387039633 TotalCount:50 CompletedCount:0 FailedCount:0}
[INFO] 2026/01/27 14:37:44 logger.go:71: 查询批量任务结果：map[cancelled_at:<nil> cancelling_at:<nil> completed_at:<nil> completion_window:24h created_at:1.76952465e+09 endpoint:/v1/chat/completions errors:<nil> expired_at:1.76961105e+09 expires_at:1.76961105e+09 failed_at:<nil> finalizing_at:<nil> id:batch_2601271437301485741539635 in_process_at:1.76952465e+09 input_file_id:file_2601271437272346589160516 object:spark output_file_id: request_counts:map[completed:0 failed:0 total:50] sid:bat000dec8c@dx19bfe2c18570000572 status:in_progress]
[INFO] 2026/01/27 14:37:44 logger.go:71: 查询批量任务结果：&{ID: Object: Endpoint: InputFileID:file_2601271437272346589160516 CompletionWindow: Status:in_progress OutputFileID: ErrorFileID:<nil> CreatedAt:0 InProgressAt:0 ExpiresAt:0 FinalizingAt:0 CompletedAt:0 FailedAt:0 CancelledAt:0 RequestCounts:{Total:0 Completed:0 Failed:0} Metadata:map[] BatchID:batch_2601271437301485741539635 TotalCount:50 CompletedCount:0 FailedCount:0}
[INFO] 2026/01/27 14:37:44 logger.go:71: 查询批量任务结果：map[cancelled_at:<nil> cancelling_at:<nil> completed_at:<nil> completion_window:24h created_at:1.76952465e+09 endpoint:/v1/chat/completions errors:<nil> expired_at:1.76961105e+09 expires_at:1.76961105e+09 failed_at:<nil> finalizing_at:<nil> id:batch_2601271437302283550339637 in_process_at:1.76952465e+09 input_file_id:file_2601271437273433781560518 object:spark output_file_id: request_counts:map[completed:0 failed:0 total:50] sid:bat000dec8d@dx19bfe2c18a80000572 status:in_progress]
[INFO] 2026/01/27 14:37:44 logger.go:71: 查询批量任务结果：&{ID: Object: Endpoint: InputFileID:file_2601271437273433781560518 CompletionWindow: Status:in_progress OutputFileID: ErrorFileID:<nil> CreatedAt:0 InProgressAt:0 ExpiresAt:0 FinalizingAt:0 CompletedAt:0 FailedAt:0 CancelledAt:0 RequestCounts:{Total:0 Completed:0 Failed:0} Metadata:map[] BatchID:batch_2601271437302283550339637 TotalCount:50 CompletedCount:0 FailedCount:0}
[INFO] 2026/01/27 14:37:46 logger.go:71: 查询批量任务结果：map[cancelled_at:<nil> cancelling_at:<nil> completed_at:<nil> completion_window:24h created_at:1.769524649e+09 endpoint:/v1/chat/completions errors:<nil> expired_at:1.769611049e+09 expires_at:1.769611049e+09 failed_at:<nil> finalizing_at:<nil> id:batch_2601271437294305960060519 in_process_at:1.769524649e+09 input_file_id:file_2601271437263867484239620 object:spark output_file_id: request_counts:map[completed:16 failed:0 total:50] sid:bat000d9ae9@dx19bfe2c20c10000572 status:in_progress]
[INFO] 2026/01/27 14:37:46 logger.go:71: 查询批量任务结果：&{ID: Object: Endpoint: InputFileID:file_2601271437263867484239620 CompletionWindow: Status:in_progress OutputFileID: ErrorFileID:<nil> CreatedAt:0 InProgressAt:0 ExpiresAt:0 FinalizingAt:0 CompletedAt:0 FailedAt:0 CancelledAt:0 RequestCounts:{Total:0 Completed:0 Failed:0} Metadata:map[] BatchID:batch_2601271437294305960060519 TotalCount:50 CompletedCount:16 FailedCount:0}
[INFO] 2026/01/27 14:37:46 logger.go:71: 查询批量任务结果：map[cancelled_at:<nil> cancelling_at:<nil> completed_at:<nil> completion_window:24h created_at:1.769524649e+09 endpoint:/v1/chat/completions errors:<nil> expired_at:1.769611049e+09 expires_at:1.769611049e+09 failed_at:<nil> finalizing_at:<nil> id:batch_2601271437295182036360521 in_process_at:1.769524649e+09 input_file_id:file_2601271437265181433960510 object:spark output_file_id: request_counts:map[completed:0 failed:0 total:50] sid:bat000d9aea@dx19bfe2c21310000572 status:in_progress]
[INFO] 2026/01/27 14:37:46 logger.go:71: 查询批量任务结果：&{ID: Object: Endpoint: InputFileID:file_2601271437265181433960510 CompletionWindow: Status:in_progress OutputFileID: ErrorFileID:<nil> CreatedAt:0 InProgressAt:0 ExpiresAt:0 FinalizingAt:0 CompletedAt:0 FailedAt:0 CancelledAt:0 RequestCounts:{Total:0 Completed:0 Failed:0} Metadata:map[] BatchID:batch_2601271437295182036360521 TotalCount:50 CompletedCount:0 FailedCount:0}
[INFO] 2026/01/27 14:37:46 logger.go:71: 查询批量任务结果：map[cancelled_at:<nil> cancelling_at:<nil> completed_at:<nil> completion_window:24h created_at:1.769524649e+09 endpoint:/v1/chat/completions errors:<nil> expired_at:1.769611049e+09 expires_at:1.769611049e+09 failed_at:<nil> finalizing_at:<nil> id:batch_2601271437296035759860523 in_process_at:1.769524649e+09 input_file_id:file_2601271437266136083639622 object:spark output_file_id: request_counts:map[completed:0 failed:0 total:50] sid:bat000dec8f@dx19bfe2c217c0000572 status:in_progress]
[INFO] 2026/01/27 14:37:46 logger.go:71: 查询批量任务结果：&{ID: Object: Endpoint: InputFileID:file_2601271437266136083639622 CompletionWindow: Status:in_progress OutputFileID: ErrorFileID:<nil> CreatedAt:0 InProgressAt:0 ExpiresAt:0 FinalizingAt:0 CompletedAt:0 FailedAt:0 CancelledAt:0 RequestCounts:{Total:0 Completed:0 Failed:0} Metadata:map[] BatchID:batch_2601271437296035759860523 TotalCount:50 CompletedCount:0 FailedCount:0}
[INFO] 2026/01/27 14:37:46 logger.go:71: 查询批量任务结果：map[cancelled_at:<nil> cancelling_at:<nil> completed_at:<nil> completion_window:24h created_at:1.769524649e+09 endpoint:/v1/chat/completions errors:<nil> expired_at:1.769611049e+09 expires_at:1.769611049e+09 failed_at:<nil> finalizing_at:<nil> id:batch_2601271437296801125960525 in_process_at:1.769524649e+09 input_file_id:file_2601271437267207140660512 object:spark output_file_id: request_counts:map[completed:0 failed:0 total:50] sid:bat000dec90@dx19bfe2c21c20000572 status:in_progress]
[INFO] 2026/01/27 14:37:46 logger.go:71: 查询批量任务结果：&{ID: Object: Endpoint: InputFileID:file_2601271437267207140660512 CompletionWindow: Status:in_progress OutputFileID: ErrorFileID:<nil> CreatedAt:0 InProgressAt:0 ExpiresAt:0 FinalizingAt:0 CompletedAt:0 FailedAt:0 CancelledAt:0 RequestCounts:{Total:0 Completed:0 Failed:0} Metadata:map[] BatchID:batch_2601271437296801125960525 TotalCount:50 CompletedCount:0 FailedCount:0}
[INFO] 2026/01/27 14:37:46 logger.go:71: 查询批量任务结果：map[cancelled_at:<nil> cancelling_at:<nil> completed_at:<nil> completion_window:24h created_at:1.769524649e+09 endpoint:/v1/chat/completions errors:<nil> expired_at:1.769611049e+09 expires_at:1.769611049e+09 failed_at:<nil> finalizing_at:<nil> id:batch_2601271437297563553539629 in_process_at:1.769524649e+09 input_file_id:file_2601271437268218054539624 object:spark output_file_id: request_counts:map[completed:0 failed:0 total:50] sid:bat000dec91@dx19bfe2c22100000572 status:in_progress]
[INFO] 2026/01/27 14:37:46 logger.go:71: 查询批量任务结果：&{ID: Object: Endpoint: InputFileID:file_2601271437268218054539624 CompletionWindow: Status:in_progress OutputFileID: ErrorFileID:<nil> CreatedAt:0 InProgressAt:0 ExpiresAt:0 FinalizingAt:0 CompletedAt:0 FailedAt:0 CancelledAt:0 RequestCounts:{Total:0 Completed:0 Failed:0} Metadata:map[] BatchID:batch_2601271437297563553539629 TotalCount:50 CompletedCount:0 FailedCount:0}
[INFO] 2026/01/27 14:37:46 logger.go:71: 查询批量任务结果：map[cancelled_at:<nil> cancelling_at:<nil> completed_at:<nil> completion_window:24h created_at:1.769524649e+09 endpoint:/v1/chat/completions errors:<nil> expired_at:1.769611049e+09 expires_at:1.769611049e+09 failed_at:<nil> finalizing_at:<nil> id:batch_2601271437298336628039631 in_process_at:1.769524649e+09 input_file_id:file_2601271437269237987139626 object:spark output_file_id: request_counts:map[completed:0 failed:0 total:50] sid:bat000d9aeb@dx19bfe2c225d0000572 status:in_progress]
[INFO] 2026/01/27 14:37:46 logger.go:71: 查询批量任务结果：&{ID: Object: Endpoint: InputFileID:file_2601271437269237987139626 CompletionWindow: Status:in_progress OutputFileID: ErrorFileID:<nil> CreatedAt:0 InProgressAt:0 ExpiresAt:0 FinalizingAt:0 CompletedAt:0 FailedAt:0 CancelledAt:0 RequestCounts:{Total:0 Completed:0 Failed:0} Metadata:map[] BatchID:batch_2601271437298336628039631 TotalCount:50 CompletedCount:0 FailedCount:0}
[INFO] 2026/01/27 14:37:46 logger.go:71: 查询批量任务结果：map[cancelled_at:<nil> cancelling_at:<nil> completed_at:<nil> completion_window:24h created_at:1.769524649e+09 endpoint:/v1/chat/completions errors:<nil> expired_at:1.769611049e+09 expires_at:1.769611049e+09 failed_at:<nil> finalizing_at:<nil> id:batch_2601271437299793491460527 in_process_at:1.769524649e+09 input_file_id:file_2601271437270362743539628 object:spark output_file_id: request_counts:map[completed:0 failed:0 total:50] sid:bat000dec92@dx19bfe2c22e40000572 status:in_progress]
[INFO] 2026/01/27 14:37:46 logger.go:71: 查询批量任务结果：&{ID: Object: Endpoint: InputFileID:file_2601271437270362743539628 CompletionWindow: Status:in_progress OutputFileID: ErrorFileID:<nil> CreatedAt:0 InProgressAt:0 ExpiresAt:0 FinalizingAt:0 CompletedAt:0 FailedAt:0 CancelledAt:0 RequestCounts:{Total:0 Completed:0 Failed:0} Metadata:map[] BatchID:batch_2601271437299793491460527 TotalCount:50 CompletedCount:0 FailedCount:0}
[INFO] 2026/01/27 14:37:46 logger.go:71: 查询批量任务结果：map[cancelled_at:<nil> cancelling_at:<nil> completed_at:<nil> completion_window:24h created_at:1.76952465e+09 endpoint:/v1/chat/completions errors:<nil> expired_at:1.76961105e+09 expires_at:1.76961105e+09 failed_at:<nil> finalizing_at:<nil> id:batch_2601271437300616387039633 in_process_at:1.76952465e+09 input_file_id:file_2601271437271321801860514 object:spark output_file_id: request_counts:map[completed:0 failed:0 total:50] sid:bat000dec93@dx19bfe2c23430000572 status:in_progress]
[INFO] 2026/01/27 14:37:46 logger.go:71: 查询批量任务结果：&{ID: Object: Endpoint: InputFileID:file_2601271437271321801860514 CompletionWindow: Status:in_progress OutputFileID: ErrorFileID:<nil> CreatedAt:0 InProgressAt:0 ExpiresAt:0 FinalizingAt:0 CompletedAt:0 FailedAt:0 CancelledAt:0 RequestCounts:{Total:0 Completed:0 Failed:0} Metadata:map[] BatchID:batch_2601271437300616387039633 TotalCount:50 CompletedCount:0 FailedCount:0}
[INFO] 2026/01/27 14:37:47 logger.go:71: 查询批量任务结果：map[cancelled_at:<nil> cancelling_at:<nil> completed_at:<nil> completion_window:24h created_at:1.76952465e+09 endpoint:/v1/chat/completions errors:<nil> expired_at:1.76961105e+09 expires_at:1.76961105e+09 failed_at:<nil> finalizing_at:<nil> id:batch_2601271437301485741539635 in_process_at:1.76952465e+09 input_file_id:file_2601271437272346589160516 object:spark output_file_id: request_counts:map[completed:0 failed:0 total:50] sid:bat000dec94@dx19bfe2c23870000572 status:in_progress]
[INFO] 2026/01/27 14:37:47 logger.go:71: 查询批量任务结果：&{ID: Object: Endpoint: InputFileID:file_2601271437272346589160516 CompletionWindow: Status:in_progress OutputFileID: ErrorFileID:<nil> CreatedAt:0 InProgressAt:0 ExpiresAt:0 FinalizingAt:0 CompletedAt:0 FailedAt:0 CancelledAt:0 RequestCounts:{Total:0 Completed:0 Failed:0} Metadata:map[] BatchID:batch_2601271437301485741539635 TotalCount:50 CompletedCount:0 FailedCount:0}
[INFO] 2026/01/27 14:37:47 logger.go:71: 查询批量任务结果：map[cancelled_at:<nil> cancelling_at:<nil> completed_at:<nil> completion_window:24h created_at:1.76952465e+09 endpoint:/v1/chat/completions errors:<nil> expired_at:1.76961105e+09 expires_at:1.76961105e+09 failed_at:<nil> finalizing_at:<nil> id:batch_2601271437302283550339637 in_process_at:1.76952465e+09 input_file_id:file_2601271437273433781560518 object:spark output_file_id: request_counts:map[completed:0 failed:0 total:50] sid:bat000dec95@dx19bfe2c23d80000572 status:in_progress]
[INFO] 2026/01/27 14:37:47 logger.go:71: 查询批量任务结果：&{ID: Object: Endpoint: InputFileID:file_2601271437273433781560518 CompletionWindow: Status:in_progress OutputFileID: ErrorFileID:<nil> CreatedAt:0 InProgressAt:0 ExpiresAt:0 FinalizingAt:0 CompletedAt:0 FailedAt:0 CancelledAt:0 RequestCounts:{Total:0 Completed:0 Failed:0} Metadata:map[] BatchID:batch_2601271437302283550339637 TotalCount:50 CompletedCount:0 FailedCount:0}
[INFO] 2026/01/27 14:37:49 logger.go:71: 查询批量任务结果：map[cancelled_at:<nil> cancelling_at:<nil> completed_at:<nil> completion_window:24h created_at:1.769524649e+09 endpoint:/v1/chat/completions errors:<nil> expired_at:1.769611049e+09 expires_at:1.769611049e+09 failed_at:<nil> finalizing_at:<nil> id:batch_2601271437294305960060519 in_process_at:1.769524649e+09 input_file_id:file_2601271437263867484239620 object:spark output_file_id: request_counts:map[completed:16 failed:0 total:50] sid:bat000dec96@dx19bfe2c2c230000572 status:in_progress]
[INFO] 2026/01/27 14:37:49 logger.go:71: 查询批量任务结果：&{ID: Object: Endpoint: InputFileID:file_2601271437263867484239620 CompletionWindow: Status:in_progress OutputFileID: ErrorFileID:<nil> CreatedAt:0 InProgressAt:0 ExpiresAt:0 FinalizingAt:0 CompletedAt:0 FailedAt:0 CancelledAt:0 RequestCounts:{Total:0 Completed:0 Failed:0} Metadata:map[] BatchID:batch_2601271437294305960060519 TotalCount:50 CompletedCount:16 FailedCount:0}
[INFO] 2026/01/27 14:37:49 logger.go:71: 查询批量任务结果：map[cancelled_at:<nil> cancelling_at:<nil> completed_at:<nil> completion_window:24h created_at:1.769524649e+09 endpoint:/v1/chat/completions errors:<nil> expired_at:1.769611049e+09 expires_at:1.769611049e+09 failed_at:<nil> finalizing_at:<nil> id:batch_2601271437295182036360521 in_process_at:1.769524649e+09 input_file_id:file_2601271437265181433960510 object:spark output_file_id: request_counts:map[completed:0 failed:0 total:50] sid:bat000dec97@dx19bfe2c2c6d0000572 status:in_progress]
[INFO] 2026/01/27 14:37:49 logger.go:71: 查询批量任务结果：&{ID: Object: Endpoint: InputFileID:file_2601271437265181433960510 CompletionWindow: Status:in_progress OutputFileID: ErrorFileID:<nil> CreatedAt:0 InProgressAt:0 ExpiresAt:0 FinalizingAt:0 CompletedAt:0 FailedAt:0 CancelledAt:0 RequestCounts:{Total:0 Completed:0 Failed:0} Metadata:map[] BatchID:batch_2601271437295182036360521 TotalCount:50 CompletedCount:0 FailedCount:0}
[INFO] 2026/01/27 14:37:49 logger.go:71: 查询批量任务结果：map[cancelled_at:<nil> cancelling_at:<nil> completed_at:<nil> completion_window:24h created_at:1.769524649e+09 endpoint:/v1/chat/completions errors:<nil> expired_at:1.769611049e+09 expires_at:1.769611049e+09 failed_at:<nil> finalizing_at:<nil> id:batch_2601271437296035759860523 in_process_at:1.769524649e+09 input_file_id:file_2601271437266136083639622 object:spark output_file_id: request_counts:map[completed:0 failed:0 total:50] sid:bat000d9aec@dx19bfe2c2cb90000572 status:in_progress]
[INFO] 2026/01/27 14:37:49 logger.go:71: 查询批量任务结果：&{ID: Object: Endpoint: InputFileID:file_2601271437266136083639622 CompletionWindow: Status:in_progress OutputFileID: ErrorFileID:<nil> CreatedAt:0 InProgressAt:0 ExpiresAt:0 FinalizingAt:0 CompletedAt:0 FailedAt:0 CancelledAt:0 RequestCounts:{Total:0 Completed:0 Failed:0} Metadata:map[] BatchID:batch_2601271437296035759860523 TotalCount:50 CompletedCount:0 FailedCount:0}
[INFO] 2026/01/27 14:37:49 logger.go:71: 查询批量任务结果：map[cancelled_at:<nil> cancelling_at:<nil> completed_at:<nil> completion_window:24h created_at:1.769524649e+09 endpoint:/v1/chat/completions errors:<nil> expired_at:1.769611049e+09 expires_at:1.769611049e+09 failed_at:<nil> finalizing_at:<nil> id:batch_2601271437296801125960525 in_process_at:1.769524649e+09 input_file_id:file_2601271437267207140660512 object:spark output_file_id: request_counts:map[completed:2 failed:0 total:50] sid:bat000dec98@dx19bfe2c2d040000572 status:in_progress]
[INFO] 2026/01/27 14:37:49 logger.go:71: 查询批量任务结果：&{ID: Object: Endpoint: InputFileID:file_2601271437267207140660512 CompletionWindow: Status:in_progress OutputFileID: ErrorFileID:<nil> CreatedAt:0 InProgressAt:0 ExpiresAt:0 FinalizingAt:0 CompletedAt:0 FailedAt:0 CancelledAt:0 RequestCounts:{Total:0 Completed:0 Failed:0} Metadata:map[] BatchID:batch_2601271437296801125960525 TotalCount:50 CompletedCount:2 FailedCount:0}
[INFO] 2026/01/27 14:37:49 logger.go:71: 查询批量任务结果：map[cancelled_at:<nil> cancelling_at:<nil> completed_at:<nil> completion_window:24h created_at:1.769524649e+09 endpoint:/v1/chat/completions errors:<nil> expired_at:1.769611049e+09 expires_at:1.769611049e+09 failed_at:<nil> finalizing_at:<nil> id:batch_2601271437297563553539629 in_process_at:1.769524649e+09 input_file_id:file_2601271437268218054539624 object:spark output_file_id: request_counts:map[completed:2 failed:0 total:50] sid:bat000d9aed@dx19bfe2c2d510000572 status:in_progress]
[INFO] 2026/01/27 14:37:49 logger.go:71: 查询批量任务结果：&{ID: Object: Endpoint: InputFileID:file_2601271437268218054539624 CompletionWindow: Status:in_progress OutputFileID: ErrorFileID:<nil> CreatedAt:0 InProgressAt:0 ExpiresAt:0 FinalizingAt:0 CompletedAt:0 FailedAt:0 CancelledAt:0 RequestCounts:{Total:0 Completed:0 Failed:0} Metadata:map[] BatchID:batch_2601271437297563553539629 TotalCount:50 CompletedCount:2 FailedCount:0}
[INFO] 2026/01/27 14:37:49 logger.go:71: 查询批量任务结果：map[cancelled_at:<nil> cancelling_at:<nil> completed_at:<nil> completion_window:24h created_at:1.769524649e+09 endpoint:/v1/chat/completions errors:<nil> expired_at:1.769611049e+09 expires_at:1.769611049e+09 failed_at:<nil> finalizing_at:<nil> id:batch_2601271437298336628039631 in_process_at:1.769524649e+09 input_file_id:file_2601271437269237987139626 object:spark output_file_id: request_counts:map[completed:3 failed:0 total:50] sid:bat000dec99@dx19bfe2c2d9c0000572 status:in_progress]
[INFO] 2026/01/27 14:37:49 logger.go:71: 查询批量任务结果：&{ID: Object: Endpoint: InputFileID:file_2601271437269237987139626 CompletionWindow: Status:in_progress OutputFileID: ErrorFileID:<nil> CreatedAt:0 InProgressAt:0 ExpiresAt:0 FinalizingAt:0 CompletedAt:0 FailedAt:0 CancelledAt:0 RequestCounts:{Total:0 Completed:0 Failed:0} Metadata:map[] BatchID:batch_2601271437298336628039631 TotalCount:50 CompletedCount:3 FailedCount:0}
[INFO] 2026/01/27 14:37:49 logger.go:71: 查询批量任务结果：map[cancelled_at:<nil> cancelling_at:<nil> completed_at:<nil> completion_window:24h created_at:1.769524649e+09 endpoint:/v1/chat/completions errors:<nil> expired_at:1.769611049e+09 expires_at:1.769611049e+09 failed_at:<nil> finalizing_at:<nil> id:batch_2601271437299793491460527 in_process_at:1.769524649e+09 input_file_id:file_2601271437270362743539628 object:spark output_file_id: request_counts:map[completed:0 failed:0 total:50] sid:bat000dec9a@dx19bfe2c2dfa0000572 status:in_progress]
[INFO] 2026/01/27 14:37:49 logger.go:71: 查询批量任务结果：&{ID: Object: Endpoint: InputFileID:file_2601271437270362743539628 CompletionWindow: Status:in_progress OutputFileID: ErrorFileID:<nil> CreatedAt:0 InProgressAt:0 ExpiresAt:0 FinalizingAt:0 CompletedAt:0 FailedAt:0 CancelledAt:0 RequestCounts:{Total:0 Completed:0 Failed:0} Metadata:map[] BatchID:batch_2601271437299793491460527 TotalCount:50 CompletedCount:0 FailedCount:0}
[INFO] 2026/01/27 14:37:49 logger.go:71: 查询批量任务结果：map[cancelled_at:<nil> cancelling_at:<nil> completed_at:<nil> completion_window:24h created_at:1.76952465e+09 endpoint:/v1/chat/completions errors:<nil> expired_at:1.76961105e+09 expires_at:1.76961105e+09 failed_at:<nil> finalizing_at:<nil> id:batch_2601271437300616387039633 in_process_at:1.76952465e+09 input_file_id:file_2601271437271321801860514 object:spark output_file_id: request_counts:map[completed:2 failed:0 total:50] sid:bat000d9aee@dx19bfe2c2e440000572 status:in_progress]
[INFO] 2026/01/27 14:37:49 logger.go:71: 查询批量任务结果：&{ID: Object: Endpoint: InputFileID:file_2601271437271321801860514 CompletionWindow: Status:in_progress OutputFileID: ErrorFileID:<nil> CreatedAt:0 InProgressAt:0 ExpiresAt:0 FinalizingAt:0 CompletedAt:0 FailedAt:0 CancelledAt:0 RequestCounts:{Total:0 Completed:0 Failed:0} Metadata:map[] BatchID:batch_2601271437300616387039633 TotalCount:50 CompletedCount:2 FailedCount:0}
[INFO] 2026/01/27 14:37:49 logger.go:71: 查询批量任务结果：map[cancelled_at:<nil> cancelling_at:<nil> completed_at:<nil> completion_window:24h created_at:1.76952465e+09 endpoint:/v1/chat/completions errors:<nil> expired_at:1.76961105e+09 expires_at:1.76961105e+09 failed_at:<nil> finalizing_at:<nil> id:batch_2601271437301485741539635 in_process_at:1.76952465e+09 input_file_id:file_2601271437272346589160516 object:spark output_file_id: request_counts:map[completed:2 failed:0 total:50] sid:bat000dec9b@dx19bfe2c2e8d0000572 status:in_progress]
[INFO] 2026/01/27 14:37:49 logger.go:71: 查询批量任务结果：&{ID: Object: Endpoint: InputFileID:file_2601271437272346589160516 CompletionWindow: Status:in_progress OutputFileID: ErrorFileID:<nil> CreatedAt:0 InProgressAt:0 ExpiresAt:0 FinalizingAt:0 CompletedAt:0 FailedAt:0 CancelledAt:0 RequestCounts:{Total:0 Completed:0 Failed:0} Metadata:map[] BatchID:batch_2601271437301485741539635 TotalCount:50 CompletedCount:2 FailedCount:0}
[INFO] 2026/01/27 14:37:49 logger.go:71: 查询批量任务结果：map[cancelled_at:<nil> cancelling_at:<nil> completed_at:<nil> completion_window:24h created_at:1.76952465e+09 endpoint:/v1/chat/completions errors:<nil> expired_at:1.76961105e+09 expires_at:1.76961105e+09 failed_at:<nil> finalizing_at:<nil> id:batch_2601271437302283550339637 in_process_at:1.76952465e+09 input_file_id:file_2601271437273433781560518 object:spark output_file_id: request_counts:map[completed:2 failed:0 total:50] sid:bat000d9aef@dx19bfe2c2edd0000572 status:in_progress]
[INFO] 2026/01/27 14:37:49 logger.go:71: 查询批量任务结果：&{ID: Object: Endpoint: InputFileID:file_2601271437273433781560518 CompletionWindow: Status:in_progress OutputFileID: ErrorFileID:<nil> CreatedAt:0 InProgressAt:0 ExpiresAt:0 FinalizingAt:0 CompletedAt:0 FailedAt:0 CancelledAt:0 RequestCounts:{Total:0 Completed:0 Failed:0} Metadata:map[] BatchID:batch_2601271437302283550339637 TotalCount:50 CompletedCount:2 FailedCount:0}
[INFO] 2026/01/27 14:37:52 logger.go:71: 查询批量任务结果：map[cancelled_at:<nil> cancelling_at:<nil> completed_at:<nil> completion_window:24h created_at:1.769524649e+09 endpoint:/v1/chat/completions errors:<nil> expired_at:1.769611049e+09 expires_at:1.769611049e+09 failed_at:<nil> finalizing_at:<nil> id:batch_2601271437294305960060519 in_process_at:1.769524649e+09 input_file_id:file_2601271437263867484239620 object:spark output_file_id: request_counts:map[completed:16 failed:0 total:50] sid:bat000d9af1@dx19bfe2c37070000572 status:in_progress]
[INFO] 2026/01/27 14:37:52 logger.go:71: 查询批量任务结果：&{ID: Object: Endpoint: InputFileID:file_2601271437263867484239620 CompletionWindow: Status:in_progress OutputFileID: ErrorFileID:<nil> CreatedAt:0 InProgressAt:0 ExpiresAt:0 FinalizingAt:0 CompletedAt:0 FailedAt:0 CancelledAt:0 RequestCounts:{Total:0 Completed:0 Failed:0} Metadata:map[] BatchID:batch_2601271437294305960060519 TotalCount:50 CompletedCount:16 FailedCount:0}
[INFO] 2026/01/27 14:37:52 logger.go:71: 查询批量任务结果：map[cancelled_at:<nil> cancelling_at:<nil> completed_at:<nil> completion_window:24h created_at:1.769524649e+09 endpoint:/v1/chat/completions errors:<nil> expired_at:1.769611049e+09 expires_at:1.769611049e+09 failed_at:<nil> finalizing_at:<nil> id:batch_2601271437295182036360521 in_process_at:1.769524649e+09 input_file_id:file_2601271437265181433960510 object:spark output_file_id: request_counts:map[completed:3 failed:0 total:50] sid:bat000d9af2@dx19bfe2c37510000572 status:in_progress]
[INFO] 2026/01/27 14:37:52 logger.go:71: 查询批量任务结果：&{ID: Object: Endpoint: InputFileID:file_2601271437265181433960510 CompletionWindow: Status:in_progress OutputFileID: ErrorFileID:<nil> CreatedAt:0 InProgressAt:0 ExpiresAt:0 FinalizingAt:0 CompletedAt:0 FailedAt:0 CancelledAt:0 RequestCounts:{Total:0 Completed:0 Failed:0} Metadata:map[] BatchID:batch_2601271437295182036360521 TotalCount:50 CompletedCount:3 FailedCount:0}
[INFO] 2026/01/27 14:37:52 logger.go:71: 查询批量任务结果：map[cancelled_at:<nil> cancelling_at:<nil> completed_at:<nil> completion_window:24h created_at:1.769524649e+09 endpoint:/v1/chat/completions errors:<nil> expired_at:1.769611049e+09 expires_at:1.769611049e+09 failed_at:<nil> finalizing_at:<nil> id:batch_2601271437296035759860523 in_process_at:1.769524649e+09 input_file_id:file_2601271437266136083639622 object:spark output_file_id: request_counts:map[completed:3 failed:0 total:50] sid:bat000deca0@dx19bfe2c37be0000572 status:in_progress]
[INFO] 2026/01/27 14:37:52 logger.go:71: 查询批量任务结果：&{ID: Object: Endpoint: InputFileID:file_2601271437266136083639622 CompletionWindow: Status:in_progress OutputFileID: ErrorFileID:<nil> CreatedAt:0 InProgressAt:0 ExpiresAt:0 FinalizingAt:0 CompletedAt:0 FailedAt:0 CancelledAt:0 RequestCounts:{Total:0 Completed:0 Failed:0} Metadata:map[] BatchID:batch_2601271437296035759860523 TotalCount:50 CompletedCount:3 FailedCount:0}
[INFO] 2026/01/27 14:37:52 logger.go:71: 查询批量任务结果：map[cancelled_at:<nil> cancelling_at:<nil> completed_at:<nil> completion_window:24h created_at:1.769524649e+09 endpoint:/v1/chat/completions errors:<nil> expired_at:1.769611049e+09 expires_at:1.769611049e+09 failed_at:<nil> finalizing_at:<nil> id:batch_2601271437296801125960525 in_process_at:1.769524649e+09 input_file_id:file_2601271437267207140660512 object:spark output_file_id: request_counts:map[completed:4 failed:0 total:50] sid:bat000d9af3@dx19bfe2c380c0000572 status:in_progress]
[INFO] 2026/01/27 14:37:52 logger.go:71: 查询批量任务结果：&{ID: Object: Endpoint: InputFileID:file_2601271437267207140660512 CompletionWindow: Status:in_progress OutputFileID: ErrorFileID:<nil> CreatedAt:0 InProgressAt:0 ExpiresAt:0 FinalizingAt:0 CompletedAt:0 FailedAt:0 CancelledAt:0 RequestCounts:{Total:0 Completed:0 Failed:0} Metadata:map[] BatchID:batch_2601271437296801125960525 TotalCount:50 CompletedCount:4 FailedCount:0}
[INFO] 2026/01/27 14:37:52 logger.go:71: 查询批量任务结果：map[cancelled_at:<nil> cancelling_at:<nil> completed_at:<nil> completion_window:24h created_at:1.769524649e+09 endpoint:/v1/chat/completions errors:<nil> expired_at:1.769611049e+09 expires_at:1.769611049e+09 failed_at:<nil> finalizing_at:<nil> id:batch_2601271437297563553539629 in_process_at:1.769524649e+09 input_file_id:file_2601271437268218054539624 object:spark output_file_id: request_counts:map[completed:3 failed:0 total:50] sid:bat000deca1@dx19bfe2c38a10000572 status:in_progress]
[INFO] 2026/01/27 14:37:52 logger.go:71: 查询批量任务结果：&{ID: Object: Endpoint: InputFileID:file_2601271437268218054539624 CompletionWindow: Status:in_progress OutputFileID: ErrorFileID:<nil> CreatedAt:0 InProgressAt:0 ExpiresAt:0 FinalizingAt:0 CompletedAt:0 FailedAt:0 CancelledAt:0 RequestCounts:{Total:0 Completed:0 Failed:0} Metadata:map[] BatchID:batch_2601271437297563553539629 TotalCount:50 CompletedCount:3 FailedCount:0}
[INFO] 2026/01/27 14:37:52 logger.go:71: 查询批量任务结果：map[cancelled_at:<nil> cancelling_at:<nil> completed_at:<nil> completion_window:24h created_at:1.769524649e+09 endpoint:/v1/chat/completions errors:<nil> expired_at:1.769611049e+09 expires_at:1.769611049e+09 failed_at:<nil> finalizing_at:<nil> id:batch_2601271437298336628039631 in_process_at:1.769524649e+09 input_file_id:file_2601271437269237987139626 object:spark output_file_id: request_counts:map[completed:5 failed:0 total:50] sid:bat000deca2@dx19bfe2c38f50000572 status:in_progress]
[INFO] 2026/01/27 14:37:52 logger.go:71: 查询批量任务结果：&{ID: Object: Endpoint: InputFileID:file_2601271437269237987139626 CompletionWindow: Status:in_progress OutputFileID: ErrorFileID:<nil> CreatedAt:0 InProgressAt:0 ExpiresAt:0 FinalizingAt:0 CompletedAt:0 FailedAt:0 CancelledAt:0 RequestCounts:{Total:0 Completed:0 Failed:0} Metadata:map[] BatchID:batch_2601271437298336628039631 TotalCount:50 CompletedCount:5 FailedCount:0}
[INFO] 2026/01/27 14:37:52 logger.go:71: 查询批量任务结果：map[cancelled_at:<nil> cancelling_at:<nil> completed_at:<nil> completion_window:24h created_at:1.769524649e+09 endpoint:/v1/chat/completions errors:<nil> expired_at:1.769611049e+09 expires_at:1.769611049e+09 failed_at:<nil> finalizing_at:<nil> id:batch_2601271437299793491460527 in_process_at:1.769524649e+09 input_file_id:file_2601271437270362743539628 object:spark output_file_id: request_counts:map[completed:2 failed:0 total:50] sid:bat000d9af4@dx19bfe2c39490000572 status:in_progress]
[INFO] 2026/01/27 14:37:52 logger.go:71: 查询批量任务结果：&{ID: Object: Endpoint: InputFileID:file_2601271437270362743539628 CompletionWindow: Status:in_progress OutputFileID: ErrorFileID:<nil> CreatedAt:0 InProgressAt:0 ExpiresAt:0 FinalizingAt:0 CompletedAt:0 FailedAt:0 CancelledAt:0 RequestCounts:{Total:0 Completed:0 Failed:0} Metadata:map[] BatchID:batch_2601271437299793491460527 TotalCount:50 CompletedCount:2 FailedCount:0}
[INFO] 2026/01/27 14:37:52 logger.go:71: 查询批量任务结果：map[cancelled_at:<nil> cancelling_at:<nil> completed_at:<nil> completion_window:24h created_at:1.76952465e+09 endpoint:/v1/chat/completions errors:<nil> expired_at:1.76961105e+09 expires_at:1.76961105e+09 failed_at:<nil> finalizing_at:<nil> id:batch_2601271437300616387039633 in_process_at:1.76952465e+09 input_file_id:file_2601271437271321801860514 object:spark output_file_id: request_counts:map[completed:3 failed:0 total:50] sid:bat000deca3@dx19bfe2c399e0000572 status:in_progress]
[INFO] 2026/01/27 14:37:52 logger.go:71: 查询批量任务结果：&{ID: Object: Endpoint: InputFileID:file_2601271437271321801860514 CompletionWindow: Status:in_progress OutputFileID: ErrorFileID:<nil> CreatedAt:0 InProgressAt:0 ExpiresAt:0 FinalizingAt:0 CompletedAt:0 FailedAt:0 CancelledAt:0 RequestCounts:{Total:0 Completed:0 Failed:0} Metadata:map[] BatchID:batch_2601271437300616387039633 TotalCount:50 CompletedCount:3 FailedCount:0}
[INFO] 2026/01/27 14:37:52 logger.go:71: 查询批量任务结果：map[cancelled_at:<nil> cancelling_at:<nil> completed_at:<nil> completion_window:24h created_at:1.76952465e+09 endpoint:/v1/chat/completions errors:<nil> expired_at:1.76961105e+09 expires_at:1.76961105e+09 failed_at:<nil> finalizing_at:<nil> id:batch_2601271437301485741539635 in_process_at:1.76952465e+09 input_file_id:file_2601271437272346589160516 object:spark output_file_id: request_counts:map[completed:2 failed:0 total:50] sid:bat000deca4@dx19bfe2c39ed0000572 status:in_progress]
[INFO] 2026/01/27 14:37:52 logger.go:71: 查询批量任务结果：&{ID: Object: Endpoint: InputFileID:file_2601271437272346589160516 CompletionWindow: Status:in_progress OutputFileID: ErrorFileID:<nil> CreatedAt:0 InProgressAt:0 ExpiresAt:0 FinalizingAt:0 CompletedAt:0 FailedAt:0 CancelledAt:0 RequestCounts:{Total:0 Completed:0 Failed:0} Metadata:map[] BatchID:batch_2601271437301485741539635 TotalCount:50 CompletedCount:2 FailedCount:0}
[INFO] 2026/01/27 14:37:52 logger.go:71: 查询批量任务结果：map[cancelled_at:<nil> cancelling_at:<nil> completed_at:<nil> completion_window:24h created_at:1.76952465e+09 endpoint:/v1/chat/completions errors:<nil> expired_at:1.76961105e+09 expires_at:1.76961105e+09 failed_at:<nil> finalizing_at:<nil> id:batch_2601271437302283550339637 in_process_at:1.76952465e+09 input_file_id:file_2601271437273433781560518 object:spark output_file_id: request_counts:map[completed:3 failed:0 total:50] sid:bat000deca5@dx19bfe2c3a410000572 status:in_progress]
[INFO] 2026/01/27 14:37:52 logger.go:71: 查询批量任务结果：&{ID: Object: Endpoint: InputFileID:file_2601271437273433781560518 CompletionWindow: Status:in_progress OutputFileID: ErrorFileID:<nil> CreatedAt:0 InProgressAt:0 ExpiresAt:0 FinalizingAt:0 CompletedAt:0 FailedAt:0 CancelledAt:0 RequestCounts:{Total:0 Completed:0 Failed:0} Metadata:map[] BatchID:batch_2601271437302283550339637 TotalCount:50 CompletedCount:3 FailedCount:0}
[INFO] 2026/01/27 14:37:54 logger.go:71: 查询批量任务结果：map[cancelled_at:<nil> cancelling_at:<nil> completed_at:<nil> completion_window:24h created_at:1.769524649e+09 endpoint:/v1/chat/completions errors:<nil> expired_at:1.769611049e+09 expires_at:1.769611049e+09 failed_at:<nil> finalizing_at:<nil> id:batch_2601271437294305960060519 in_process_at:1.769524649e+09 input_file_id:file_2601271437263867484239620 object:spark output_file_id: request_counts:map[completed:16 failed:0 total:50] sid:bat000deca8@dx19bfe2c425e0000572 status:in_progress]
[INFO] 2026/01/27 14:37:54 logger.go:71: 查询批量任务结果：&{ID: Object: Endpoint: InputFileID:file_2601271437263867484239620 CompletionWindow: Status:in_progress OutputFileID: ErrorFileID:<nil> CreatedAt:0 InProgressAt:0 ExpiresAt:0 FinalizingAt:0 CompletedAt:0 FailedAt:0 CancelledAt:0 RequestCounts:{Total:0 Completed:0 Failed:0} Metadata:map[] BatchID:batch_2601271437294305960060519 TotalCount:50 CompletedCount:16 FailedCount:0}
[INFO] 2026/01/27 14:37:55 logger.go:71: 查询批量任务结果：map[cancelled_at:<nil> cancelling_at:<nil> completed_at:<nil> completion_window:24h created_at:1.769524649e+09 endpoint:/v1/chat/completions errors:<nil> expired_at:1.769611049e+09 expires_at:1.769611049e+09 failed_at:<nil> finalizing_at:<nil> id:batch_2601271437295182036360521 in_process_at:1.769524649e+09 input_file_id:file_2601271437265181433960510 object:spark output_file_id: request_counts:map[completed:4 failed:0 total:50] sid:bat000deca9@dx19bfe2c42c80000572 status:in_progress]
[INFO] 2026/01/27 14:37:55 logger.go:71: 查询批量任务结果：&{ID: Object: Endpoint: InputFileID:file_2601271437265181433960510 CompletionWindow: Status:in_progress OutputFileID: ErrorFileID:<nil> CreatedAt:0 InProgressAt:0 ExpiresAt:0 FinalizingAt:0 CompletedAt:0 FailedAt:0 CancelledAt:0 RequestCounts:{Total:0 Completed:0 Failed:0} Metadata:map[] BatchID:batch_2601271437295182036360521 TotalCount:50 CompletedCount:4 FailedCount:0}
[INFO] 2026/01/27 14:37:55 logger.go:71: 查询批量任务结果：map[cancelled_at:<nil> cancelling_at:<nil> completed_at:<nil> completion_window:24h created_at:1.769524649e+09 endpoint:/v1/chat/completions errors:<nil> expired_at:1.769611049e+09 expires_at:1.769611049e+09 failed_at:<nil> finalizing_at:<nil> id:batch_2601271437296035759860523 in_process_at:1.769524649e+09 input_file_id:file_2601271437266136083639622 object:spark output_file_id: request_counts:map[completed:5 failed:0 total:50] sid:bat000decaa@dx19bfe2c431a0000572 status:in_progress]
[INFO] 2026/01/27 14:37:55 logger.go:71: 查询批量任务结果：&{ID: Object: Endpoint: InputFileID:file_2601271437266136083639622 CompletionWindow: Status:in_progress OutputFileID: ErrorFileID:<nil> CreatedAt:0 InProgressAt:0 ExpiresAt:0 FinalizingAt:0 CompletedAt:0 FailedAt:0 CancelledAt:0 RequestCounts:{Total:0 Completed:0 Failed:0} Metadata:map[] BatchID:batch_2601271437296035759860523 TotalCount:50 CompletedCount:5 FailedCount:0}
[INFO] 2026/01/27 14:37:55 logger.go:71: 查询批量任务结果：map[cancelled_at:<nil> cancelling_at:<nil> completed_at:<nil> completion_window:24h created_at:1.769524649e+09 endpoint:/v1/chat/completions errors:<nil> expired_at:1.769611049e+09 expires_at:1.769611049e+09 failed_at:<nil> finalizing_at:<nil> id:batch_2601271437296801125960525 in_process_at:1.769524649e+09 input_file_id:file_2601271437267207140660512 object:spark output_file_id: request_counts:map[completed:5 failed:0 total:50] sid:bat000decab@dx19bfe2c436a0000572 status:in_progress]
[INFO] 2026/01/27 14:37:55 logger.go:71: 查询批量任务结果：&{ID: Object: Endpoint: InputFileID:file_2601271437267207140660512 CompletionWindow: Status:in_progress OutputFileID: ErrorFileID:<nil> CreatedAt:0 InProgressAt:0 ExpiresAt:0 FinalizingAt:0 CompletedAt:0 FailedAt:0 CancelledAt:0 RequestCounts:{Total:0 Completed:0 Failed:0} Metadata:map[] BatchID:batch_2601271437296801125960525 TotalCount:50 CompletedCount:5 FailedCount:0}
[INFO] 2026/01/27 14:37:55 logger.go:71: 查询批量任务结果：map[cancelled_at:<nil> cancelling_at:<nil> completed_at:<nil> completion_window:24h created_at:1.769524649e+09 endpoint:/v1/chat/completions errors:<nil> expired_at:1.769611049e+09 expires_at:1.769611049e+09 failed_at:<nil> finalizing_at:<nil> id:batch_2601271437297563553539629 in_process_at:1.769524649e+09 input_file_id:file_2601271437268218054539624 object:spark output_file_id: request_counts:map[completed:4 failed:0 total:50] sid:bat000decac@dx19bfe2c43b80000572 status:in_progress]
[INFO] 2026/01/27 14:37:55 logger.go:71: 查询批量任务结果：&{ID: Object: Endpoint: InputFileID:file_2601271437268218054539624 CompletionWindow: Status:in_progress OutputFileID: ErrorFileID:<nil> CreatedAt:0 InProgressAt:0 ExpiresAt:0 FinalizingAt:0 CompletedAt:0 FailedAt:0 CancelledAt:0 RequestCounts:{Total:0 Completed:0 Failed:0} Metadata:map[] BatchID:batch_2601271437297563553539629 TotalCount:50 CompletedCount:4 FailedCount:0}
[INFO] 2026/01/27 14:37:55 logger.go:71: 查询批量任务结果：map[cancelled_at:<nil> cancelling_at:<nil> completed_at:<nil> completion_window:24h created_at:1.769524649e+09 endpoint:/v1/chat/completions errors:<nil> expired_at:1.769611049e+09 expires_at:1.769611049e+09 failed_at:<nil> finalizing_at:<nil> id:batch_2601271437298336628039631 in_process_at:1.769524649e+09 input_file_id:file_2601271437269237987139626 object:spark output_file_id: request_counts:map[completed:7 failed:0 total:50] sid:bat000d9af5@dx19bfe2c44040000572 status:in_progress]
[INFO] 2026/01/27 14:37:55 logger.go:71: 查询批量任务结果：&{ID: Object: Endpoint: InputFileID:file_2601271437269237987139626 CompletionWindow: Status:in_progress OutputFileID: ErrorFileID:<nil> CreatedAt:0 InProgressAt:0 ExpiresAt:0 FinalizingAt:0 CompletedAt:0 FailedAt:0 CancelledAt:0 RequestCounts:{Total:0 Completed:0 Failed:0} Metadata:map[] BatchID:batch_2601271437298336628039631 TotalCount:50 CompletedCount:7 FailedCount:0}
[INFO] 2026/01/27 14:37:55 logger.go:71: 查询批量任务结果：map[cancelled_at:<nil> cancelling_at:<nil> completed_at:<nil> completion_window:24h created_at:1.769524649e+09 endpoint:/v1/chat/completions errors:<nil> expired_at:1.769611049e+09 expires_at:1.769611049e+09 failed_at:<nil> finalizing_at:<nil> id:batch_2601271437299793491460527 in_process_at:1.769524649e+09 input_file_id:file_2601271437270362743539628 object:spark output_file_id: request_counts:map[completed:4 failed:0 total:50] sid:bat000decad@dx19bfe2c44580000572 status:in_progress]
[INFO] 2026/01/27 14:37:55 logger.go:71: 查询批量任务结果：&{ID: Object: Endpoint: InputFileID:file_2601271437270362743539628 CompletionWindow: Status:in_progress OutputFileID: ErrorFileID:<nil> CreatedAt:0 InProgressAt:0 ExpiresAt:0 FinalizingAt:0 CompletedAt:0 FailedAt:0 CancelledAt:0 RequestCounts:{Total:0 Completed:0 Failed:0} Metadata:map[] BatchID:batch_2601271437299793491460527 TotalCount:50 CompletedCount:4 FailedCount:0}
[INFO] 2026/01/27 14:37:55 logger.go:71: 查询批量任务结果：map[cancelled_at:<nil> cancelling_at:<nil> completed_at:<nil> completion_window:24h created_at:1.76952465e+09 endpoint:/v1/chat/completions errors:<nil> expired_at:1.76961105e+09 expires_at:1.76961105e+09 failed_at:<nil> finalizing_at:<nil> id:batch_2601271437300616387039633 in_process_at:1.76952465e+09 input_file_id:file_2601271437271321801860514 object:spark output_file_id: request_counts:map[completed:4 failed:0 total:50] sid:bat000decae@dx19bfe2c44b20000572 status:in_progress]
[INFO] 2026/01/27 14:37:55 logger.go:71: 查询批量任务结果：&{ID: Object: Endpoint: InputFileID:file_2601271437271321801860514 CompletionWindow: Status:in_progress OutputFileID: ErrorFileID:<nil> CreatedAt:0 InProgressAt:0 ExpiresAt:0 FinalizingAt:0 CompletedAt:0 FailedAt:0 CancelledAt:0 RequestCounts:{Total:0 Completed:0 Failed:0} Metadata:map[] BatchID:batch_2601271437300616387039633 TotalCount:50 CompletedCount:4 FailedCount:0}
[INFO] 2026/01/27 14:37:55 logger.go:71: 查询批量任务结果：map[cancelled_at:<nil> cancelling_at:<nil> completed_at:<nil> completion_window:24h created_at:1.76952465e+09 endpoint:/v1/chat/completions errors:<nil> expired_at:1.76961105e+09 expires_at:1.76961105e+09 failed_at:<nil> finalizing_at:<nil> id:batch_2601271437301485741539635 in_process_at:1.76952465e+09 input_file_id:file_2601271437272346589160516 object:spark output_file_id: request_counts:map[completed:5 failed:0 total:50] sid:bat000decaf@dx19bfe2c45020000572 status:in_progress]
[INFO] 2026/01/27 14:37:55 logger.go:71: 查询批量任务结果：&{ID: Object: Endpoint: InputFileID:file_2601271437272346589160516 CompletionWindow: Status:in_progress OutputFileID: ErrorFileID:<nil> CreatedAt:0 InProgressAt:0 ExpiresAt:0 FinalizingAt:0 CompletedAt:0 FailedAt:0 CancelledAt:0 RequestCounts:{Total:0 Completed:0 Failed:0} Metadata:map[] BatchID:batch_2601271437301485741539635 TotalCount:50 CompletedCount:5 FailedCount:0}
[INFO] 2026/01/27 14:37:55 logger.go:71: 查询批量任务结果：map[cancelled_at:<nil> cancelling_at:<nil> completed_at:<nil> completion_window:24h created_at:1.76952465e+09 endpoint:/v1/chat/completions errors:<nil> expired_at:1.76961105e+09 expires_at:1.76961105e+09 failed_at:<nil> finalizing_at:<nil> id:batch_2601271437302283550339637 in_process_at:1.76952465e+09 input_file_id:file_2601271437273433781560518 object:spark output_file_id: request_counts:map[completed:5 failed:0 total:50] sid:bat000decb0@dx19bfe2c454e0000572 status:in_progress]
[INFO] 2026/01/27 14:37:55 logger.go:71: 查询批量任务结果：&{ID: Object: Endpoint: InputFileID:file_2601271437273433781560518 CompletionWindow: Status:in_progress OutputFileID: ErrorFileID:<nil> CreatedAt:0 InProgressAt:0 ExpiresAt:0 FinalizingAt:0 CompletedAt:0 FailedAt:0 CancelledAt:0 RequestCounts:{Total:0 Completed:0 Failed:0} Metadata:map[] BatchID:batch_2601271437302283550339637 TotalCount:50 CompletedCount:5 FailedCount:0}
[INFO] 2026/01/27 14:37:58 logger.go:71: 查询批量任务结果：map[cancelled_at:<nil> cancelling_at:<nil> completed_at:<nil> completion_window:24h created_at:1.769524649e+09 endpoint:/v1/chat/completions errors:<nil> expired_at:1.769611049e+09 expires_at:1.769611049e+09 failed_at:<nil> finalizing_at:<nil> id:batch_2601271437294305960060519 in_process_at:1.769524649e+09 input_file_id:file_2601271437263867484239620 object:spark output_file_id: request_counts:map[completed:17 failed:0 total:50] sid:bat000d9af6@dx19bfe2c4e4c0000572 status:in_progress]
[INFO] 2026/01/27 14:37:58 logger.go:71: 查询批量任务结果：&{ID: Object: Endpoint: InputFileID:file_2601271437263867484239620 CompletionWindow: Status:in_progress OutputFileID: ErrorFileID:<nil> CreatedAt:0 InProgressAt:0 ExpiresAt:0 FinalizingAt:0 CompletedAt:0 FailedAt:0 CancelledAt:0 RequestCounts:{Total:0 Completed:0 Failed:0} Metadata:map[] BatchID:batch_2601271437294305960060519 TotalCount:50 CompletedCount:17 FailedCount:0}
[INFO] 2026/01/27 14:37:58 logger.go:71: 查询批量任务结果：map[cancelled_at:<nil> cancelling_at:<nil> completed_at:<nil> completion_window:24h created_at:1.769524649e+09 endpoint:/v1/chat/completions errors:<nil> expired_at:1.769611049e+09 expires_at:1.769611049e+09 failed_at:<nil> finalizing_at:<nil> id:batch_2601271437295182036360521 in_process_at:1.769524649e+09 input_file_id:file_2601271437265181433960510 object:spark output_file_id: request_counts:map[completed:5 failed:0 total:50] sid:bat000d9af7@dx19bfe2c4e930000572 status:in_progress]
[INFO] 2026/01/27 14:37:58 logger.go:71: 查询批量任务结果：&{ID: Object: Endpoint: InputFileID:file_2601271437265181433960510 CompletionWindow: Status:in_progress OutputFileID: ErrorFileID:<nil> CreatedAt:0 InProgressAt:0 ExpiresAt:0 FinalizingAt:0 CompletedAt:0 FailedAt:0 CancelledAt:0 RequestCounts:{Total:0 Completed:0 Failed:0} Metadata:map[] BatchID:batch_2601271437295182036360521 TotalCount:50 CompletedCount:5 FailedCount:0}
[INFO] 2026/01/27 14:37:58 logger.go:71: 查询批量任务结果：map[cancelled_at:<nil> cancelling_at:<nil> completed_at:<nil> completion_window:24h created_at:1.769524649e+09 endpoint:/v1/chat/completions errors:<nil> expired_at:1.769611049e+09 expires_at:1.769611049e+09 failed_at:<nil> finalizing_at:<nil> id:batch_2601271437296035759860523 in_process_at:1.769524649e+09 input_file_id:file_2601271437266136083639622 object:spark output_file_id: request_counts:map[completed:7 failed:0 total:50] sid:bat000decb6@dx19bfe2c4eda0000572 status:in_progress]
[INFO] 2026/01/27 14:37:58 logger.go:71: 查询批量任务结果：&{ID: Object: Endpoint: InputFileID:file_2601271437266136083639622 CompletionWindow: Status:in_progress OutputFileID: ErrorFileID:<nil> CreatedAt:0 InProgressAt:0 ExpiresAt:0 FinalizingAt:0 CompletedAt:0 FailedAt:0 CancelledAt:0 RequestCounts:{Total:0 Completed:0 Failed:0} Metadata:map[] BatchID:batch_2601271437296035759860523 TotalCount:50 CompletedCount:7 FailedCount:0}
[INFO] 2026/01/27 14:37:58 logger.go:71: 查询批量任务结果：map[cancelled_at:<nil> cancelling_at:<nil> completed_at:<nil> completion_window:24h created_at:1.769524649e+09 endpoint:/v1/chat/completions errors:<nil> expired_at:1.769611049e+09 expires_at:1.769611049e+09 failed_at:<nil> finalizing_at:<nil> id:batch_2601271437296801125960525 in_process_at:1.769524649e+09 input_file_id:file_2601271437267207140660512 object:spark output_file_id: request_counts:map[completed:7 failed:0 total:50] sid:bat000decb7@dx19bfe2c4f1c0000572 status:in_progress]
[INFO] 2026/01/27 14:37:58 logger.go:71: 查询批量任务结果：&{ID: Object: Endpoint: InputFileID:file_2601271437267207140660512 CompletionWindow: Status:in_progress OutputFileID: ErrorFileID:<nil> CreatedAt:0 InProgressAt:0 ExpiresAt:0 FinalizingAt:0 CompletedAt:0 FailedAt:0 CancelledAt:0 RequestCounts:{Total:0 Completed:0 Failed:0} Metadata:map[] BatchID:batch_2601271437296801125960525 TotalCount:50 CompletedCount:7 FailedCount:0}
[INFO] 2026/01/27 14:37:58 logger.go:71: 查询批量任务结果：map[cancelled_at:<nil> cancelling_at:<nil> completed_at:<nil> completion_window:24h created_at:1.769524649e+09 endpoint:/v1/chat/completions errors:<nil> expired_at:1.769611049e+09 expires_at:1.769611049e+09 failed_at:<nil> finalizing_at:<nil> id:batch_2601271437297563553539629 in_process_at:1.769524649e+09 input_file_id:file_2601271437268218054539624 object:spark output_file_id: request_counts:map[completed:7 failed:0 total:50] sid:bat000decb8@dx19bfe2c4f620000572 status:in_progress]
[INFO] 2026/01/27 14:37:58 logger.go:71: 查询批量任务结果：&{ID: Object: Endpoint: InputFileID:file_2601271437268218054539624 CompletionWindow: Status:in_progress OutputFileID: ErrorFileID:<nil> CreatedAt:0 InProgressAt:0 ExpiresAt:0 FinalizingAt:0 CompletedAt:0 FailedAt:0 CancelledAt:0 RequestCounts:{Total:0 Completed:0 Failed:0} Metadata:map[] BatchID:batch_2601271437297563553539629 TotalCount:50 CompletedCount:7 FailedCount:0}
[INFO] 2026/01/27 14:37:58 logger.go:71: 查询批量任务结果：map[cancelled_at:<nil> cancelling_at:<nil> completed_at:<nil> completion_window:24h created_at:1.769524649e+09 endpoint:/v1/chat/completions errors:<nil> expired_at:1.769611049e+09 expires_at:1.769611049e+09 failed_at:<nil> finalizing_at:<nil> id:batch_2601271437298336628039631 in_process_at:1.769524649e+09 input_file_id:file_2601271437269237987139626 object:spark output_file_id: request_counts:map[completed:8 failed:0 total:50] sid:bat000d9af8@dx19bfe2c4fa40000572 status:in_progress]
[INFO] 2026/01/27 14:37:58 logger.go:71: 查询批量任务结果：&{ID: Object: Endpoint: InputFileID:file_2601271437269237987139626 CompletionWindow: Status:in_progress OutputFileID: ErrorFileID:<nil> CreatedAt:0 InProgressAt:0 ExpiresAt:0 FinalizingAt:0 CompletedAt:0 FailedAt:0 CancelledAt:0 RequestCounts:{Total:0 Completed:0 Failed:0} Metadata:map[] BatchID:batch_2601271437298336628039631 TotalCount:50 CompletedCount:8 FailedCount:0}
[INFO] 2026/01/27 14:37:58 logger.go:71: 查询批量任务结果：map[cancelled_at:<nil> cancelling_at:<nil> completed_at:<nil> completion_window:24h created_at:1.769524649e+09 endpoint:/v1/chat/completions errors:<nil> expired_at:1.769611049e+09 expires_at:1.769611049e+09 failed_at:<nil> finalizing_at:<nil> id:batch_2601271437299793491460527 in_process_at:1.769524649e+09 input_file_id:file_2601271437270362743539628 object:spark output_file_id: request_counts:map[completed:5 failed:0 total:50] sid:bat000d9af9@dx19bfe2c4fe70000572 status:in_progress]
[INFO] 2026/01/27 14:37:58 logger.go:71: 查询批量任务结果：&{ID: Object: Endpoint: InputFileID:file_2601271437270362743539628 CompletionWindow: Status:in_progress OutputFileID: ErrorFileID:<nil> CreatedAt:0 InProgressAt:0 ExpiresAt:0 FinalizingAt:0 CompletedAt:0 FailedAt:0 CancelledAt:0 RequestCounts:{Total:0 Completed:0 Failed:0} Metadata:map[] BatchID:batch_2601271437299793491460527 TotalCount:50 CompletedCount:5 FailedCount:0}
[INFO] 2026/01/27 14:37:58 logger.go:71: 查询批量任务结果：map[cancelled_at:<nil> cancelling_at:<nil> completed_at:<nil> completion_window:24h created_at:1.76952465e+09 endpoint:/v1/chat/completions errors:<nil> expired_at:1.76961105e+09 expires_at:1.76961105e+09 failed_at:<nil> finalizing_at:<nil> id:batch_2601271437300616387039633 in_process_at:1.76952465e+09 input_file_id:file_2601271437271321801860514 object:spark output_file_id: request_counts:map[completed:5 failed:0 total:50] sid:bat000d9afa@dx19bfe2c502b0000572 status:in_progress]
[INFO] 2026/01/27 14:37:58 logger.go:71: 查询批量任务结果：&{ID: Object: Endpoint: InputFileID:file_2601271437271321801860514 CompletionWindow: Status:in_progress OutputFileID: ErrorFileID:<nil> CreatedAt:0 InProgressAt:0 ExpiresAt:0 FinalizingAt:0 CompletedAt:0 FailedAt:0 CancelledAt:0 RequestCounts:{Total:0 Completed:0 Failed:0} Metadata:map[] BatchID:batch_2601271437300616387039633 TotalCount:50 CompletedCount:5 FailedCount:0}
[INFO] 2026/01/27 14:37:58 logger.go:71: 查询批量任务结果：map[cancelled_at:<nil> cancelling_at:<nil> completed_at:<nil> completion_window:24h created_at:1.76952465e+09 endpoint:/v1/chat/completions errors:<nil> expired_at:1.76961105e+09 expires_at:1.76961105e+09 failed_at:<nil> finalizing_at:<nil> id:batch_2601271437301485741539635 in_process_at:1.76952465e+09 input_file_id:file_2601271437272346589160516 object:spark output_file_id: request_counts:map[completed:7 failed:0 total:50] sid:bat000d9afb@dx19bfe2c50710000572 status:in_progress]
[INFO] 2026/01/27 14:37:58 logger.go:71: 查询批量任务结果：&{ID: Object: Endpoint: InputFileID:file_2601271437272346589160516 CompletionWindow: Status:in_progress OutputFileID: ErrorFileID:<nil> CreatedAt:0 InProgressAt:0 ExpiresAt:0 FinalizingAt:0 CompletedAt:0 FailedAt:0 CancelledAt:0 RequestCounts:{Total:0 Completed:0 Failed:0} Metadata:map[] BatchID:batch_2601271437301485741539635 TotalCount:50 CompletedCount:7 FailedCount:0}
[INFO] 2026/01/27 14:37:58 logger.go:71: 查询批量任务结果：map[cancelled_at:<nil> cancelling_at:<nil> completed_at:<nil> completion_window:24h created_at:1.76952465e+09 endpoint:/v1/chat/completions errors:<nil> expired_at:1.76961105e+09 expires_at:1.76961105e+09 failed_at:<nil> finalizing_at:<nil> id:batch_2601271437302283550339637 in_process_at:1.76952465e+09 input_file_id:file_2601271437273433781560518 object:spark output_file_id: request_counts:map[completed:6 failed:0 total:50] sid:bat000d9afc@dx19bfe2c50b70000572 status:in_progress]
[INFO] 2026/01/27 14:37:58 logger.go:71: 查询批量任务结果：&{ID: Object: Endpoint: InputFileID:file_2601271437273433781560518 CompletionWindow: Status:in_progress OutputFileID: ErrorFileID:<nil> CreatedAt:0 InProgressAt:0 ExpiresAt:0 FinalizingAt:0 CompletedAt:0 FailedAt:0 CancelledAt:0 RequestCounts:{Total:0 Completed:0 Failed:0} Metadata:map[] BatchID:batch_2601271437302283550339637 TotalCount:50 CompletedCount:6 FailedCount:0}
[INFO] 2026/01/27 14:38:00 logger.go:71: 查询批量任务结果：map[cancelled_at:<nil> cancelling_at:<nil> completed_at:<nil> completion_window:24h created_at:1.769524649e+09 endpoint:/v1/chat/completions errors:<nil> expired_at:1.769611049e+09 expires_at:1.769611049e+09 failed_at:<nil> finalizing_at:<nil> id:batch_2601271437294305960060519 in_process_at:1.769524649e+09 input_file_id:file_2601271437263867484239620 object:spark output_file_id: request_counts:map[completed:17 failed:0 total:50] sid:bat000d9afd@dx19bfe2c58d90000572 status:in_progress]
[INFO] 2026/01/27 14:38:00 logger.go:71: 查询批量任务结果：&{ID: Object: Endpoint: InputFileID:file_2601271437263867484239620 CompletionWindow: Status:in_progress OutputFileID: ErrorFileID:<nil> CreatedAt:0 InProgressAt:0 ExpiresAt:0 FinalizingAt:0 CompletedAt:0 FailedAt:0 CancelledAt:0 RequestCounts:{Total:0 Completed:0 Failed:0} Metadata:map[] BatchID:batch_2601271437294305960060519 TotalCount:50 CompletedCount:17 FailedCount:0}
[INFO] 2026/01/27 14:38:00 logger.go:71: 查询批量任务结果：map[cancelled_at:<nil> cancelling_at:<nil> completed_at:<nil> completion_window:24h created_at:1.769524649e+09 endpoint:/v1/chat/completions errors:<nil> expired_at:1.769611049e+09 expires_at:1.769611049e+09 failed_at:<nil> finalizing_at:<nil> id:batch_2601271437295182036360521 in_process_at:1.769524649e+09 input_file_id:file_2601271437265181433960510 object:spark output_file_id: request_counts:map[completed:7 failed:0 total:50] sid:bat000d9afe@dx19bfe2c59200000572 status:in_progress]
[INFO] 2026/01/27 14:38:00 logger.go:71: 查询批量任务结果：&{ID: Object: Endpoint: InputFileID:file_2601271437265181433960510 CompletionWindow: Status:in_progress OutputFileID: ErrorFileID:<nil> CreatedAt:0 InProgressAt:0 ExpiresAt:0 FinalizingAt:0 CompletedAt:0 FailedAt:0 CancelledAt:0 RequestCounts:{Total:0 Completed:0 Failed:0} Metadata:map[] BatchID:batch_2601271437295182036360521 TotalCount:50 CompletedCount:7 FailedCount:0}
[INFO] 2026/01/27 14:38:00 logger.go:71: 查询批量任务结果：map[cancelled_at:<nil> cancelling_at:<nil> completed_at:<nil> completion_window:24h created_at:1.769524649e+09 endpoint:/v1/chat/completions errors:<nil> expired_at:1.769611049e+09 expires_at:1.769611049e+09 failed_at:<nil> finalizing_at:<nil> id:batch_2601271437296035759860523 in_process_at:1.769524649e+09 input_file_id:file_2601271437266136083639622 object:spark output_file_id: request_counts:map[completed:7 failed:0 total:50] sid:bat000d9aff@dx19bfe2c59660000572 status:in_progress]
[INFO] 2026/01/27 14:38:00 logger.go:71: 查询批量任务结果：&{ID: Object: Endpoint: InputFileID:file_2601271437266136083639622 CompletionWindow: Status:in_progress OutputFileID: ErrorFileID:<nil> CreatedAt:0 InProgressAt:0 ExpiresAt:0 FinalizingAt:0 CompletedAt:0 FailedAt:0 CancelledAt:0 RequestCounts:{Total:0 Completed:0 Failed:0} Metadata:map[] BatchID:batch_2601271437296035759860523 TotalCount:50 CompletedCount:7 FailedCount:0}
[INFO] 2026/01/27 14:38:00 logger.go:71: 查询批量任务结果：map[cancelled_at:<nil> cancelling_at:<nil> completed_at:<nil> completion_window:24h created_at:1.769524649e+09 endpoint:/v1/chat/completions errors:<nil> expired_at:1.769611049e+09 expires_at:1.769611049e+09 failed_at:<nil> finalizing_at:<nil> id:batch_2601271437296801125960525 in_process_at:1.769524649e+09 input_file_id:file_2601271437267207140660512 object:spark output_file_id: request_counts:map[completed:9 failed:0 total:50] sid:bat000d9b00@dx19bfe2c59b20000572 status:in_progress]
[INFO] 2026/01/27 14:38:00 logger.go:71: 查询批量任务结果：&{ID: Object: Endpoint: InputFileID:file_2601271437267207140660512 CompletionWindow: Status:in_progress OutputFileID: ErrorFileID:<nil> CreatedAt:0 InProgressAt:0 ExpiresAt:0 FinalizingAt:0 CompletedAt:0 FailedAt:0 CancelledAt:0 RequestCounts:{Total:0 Completed:0 Failed:0} Metadata:map[] BatchID:batch_2601271437296801125960525 TotalCount:50 CompletedCount:9 FailedCount:0}
[INFO] 2026/01/27 14:38:01 logger.go:71: 查询批量任务结果：map[cancelled_at:<nil> cancelling_at:<nil> completed_at:<nil> completion_window:24h created_at:1.769524649e+09 endpoint:/v1/chat/completions errors:<nil> expired_at:1.769611049e+09 expires_at:1.769611049e+09 failed_at:<nil> finalizing_at:<nil> id:batch_2601271437297563553539629 in_process_at:1.769524649e+09 input_file_id:file_2601271437268218054539624 object:spark output_file_id: request_counts:map[completed:7 failed:0 total:50] sid:bat000decb9@dx19bfe2c59f70000572 status:in_progress]
[INFO] 2026/01/27 14:38:01 logger.go:71: 查询批量任务结果：&{ID: Object: Endpoint: InputFileID:file_2601271437268218054539624 CompletionWindow: Status:in_progress OutputFileID: ErrorFileID:<nil> CreatedAt:0 InProgressAt:0 ExpiresAt:0 FinalizingAt:0 CompletedAt:0 FailedAt:0 CancelledAt:0 RequestCounts:{Total:0 Completed:0 Failed:0} Metadata:map[] BatchID:batch_2601271437297563553539629 TotalCount:50 CompletedCount:7 FailedCount:0}
[INFO] 2026/01/27 14:38:01 logger.go:71: 查询批量任务结果：map[cancelled_at:<nil> cancelling_at:<nil> completed_at:<nil> completion_window:24h created_at:1.769524649e+09 endpoint:/v1/chat/completions errors:<nil> expired_at:1.769611049e+09 expires_at:1.769611049e+09 failed_at:<nil> finalizing_at:<nil> id:batch_2601271437298336628039631 in_process_at:1.769524649e+09 input_file_id:file_2601271437269237987139626 object:spark output_file_id: request_counts:map[completed:10 failed:0 total:50] sid:bat000d9b01@dx19bfe2c5a3f0000572 status:in_progress]
[INFO] 2026/01/27 14:38:01 logger.go:71: 查询批量任务结果：&{ID: Object: Endpoint: InputFileID:file_2601271437269237987139626 CompletionWindow: Status:in_progress OutputFileID: ErrorFileID:<nil> CreatedAt:0 InProgressAt:0 ExpiresAt:0 FinalizingAt:0 CompletedAt:0 FailedAt:0 CancelledAt:0 RequestCounts:{Total:0 Completed:0 Failed:0} Metadata:map[] BatchID:batch_2601271437298336628039631 TotalCount:50 CompletedCount:10 FailedCount:0}
[INFO] 2026/01/27 14:38:01 logger.go:71: 查询批量任务结果：map[cancelled_at:<nil> cancelling_at:<nil> completed_at:<nil> completion_window:24h created_at:1.769524649e+09 endpoint:/v1/chat/completions errors:<nil> expired_at:1.769611049e+09 expires_at:1.769611049e+09 failed_at:<nil> finalizing_at:<nil> id:batch_2601271437299793491460527 in_process_at:1.769524649e+09 input_file_id:file_2601271437270362743539628 object:spark output_file_id: request_counts:map[completed:5 failed:0 total:50] sid:bat000d9b02@dx19bfe2c5a860000572 status:in_progress]
[INFO] 2026/01/27 14:38:01 logger.go:71: 查询批量任务结果：&{ID: Object: Endpoint: InputFileID:file_2601271437270362743539628 CompletionWindow: Status:in_progress OutputFileID: ErrorFileID:<nil> CreatedAt:0 InProgressAt:0 ExpiresAt:0 FinalizingAt:0 CompletedAt:0 FailedAt:0 CancelledAt:0 RequestCounts:{Total:0 Completed:0 Failed:0} Metadata:map[] BatchID:batch_2601271437299793491460527 TotalCount:50 CompletedCount:5 FailedCount:0}
[INFO] 2026/01/27 14:38:01 logger.go:71: 查询批量任务结果：map[cancelled_at:<nil> cancelling_at:<nil> completed_at:<nil> completion_window:24h created_at:1.76952465e+09 endpoint:/v1/chat/completions errors:<nil> expired_at:1.76961105e+09 expires_at:1.76961105e+09 failed_at:<nil> finalizing_at:<nil> id:batch_2601271437300616387039633 in_process_at:1.76952465e+09 input_file_id:file_2601271437271321801860514 object:spark output_file_id: request_counts:map[completed:7 failed:0 total:50] sid:bat000d9b03@dx19bfe2c5aca0000572 status:in_progress]
[INFO] 2026/01/27 14:38:01 logger.go:71: 查询批量任务结果：&{ID: Object: Endpoint: InputFileID:file_2601271437271321801860514 CompletionWindow: Status:in_progress OutputFileID: ErrorFileID:<nil> CreatedAt:0 InProgressAt:0 ExpiresAt:0 FinalizingAt:0 CompletedAt:0 FailedAt:0 CancelledAt:0 RequestCounts:{Total:0 Completed:0 Failed:0} Metadata:map[] BatchID:batch_2601271437300616387039633 TotalCount:50 CompletedCount:7 FailedCount:0}
[INFO] 2026/01/27 14:38:01 logger.go:71: 查询批量任务结果：map[cancelled_at:<nil> cancelling_at:<nil> completed_at:<nil> completion_window:24h created_at:1.76952465e+09 endpoint:/v1/chat/completions errors:<nil> expired_at:1.76961105e+09 expires_at:1.76961105e+09 failed_at:<nil> finalizing_at:<nil> id:batch_2601271437301485741539635 in_process_at:1.76952465e+09 input_file_id:file_2601271437272346589160516 object:spark output_file_id: request_counts:map[completed:10 failed:0 total:50] sid:bat000decba@dx19bfe2c5b0e0000572 status:in_progress]
[INFO] 2026/01/27 14:38:01 logger.go:71: 查询批量任务结果：&{ID: Object: Endpoint: InputFileID:file_2601271437272346589160516 CompletionWindow: Status:in_progress OutputFileID: ErrorFileID:<nil> CreatedAt:0 InProgressAt:0 ExpiresAt:0 FinalizingAt:0 CompletedAt:0 FailedAt:0 CancelledAt:0 RequestCounts:{Total:0 Completed:0 Failed:0} Metadata:map[] BatchID:batch_2601271437301485741539635 TotalCount:50 CompletedCount:10 FailedCount:0}
[INFO] 2026/01/27 14:38:01 logger.go:71: 查询批量任务结果：map[cancelled_at:<nil> cancelling_at:<nil> completed_at:<nil> completion_window:24h created_at:1.76952465e+09 endpoint:/v1/chat/completions errors:<nil> expired_at:1.76961105e+09 expires_at:1.76961105e+09 failed_at:<nil> finalizing_at:<nil> id:batch_2601271437302283550339637 in_process_at:1.76952465e+09 input_file_id:file_2601271437273433781560518 object:spark output_file_id: request_counts:map[completed:7 failed:0 total:50] sid:bat000d9b04@dx19bfe2c5b530000572 status:in_progress]
[INFO] 2026/01/27 14:38:01 logger.go:71: 查询批量任务结果：&{ID: Object: Endpoint: InputFileID:file_2601271437273433781560518 CompletionWindow: Status:in_progress OutputFileID: ErrorFileID:<nil> CreatedAt:0 InProgressAt:0 ExpiresAt:0 FinalizingAt:0 CompletedAt:0 FailedAt:0 CancelledAt:0 RequestCounts:{Total:0 Completed:0 Failed:0} Metadata:map[] BatchID:batch_2601271437302283550339637 TotalCount:50 CompletedCount:7 FailedCount:0}
[INFO] 2026/01/27 14:38:03 logger.go:71: 查询批量任务结果：map[cancelled_at:<nil> cancelling_at:<nil> completed_at:<nil> completion_window:24h created_at:1.769524649e+09 endpoint:/v1/chat/completions errors:<nil> expired_at:1.769611049e+09 expires_at:1.769611049e+09 failed_at:<nil> finalizing_at:<nil> id:batch_2601271437294305960060519 in_process_at:1.769524649e+09 input_file_id:file_2601271437263867484239620 object:spark output_file_id: request_counts:map[completed:17 failed:0 total:50] sid:bat000decbb@dx19bfe2c636e0000572 status:in_progress]
[INFO] 2026/01/27 14:38:03 logger.go:71: 查询批量任务结果：&{ID: Object: Endpoint: InputFileID:file_2601271437263867484239620 CompletionWindow: Status:in_progress OutputFileID: ErrorFileID:<nil> CreatedAt:0 InProgressAt:0 ExpiresAt:0 FinalizingAt:0 CompletedAt:0 FailedAt:0 CancelledAt:0 RequestCounts:{Total:0 Completed:0 Failed:0} Metadata:map[] BatchID:batch_2601271437294305960060519 TotalCount:50 CompletedCount:17 FailedCount:0}
[INFO] 2026/01/27 14:38:03 logger.go:71: 查询批量任务结果：map[cancelled_at:<nil> cancelling_at:<nil> completed_at:<nil> completion_window:24h created_at:1.769524649e+09 endpoint:/v1/chat/completions errors:<nil> expired_at:1.769611049e+09 expires_at:1.769611049e+09 failed_at:<nil> finalizing_at:<nil> id:batch_2601271437295182036360521 in_process_at:1.769524649e+09 input_file_id:file_2601271437265181433960510 object:spark output_file_id: request_counts:map[completed:7 failed:0 total:50] sid:bat000d9b07@dx19bfe2c63b50000572 status:in_progress]
[INFO] 2026/01/27 14:38:03 logger.go:71: 查询批量任务结果：&{ID: Object: Endpoint: InputFileID:file_2601271437265181433960510 CompletionWindow: Status:in_progress OutputFileID: ErrorFileID:<nil> CreatedAt:0 InProgressAt:0 ExpiresAt:0 FinalizingAt:0 CompletedAt:0 FailedAt:0 CancelledAt:0 RequestCounts:{Total:0 Completed:0 Failed:0} Metadata:map[] BatchID:batch_2601271437295182036360521 TotalCount:50 CompletedCount:7 FailedCount:0}
[INFO] 2026/01/27 14:38:03 logger.go:71: 查询批量任务结果：map[cancelled_at:<nil> cancelling_at:<nil> completed_at:<nil> completion_window:24h created_at:1.769524649e+09 endpoint:/v1/chat/completions errors:<nil> expired_at:1.769611049e+09 expires_at:1.769611049e+09 failed_at:<nil> finalizing_at:<nil> id:batch_2601271437296035759860523 in_process_at:1.769524649e+09 input_file_id:file_2601271437266136083639622 object:spark output_file_id: request_counts:map[completed:9 failed:0 total:50] sid:bat000decbc@dx19bfe2c64050000572 status:in_progress]
[INFO] 2026/01/27 14:38:03 logger.go:71: 查询批量任务结果：&{ID: Object: Endpoint: InputFileID:file_2601271437266136083639622 CompletionWindow: Status:in_progress OutputFileID: ErrorFileID:<nil> CreatedAt:0 InProgressAt:0 ExpiresAt:0 FinalizingAt:0 CompletedAt:0 FailedAt:0 CancelledAt:0 RequestCounts:{Total:0 Completed:0 Failed:0} Metadata:map[] BatchID:batch_2601271437296035759860523 TotalCount:50 CompletedCount:9 FailedCount:0}
[INFO] 2026/01/27 14:38:03 logger.go:71: 查询批量任务结果：map[cancelled_at:<nil> cancelling_at:<nil> completed_at:<nil> completion_window:24h created_at:1.769524649e+09 endpoint:/v1/chat/completions errors:<nil> expired_at:1.769611049e+09 expires_at:1.769611049e+09 failed_at:<nil> finalizing_at:<nil> id:batch_2601271437296801125960525 in_process_at:1.769524649e+09 input_file_id:file_2601271437267207140660512 object:spark output_file_id: request_counts:map[completed:11 failed:0 total:50] sid:bat000d9b08@dx19bfe2c644f0000572 status:in_progress]
[INFO] 2026/01/27 14:38:03 logger.go:71: 查询批量任务结果：&{ID: Object: Endpoint: InputFileID:file_2601271437267207140660512 CompletionWindow: Status:in_progress OutputFileID: ErrorFileID:<nil> CreatedAt:0 InProgressAt:0 ExpiresAt:0 FinalizingAt:0 CompletedAt:0 FailedAt:0 CancelledAt:0 RequestCounts:{Total:0 Completed:0 Failed:0} Metadata:map[] BatchID:batch_2601271437296801125960525 TotalCount:50 CompletedCount:11 FailedCount:0}
[INFO] 2026/01/27 14:38:03 logger.go:71: 查询批量任务结果：map[cancelled_at:<nil> cancelling_at:<nil> completed_at:<nil> completion_window:24h created_at:1.769524649e+09 endpoint:/v1/chat/completions errors:<nil> expired_at:1.769611049e+09 expires_at:1.769611049e+09 failed_at:<nil> finalizing_at:<nil> id:batch_2601271437297563553539629 in_process_at:1.769524649e+09 input_file_id:file_2601271437268218054539624 object:spark output_file_id: request_counts:map[completed:8 failed:0 total:50] sid:bat000d9b09@dx19bfe2c649f0000572 status:in_progress]
[INFO] 2026/01/27 14:38:03 logger.go:71: 查询批量任务结果：&{ID: Object: Endpoint: InputFileID:file_2601271437268218054539624 CompletionWindow: Status:in_progress OutputFileID: ErrorFileID:<nil> CreatedAt:0 InProgressAt:0 ExpiresAt:0 FinalizingAt:0 CompletedAt:0 FailedAt:0 CancelledAt:0 RequestCounts:{Total:0 Completed:0 Failed:0} Metadata:map[] BatchID:batch_2601271437297563553539629 TotalCount:50 CompletedCount:8 FailedCount:0}
[INFO] 2026/01/27 14:38:03 logger.go:71: 查询批量任务结果：map[cancelled_at:<nil> cancelling_at:<nil> completed_at:<nil> completion_window:24h created_at:1.769524649e+09 endpoint:/v1/chat/completions errors:<nil> expired_at:1.769611049e+09 expires_at:1.769611049e+09 failed_at:<nil> finalizing_at:<nil> id:batch_2601271437298336628039631 in_process_at:1.769524649e+09 input_file_id:file_2601271437269237987139626 object:spark output_file_id: request_counts:map[completed:11 failed:0 total:50] sid:bat000decbd@dx19bfe2c65150000572 status:in_progress]
[INFO] 2026/01/27 14:38:03 logger.go:71: 查询批量任务结果：&{ID: Object: Endpoint: InputFileID:file_2601271437269237987139626 CompletionWindow: Status:in_progress OutputFileID: ErrorFileID:<nil> CreatedAt:0 InProgressAt:0 ExpiresAt:0 FinalizingAt:0 CompletedAt:0 FailedAt:0 CancelledAt:0 RequestCounts:{Total:0 Completed:0 Failed:0} Metadata:map[] BatchID:batch_2601271437298336628039631 TotalCount:50 CompletedCount:11 FailedCount:0}
[INFO] 2026/01/27 14:38:03 logger.go:71: 查询批量任务结果：map[cancelled_at:<nil> cancelling_at:<nil> completed_at:<nil> completion_window:24h created_at:1.769524649e+09 endpoint:/v1/chat/completions errors:<nil> expired_at:1.769611049e+09 expires_at:1.769611049e+09 failed_at:<nil> finalizing_at:<nil> id:batch_2601271437299793491460527 in_process_at:1.769524649e+09 input_file_id:file_2601271437270362743539628 object:spark output_file_id: request_counts:map[completed:7 failed:0 total:50] sid:bat000d9b0a@dx19bfe2c655d0000572 status:in_progress]
[INFO] 2026/01/27 14:38:03 logger.go:71: 查询批量任务结果：&{ID: Object: Endpoint: InputFileID:file_2601271437270362743539628 CompletionWindow: Status:in_progress OutputFileID: ErrorFileID:<nil> CreatedAt:0 InProgressAt:0 ExpiresAt:0 FinalizingAt:0 CompletedAt:0 FailedAt:0 CancelledAt:0 RequestCounts:{Total:0 Completed:0 Failed:0} Metadata:map[] BatchID:batch_2601271437299793491460527 TotalCount:50 CompletedCount:7 FailedCount:0}
[INFO] 2026/01/27 14:38:03 logger.go:71: 查询批量任务结果：map[cancelled_at:<nil> cancelling_at:<nil> completed_at:<nil> completion_window:24h created_at:1.76952465e+09 endpoint:/v1/chat/completions errors:<nil> expired_at:1.76961105e+09 expires_at:1.76961105e+09 failed_at:<nil> finalizing_at:<nil> id:batch_2601271437300616387039633 in_process_at:1.76952465e+09 input_file_id:file_2601271437271321801860514 object:spark output_file_id: request_counts:map[completed:8 failed:0 total:50] sid:bat000decbe@dx19bfe2c65a30000572 status:in_progress]
[INFO] 2026/01/27 14:38:03 logger.go:71: 查询批量任务结果：&{ID: Object: Endpoint: InputFileID:file_2601271437271321801860514 CompletionWindow: Status:in_progress OutputFileID: ErrorFileID:<nil> CreatedAt:0 InProgressAt:0 ExpiresAt:0 FinalizingAt:0 CompletedAt:0 FailedAt:0 CancelledAt:0 RequestCounts:{Total:0 Completed:0 Failed:0} Metadata:map[] BatchID:batch_2601271437300616387039633 TotalCount:50 CompletedCount:8 FailedCount:0}
[INFO] 2026/01/27 14:38:04 logger.go:71: 查询批量任务结果：map[cancelled_at:<nil> cancelling_at:<nil> completed_at:<nil> completion_window:24h created_at:1.76952465e+09 endpoint:/v1/chat/completions errors:<nil> expired_at:1.76961105e+09 expires_at:1.76961105e+09 failed_at:<nil> finalizing_at:<nil> id:batch_2601271437301485741539635 in_process_at:1.76952465e+09 input_file_id:file_2601271437272346589160516 object:spark output_file_id: request_counts:map[completed:12 failed:0 total:50] sid:bat000d9b0b@dx19bfe2c65e30000572 status:in_progress]
[INFO] 2026/01/27 14:38:04 logger.go:71: 查询批量任务结果：&{ID: Object: Endpoint: InputFileID:file_2601271437272346589160516 CompletionWindow: Status:in_progress OutputFileID: ErrorFileID:<nil> CreatedAt:0 InProgressAt:0 ExpiresAt:0 FinalizingAt:0 CompletedAt:0 FailedAt:0 CancelledAt:0 RequestCounts:{Total:0 Completed:0 Failed:0} Metadata:map[] BatchID:batch_2601271437301485741539635 TotalCount:50 CompletedCount:12 FailedCount:0}
[INFO] 2026/01/27 14:38:04 logger.go:71: 查询批量任务结果：map[cancelled_at:<nil> cancelling_at:<nil> completed_at:<nil> completion_window:24h created_at:1.76952465e+09 endpoint:/v1/chat/completions errors:<nil> expired_at:1.76961105e+09 expires_at:1.76961105e+09 failed_at:<nil> finalizing_at:<nil> id:batch_2601271437302283550339637 in_process_at:1.76952465e+09 input_file_id:file_2601271437273433781560518 object:spark output_file_id: request_counts:map[completed:7 failed:0 total:50] sid:bat000d9b0c@dx19bfe2c66320000572 status:in_progress]
[INFO] 2026/01/27 14:38:04 logger.go:71: 查询批量任务结果：&{ID: Object: Endpoint: InputFileID:file_2601271437273433781560518 CompletionWindow: Status:in_progress OutputFileID: ErrorFileID:<nil> CreatedAt:0 InProgressAt:0 ExpiresAt:0 FinalizingAt:0 CompletedAt:0 FailedAt:0 CancelledAt:0 RequestCounts:{Total:0 Completed:0 Failed:0} Metadata:map[] BatchID:batch_2601271437302283550339637 TotalCount:50 CompletedCount:7 FailedCount:0}
[INFO] 2026/01/27 14:38:06 logger.go:71: 查询批量任务结果：map[cancelled_at:<nil> cancelling_at:<nil> completed_at:<nil> completion_window:24h created_at:1.769524649e+09 endpoint:/v1/chat/completions errors:<nil> expired_at:1.769611049e+09 expires_at:1.769611049e+09 failed_at:<nil> finalizing_at:<nil> id:batch_2601271437294305960060519 in_process_at:1.769524649e+09 input_file_id:file_2601271437263867484239620 object:spark output_file_id: request_counts:map[completed:19 failed:0 total:50] sid:bat000d9b0d@dx19bfe2c6e5d0000572 status:in_progress]
[INFO] 2026/01/27 14:38:06 logger.go:71: 查询批量任务结果：&{ID: Object: Endpoint: InputFileID:file_2601271437263867484239620 CompletionWindow: Status:in_progress OutputFileID: ErrorFileID:<nil> CreatedAt:0 InProgressAt:0 ExpiresAt:0 FinalizingAt:0 CompletedAt:0 FailedAt:0 CancelledAt:0 RequestCounts:{Total:0 Completed:0 Failed:0} Metadata:map[] BatchID:batch_2601271437294305960060519 TotalCount:50 CompletedCount:19 FailedCount:0}
[INFO] 2026/01/27 14:38:06 logger.go:71: 查询批量任务结果：map[cancelled_at:<nil> cancelling_at:<nil> completed_at:<nil> completion_window:24h created_at:1.769524649e+09 endpoint:/v1/chat/completions errors:<nil> expired_at:1.769611049e+09 expires_at:1.769611049e+09 failed_at:<nil> finalizing_at:<nil> id:batch_2601271437295182036360521 in_process_at:1.769524649e+09 input_file_id:file_2601271437265181433960510 object:spark output_file_id: request_counts:map[completed:8 failed:0 total:50] sid:bat000d9b0e@dx19bfe2c6ec40000572 status:in_progress]
[INFO] 2026/01/27 14:38:06 logger.go:71: 查询批量任务结果：&{ID: Object: Endpoint: InputFileID:file_2601271437265181433960510 CompletionWindow: Status:in_progress OutputFileID: ErrorFileID:<nil> CreatedAt:0 InProgressAt:0 ExpiresAt:0 FinalizingAt:0 CompletedAt:0 FailedAt:0 CancelledAt:0 RequestCounts:{Total:0 Completed:0 Failed:0} Metadata:map[] BatchID:batch_2601271437295182036360521 TotalCount:50 CompletedCount:8 FailedCount:0}
[INFO] 2026/01/27 14:38:06 logger.go:71: 查询批量任务结果：map[cancelled_at:<nil> cancelling_at:<nil> completed_at:<nil> completion_window:24h created_at:1.769524649e+09 endpoint:/v1/chat/completions errors:<nil> expired_at:1.769611049e+09 expires_at:1.769611049e+09 failed_at:<nil> finalizing_at:<nil> id:batch_2601271437296035759860523 in_process_at:1.769524649e+09 input_file_id:file_2601271437266136083639622 object:spark output_file_id: request_counts:map[completed:9 failed:0 total:50] sid:bat000d9b0f@dx19bfe2c6f150000572 status:in_progress]
[INFO] 2026/01/27 14:38:06 logger.go:71: 查询批量任务结果：&{ID: Object: Endpoint: InputFileID:file_2601271437266136083639622 CompletionWindow: Status:in_progress OutputFileID: ErrorFileID:<nil> CreatedAt:0 InProgressAt:0 ExpiresAt:0 FinalizingAt:0 CompletedAt:0 FailedAt:0 CancelledAt:0 RequestCounts:{Total:0 Completed:0 Failed:0} Metadata:map[] BatchID:batch_2601271437296035759860523 TotalCount:50 CompletedCount:9 FailedCount:0}
[INFO] 2026/01/27 14:38:06 logger.go:71: 查询批量任务结果：map[cancelled_at:<nil> cancelling_at:<nil> completed_at:<nil> completion_window:24h created_at:1.769524649e+09 endpoint:/v1/chat/completions errors:<nil> expired_at:1.769611049e+09 expires_at:1.769611049e+09 failed_at:<nil> finalizing_at:<nil> id:batch_2601271437296801125960525 in_process_at:1.769524649e+09 input_file_id:file_2601271437267207140660512 object:spark output_file_id: request_counts:map[completed:13 failed:0 total:50] sid:bat000decbf@dx19bfe2c6f5a0000572 status:in_progress]
[INFO] 2026/01/27 14:38:06 logger.go:71: 查询批量任务结果：&{ID: Object: Endpoint: InputFileID:file_2601271437267207140660512 CompletionWindow: Status:in_progress OutputFileID: ErrorFileID:<nil> CreatedAt:0 InProgressAt:0 ExpiresAt:0 FinalizingAt:0 CompletedAt:0 FailedAt:0 CancelledAt:0 RequestCounts:{Total:0 Completed:0 Failed:0} Metadata:map[] BatchID:batch_2601271437296801125960525 TotalCount:50 CompletedCount:13 FailedCount:0}
[INFO] 2026/01/27 14:38:06 logger.go:71: 查询批量任务结果：map[cancelled_at:<nil> cancelling_at:<nil> completed_at:<nil> completion_window:24h created_at:1.769524649e+09 endpoint:/v1/chat/completions errors:<nil> expired_at:1.769611049e+09 expires_at:1.769611049e+09 failed_at:<nil> finalizing_at:<nil> id:batch_2601271437297563553539629 in_process_at:1.769524649e+09 input_file_id:file_2601271437268218054539624 object:spark output_file_id: request_counts:map[completed:9 failed:0 total:50] sid:bat000decc0@dx19bfe2c6fa20000572 status:in_progress]
[INFO] 2026/01/27 14:38:06 logger.go:71: 查询批量任务结果：&{ID: Object: Endpoint: InputFileID:file_2601271437268218054539624 CompletionWindow: Status:in_progress OutputFileID: ErrorFileID:<nil> CreatedAt:0 InProgressAt:0 ExpiresAt:0 FinalizingAt:0 CompletedAt:0 FailedAt:0 CancelledAt:0 RequestCounts:{Total:0 Completed:0 Failed:0} Metadata:map[] BatchID:batch_2601271437297563553539629 TotalCount:50 CompletedCount:9 FailedCount:0}
[INFO] 2026/01/27 14:38:06 logger.go:71: 查询批量任务结果：map[cancelled_at:<nil> cancelling_at:<nil> completed_at:<nil> completion_window:24h created_at:1.769524649e+09 endpoint:/v1/chat/completions errors:<nil> expired_at:1.769611049e+09 expires_at:1.769611049e+09 failed_at:<nil> finalizing_at:<nil> id:batch_2601271437298336628039631 in_process_at:1.769524649e+09 input_file_id:file_2601271437269237987139626 object:spark output_file_id: request_counts:map[completed:13 failed:0 total:50] sid:bat000decc1@dx19bfe2c6fe60000572 status:in_progress]
[INFO] 2026/01/27 14:38:06 logger.go:71: 查询批量任务结果：&{ID: Object: Endpoint: InputFileID:file_2601271437269237987139626 CompletionWindow: Status:in_progress OutputFileID: ErrorFileID:<nil> CreatedAt:0 InProgressAt:0 ExpiresAt:0 FinalizingAt:0 CompletedAt:0 FailedAt:0 CancelledAt:0 RequestCounts:{Total:0 Completed:0 Failed:0} Metadata:map[] BatchID:batch_2601271437298336628039631 TotalCount:50 CompletedCount:13 FailedCount:0}
[INFO] 2026/01/27 14:38:06 logger.go:71: 查询批量任务结果：map[cancelled_at:<nil> cancelling_at:<nil> completed_at:<nil> completion_window:24h created_at:1.769524649e+09 endpoint:/v1/chat/completions errors:<nil> expired_at:1.769611049e+09 expires_at:1.769611049e+09 failed_at:<nil> finalizing_at:<nil> id:batch_2601271437299793491460527 in_process_at:1.769524649e+09 input_file_id:file_2601271437270362743539628 object:spark output_file_id: request_counts:map[completed:7 failed:0 total:50] sid:bat000decc2@dx19bfe2c70260000572 status:in_progress]
[INFO] 2026/01/27 14:38:06 logger.go:71: 查询批量任务结果：&{ID: Object: Endpoint: InputFileID:file_2601271437270362743539628 CompletionWindow: Status:in_progress OutputFileID: ErrorFileID:<nil> CreatedAt:0 InProgressAt:0 ExpiresAt:0 FinalizingAt:0 CompletedAt:0 FailedAt:0 CancelledAt:0 RequestCounts:{Total:0 Completed:0 Failed:0} Metadata:map[] BatchID:batch_2601271437299793491460527 TotalCount:50 CompletedCount:7 FailedCount:0}
[INFO] 2026/01/27 14:38:06 logger.go:71: 查询批量任务结果：map[cancelled_at:<nil> cancelling_at:<nil> completed_at:<nil> completion_window:24h created_at:1.76952465e+09 endpoint:/v1/chat/completions errors:<nil> expired_at:1.76961105e+09 expires_at:1.76961105e+09 failed_at:<nil> finalizing_at:<nil> id:batch_2601271437300616387039633 in_process_at:1.76952465e+09 input_file_id:file_2601271437271321801860514 object:spark output_file_id: request_counts:map[completed:10 failed:0 total:50] sid:bat000d9b10@dx19bfe2c706e0000572 status:in_progress]
[INFO] 2026/01/27 14:38:06 logger.go:71: 查询批量任务结果：&{ID: Object: Endpoint: InputFileID:file_2601271437271321801860514 CompletionWindow: Status:in_progress OutputFileID: ErrorFileID:<nil> CreatedAt:0 InProgressAt:0 ExpiresAt:0 FinalizingAt:0 CompletedAt:0 FailedAt:0 CancelledAt:0 RequestCounts:{Total:0 Completed:0 Failed:0} Metadata:map[] BatchID:batch_2601271437300616387039633 TotalCount:50 CompletedCount:10 FailedCount:0}
[INFO] 2026/01/27 14:38:06 logger.go:71: 查询批量任务结果：map[cancelled_at:<nil> cancelling_at:<nil> completed_at:<nil> completion_window:24h created_at:1.76952465e+09 endpoint:/v1/chat/completions errors:<nil> expired_at:1.76961105e+09 expires_at:1.76961105e+09 failed_at:<nil> finalizing_at:<nil> id:batch_2601271437301485741539635 in_process_at:1.76952465e+09 input_file_id:file_2601271437272346589160516 object:spark output_file_id: request_counts:map[completed:12 failed:0 total:50] sid:bat000decc3@dx19bfe2c70b40000572 status:in_progress]
[INFO] 2026/01/27 14:38:06 logger.go:71: 查询批量任务结果：&{ID: Object: Endpoint: InputFileID:file_2601271437272346589160516 CompletionWindow: Status:in_progress OutputFileID: ErrorFileID:<nil> CreatedAt:0 InProgressAt:0 ExpiresAt:0 FinalizingAt:0 CompletedAt:0 FailedAt:0 CancelledAt:0 RequestCounts:{Total:0 Completed:0 Failed:0} Metadata:map[] BatchID:batch_2601271437301485741539635 TotalCount:50 CompletedCount:12 FailedCount:0}
[INFO] 2026/01/27 14:38:06 logger.go:71: 查询批量任务结果：map[cancelled_at:<nil> cancelling_at:<nil> completed_at:<nil> completion_window:24h created_at:1.76952465e+09 endpoint:/v1/chat/completions errors:<nil> expired_at:1.76961105e+09 expires_at:1.76961105e+09 failed_at:<nil> finalizing_at:<nil> id:batch_2601271437302283550339637 in_process_at:1.76952465e+09 input_file_id:file_2601271437273433781560518 object:spark output_file_id: request_counts:map[completed:9 failed:0 total:50] sid:bat000d9b11@dx19bfe2c70fb0000572 status:in_progress]
[INFO] 2026/01/27 14:38:06 logger.go:71: 查询批量任务结果：&{ID: Object: Endpoint: InputFileID:file_2601271437273433781560518 CompletionWindow: Status:in_progress OutputFileID: ErrorFileID:<nil> CreatedAt:0 InProgressAt:0 ExpiresAt:0 FinalizingAt:0 CompletedAt:0 FailedAt:0 CancelledAt:0 RequestCounts:{Total:0 Completed:0 Failed:0} Metadata:map[] BatchID:batch_2601271437302283550339637 TotalCount:50 CompletedCount:9 FailedCount:0}
[INFO] 2026/01/27 14:38:09 logger.go:71: 查询批量任务结果：map[cancelled_at:<nil> cancelling_at:<nil> completed_at:<nil> completion_window:24h created_at:1.769524649e+09 endpoint:/v1/chat/completions errors:<nil> expired_at:1.769611049e+09 expires_at:1.769611049e+09 failed_at:<nil> finalizing_at:<nil> id:batch_2601271437294305960060519 in_process_at:1.769524649e+09 input_file_id:file_2601271437263867484239620 object:spark output_file_id: request_counts:map[completed:19 failed:0 total:50] sid:bat000d9b12@dx19bfe2c79240000572 status:in_progress]
[INFO] 2026/01/27 14:38:09 logger.go:71: 查询批量任务结果：&{ID: Object: Endpoint: InputFileID:file_2601271437263867484239620 CompletionWindow: Status:in_progress OutputFileID: ErrorFileID:<nil> CreatedAt:0 InProgressAt:0 ExpiresAt:0 FinalizingAt:0 CompletedAt:0 FailedAt:0 CancelledAt:0 RequestCounts:{Total:0 Completed:0 Failed:0} Metadata:map[] BatchID:batch_2601271437294305960060519 TotalCount:50 CompletedCount:19 FailedCount:0}
[INFO] 2026/01/27 14:38:09 logger.go:71: 查询批量任务结果：map[cancelled_at:<nil> cancelling_at:<nil> completed_at:<nil> completion_window:24h created_at:1.769524649e+09 endpoint:/v1/chat/completions errors:<nil> expired_at:1.769611049e+09 expires_at:1.769611049e+09 failed_at:<nil> finalizing_at:<nil> id:batch_2601271437295182036360521 in_process_at:1.769524649e+09 input_file_id:file_2601271437265181433960510 object:spark output_file_id: request_counts:map[completed:9 failed:0 total:50] sid:bat000decc4@dx19bfe2c79790000572 status:in_progress]
[INFO] 2026/01/27 14:38:09 logger.go:71: 查询批量任务结果：&{ID: Object: Endpoint: InputFileID:file_2601271437265181433960510 CompletionWindow: Status:in_progress OutputFileID: ErrorFileID:<nil> CreatedAt:0 InProgressAt:0 ExpiresAt:0 FinalizingAt:0 CompletedAt:0 FailedAt:0 CancelledAt:0 RequestCounts:{Total:0 Completed:0 Failed:0} Metadata:map[] BatchID:batch_2601271437295182036360521 TotalCount:50 CompletedCount:9 FailedCount:0}
[INFO] 2026/01/27 14:38:09 logger.go:71: 查询批量任务结果：map[cancelled_at:<nil> cancelling_at:<nil> completed_at:<nil> completion_window:24h created_at:1.769524649e+09 endpoint:/v1/chat/completions errors:<nil> expired_at:1.769611049e+09 expires_at:1.769611049e+09 failed_at:<nil> finalizing_at:<nil> id:batch_2601271437296035759860523 in_process_at:1.769524649e+09 input_file_id:file_2601271437266136083639622 object:spark output_file_id: request_counts:map[completed:9 failed:0 total:50] sid:bat000decc5@dx19bfe2c79bf0000572 status:in_progress]
[INFO] 2026/01/27 14:38:09 logger.go:71: 查询批量任务结果：&{ID: Object: Endpoint: InputFileID:file_2601271437266136083639622 CompletionWindow: Status:in_progress OutputFileID: ErrorFileID:<nil> CreatedAt:0 InProgressAt:0 ExpiresAt:0 FinalizingAt:0 CompletedAt:0 FailedAt:0 CancelledAt:0 RequestCounts:{Total:0 Completed:0 Failed:0} Metadata:map[] BatchID:batch_2601271437296035759860523 TotalCount:50 CompletedCount:9 FailedCount:0}
[INFO] 2026/01/27 14:38:09 logger.go:71: 查询批量任务结果：map[cancelled_at:<nil> cancelling_at:<nil> completed_at:<nil> completion_window:24h created_at:1.769524649e+09 endpoint:/v1/chat/completions errors:<nil> expired_at:1.769611049e+09 expires_at:1.769611049e+09 failed_at:<nil> finalizing_at:<nil> id:batch_2601271437296801125960525 in_process_at:1.769524649e+09 input_file_id:file_2601271437267207140660512 object:spark output_file_id: request_counts:map[completed:14 failed:0 total:50] sid:bat000decc6@dx19bfe2c7a180000572 status:in_progress]
[INFO] 2026/01/27 14:38:09 logger.go:71: 查询批量任务结果：&{ID: Object: Endpoint: InputFileID:file_2601271437267207140660512 CompletionWindow: Status:in_progress OutputFileID: ErrorFileID:<nil> CreatedAt:0 InProgressAt:0 ExpiresAt:0 FinalizingAt:0 CompletedAt:0 FailedAt:0 CancelledAt:0 RequestCounts:{Total:0 Completed:0 Failed:0} Metadata:map[] BatchID:batch_2601271437296801125960525 TotalCount:50 CompletedCount:14 FailedCount:0}
[INFO] 2026/01/27 14:38:09 logger.go:71: 查询批量任务结果：map[cancelled_at:<nil> cancelling_at:<nil> completed_at:<nil> completion_window:24h created_at:1.769524649e+09 endpoint:/v1/chat/completions errors:<nil> expired_at:1.769611049e+09 expires_at:1.769611049e+09 failed_at:<nil> finalizing_at:<nil> id:batch_2601271437297563553539629 in_process_at:1.769524649e+09 input_file_id:file_2601271437268218054539624 object:spark output_file_id: request_counts:map[completed:9 failed:0 total:50] sid:bat000d9b13@dx19bfe2c7a5d0000572 status:in_progress]
[INFO] 2026/01/27 14:38:09 logger.go:71: 查询批量任务结果：&{ID: Object: Endpoint: InputFileID:file_2601271437268218054539624 CompletionWindow: Status:in_progress OutputFileID: ErrorFileID:<nil> CreatedAt:0 InProgressAt:0 ExpiresAt:0 FinalizingAt:0 CompletedAt:0 FailedAt:0 CancelledAt:0 RequestCounts:{Total:0 Completed:0 Failed:0} Metadata:map[] BatchID:batch_2601271437297563553539629 TotalCount:50 CompletedCount:9 FailedCount:0}
[INFO] 2026/01/27 14:38:09 logger.go:71: 查询批量任务结果：map[cancelled_at:<nil> cancelling_at:<nil> completed_at:<nil> completion_window:24h created_at:1.769524649e+09 endpoint:/v1/chat/completions errors:<nil> expired_at:1.769611049e+09 expires_at:1.769611049e+09 failed_at:<nil> finalizing_at:<nil> id:batch_2601271437298336628039631 in_process_at:1.769524649e+09 input_file_id:file_2601271437269237987139626 object:spark output_file_id: request_counts:map[completed:13 failed:0 total:50] sid:bat000decc7@dx19bfe2c7a9d0000572 status:in_progress]
[INFO] 2026/01/27 14:38:09 logger.go:71: 查询批量任务结果：&{ID: Object: Endpoint: InputFileID:file_2601271437269237987139626 CompletionWindow: Status:in_progress OutputFileID: ErrorFileID:<nil> CreatedAt:0 InProgressAt:0 ExpiresAt:0 FinalizingAt:0 CompletedAt:0 FailedAt:0 CancelledAt:0 RequestCounts:{Total:0 Completed:0 Failed:0} Metadata:map[] BatchID:batch_2601271437298336628039631 TotalCount:50 CompletedCount:13 FailedCount:0}
[INFO] 2026/01/27 14:38:09 logger.go:71: 查询批量任务结果：map[cancelled_at:<nil> cancelling_at:<nil> completed_at:<nil> completion_window:24h created_at:1.769524649e+09 endpoint:/v1/chat/completions errors:<nil> expired_at:1.769611049e+09 expires_at:1.769611049e+09 failed_at:<nil> finalizing_at:<nil> id:batch_2601271437299793491460527 in_process_at:1.769524649e+09 input_file_id:file_2601271437270362743539628 object:spark output_file_id: request_counts:map[completed:7 failed:0 total:50] sid:bat000d9b14@dx19bfe2c7ae30000572 status:in_progress]
[INFO] 2026/01/27 14:38:09 logger.go:71: 查询批量任务结果：&{ID: Object: Endpoint: InputFileID:file_2601271437270362743539628 CompletionWindow: Status:in_progress OutputFileID: ErrorFileID:<nil> CreatedAt:0 InProgressAt:0 ExpiresAt:0 FinalizingAt:0 CompletedAt:0 FailedAt:0 CancelledAt:0 RequestCounts:{Total:0 Completed:0 Failed:0} Metadata:map[] BatchID:batch_2601271437299793491460527 TotalCount:50 CompletedCount:7 FailedCount:0}
[INFO] 2026/01/27 14:38:09 logger.go:71: 查询批量任务结果：map[cancelled_at:<nil> cancelling_at:<nil> completed_at:<nil> completion_window:24h created_at:1.76952465e+09 endpoint:/v1/chat/completions errors:<nil> expired_at:1.76961105e+09 expires_at:1.76961105e+09 failed_at:<nil> finalizing_at:<nil> id:batch_2601271437300616387039633 in_process_at:1.76952465e+09 input_file_id:file_2601271437271321801860514 object:spark output_file_id: request_counts:map[completed:10 failed:0 total:50] sid:bat000d9b15@dx19bfe2c7b280000572 status:in_progress]
[INFO] 2026/01/27 14:38:09 logger.go:71: 查询批量任务结果：&{ID: Object: Endpoint: InputFileID:file_2601271437271321801860514 CompletionWindow: Status:in_progress OutputFileID: ErrorFileID:<nil> CreatedAt:0 InProgressAt:0 ExpiresAt:0 FinalizingAt:0 CompletedAt:0 FailedAt:0 CancelledAt:0 RequestCounts:{Total:0 Completed:0 Failed:0} Metadata:map[] BatchID:batch_2601271437300616387039633 TotalCount:50 CompletedCount:10 FailedCount:0}
[INFO] 2026/01/27 14:38:09 logger.go:71: 查询批量任务结果：map[cancelled_at:<nil> cancelling_at:<nil> completed_at:<nil> completion_window:24h created_at:1.76952465e+09 endpoint:/v1/chat/completions errors:<nil> expired_at:1.76961105e+09 expires_at:1.76961105e+09 failed_at:<nil> finalizing_at:<nil> id:batch_2601271437301485741539635 in_process_at:1.76952465e+09 input_file_id:file_2601271437272346589160516 object:spark output_file_id: request_counts:map[completed:12 failed:0 total:50] sid:bat000d9b16@dx19bfe2c7b7b0000572 status:in_progress]
[INFO] 2026/01/27 14:38:09 logger.go:71: 查询批量任务结果：&{ID: Object: Endpoint: InputFileID:file_2601271437272346589160516 CompletionWindow: Status:in_progress OutputFileID: ErrorFileID:<nil> CreatedAt:0 InProgressAt:0 ExpiresAt:0 FinalizingAt:0 CompletedAt:0 FailedAt:0 CancelledAt:0 RequestCounts:{Total:0 Completed:0 Failed:0} Metadata:map[] BatchID:batch_2601271437301485741539635 TotalCount:50 CompletedCount:12 FailedCount:0}
[INFO] 2026/01/27 14:38:09 logger.go:71: 查询批量任务结果：map[cancelled_at:<nil> cancelling_at:<nil> completed_at:<nil> completion_window:24h created_at:1.76952465e+09 endpoint:/v1/chat/completions errors:<nil> expired_at:1.76961105e+09 expires_at:1.76961105e+09 failed_at:<nil> finalizing_at:<nil> id:batch_2601271437302283550339637 in_process_at:1.76952465e+09 input_file_id:file_2601271437273433781560518 object:spark output_file_id: request_counts:map[completed:9 failed:0 total:50] sid:bat000decc8@dx19bfe2c7bc60000572 status:in_progress]
[INFO] 2026/01/27 14:38:09 logger.go:71: 查询批量任务结果：&{ID: Object: Endpoint: InputFileID:file_2601271437273433781560518 CompletionWindow: Status:in_progress OutputFileID: ErrorFileID:<nil> CreatedAt:0 InProgressAt:0 ExpiresAt:0 FinalizingAt:0 CompletedAt:0 FailedAt:0 CancelledAt:0 RequestCounts:{Total:0 Completed:0 Failed:0} Metadata:map[] BatchID:batch_2601271437302283550339637 TotalCount:50 CompletedCount:9 FailedCount:0}
[INFO] 2026/01/27 14:38:11 logger.go:71: 查询批量任务结果：map[cancelled_at:<nil> cancelling_at:<nil> completed_at:<nil> completion_window:24h created_at:1.769524649e+09 endpoint:/v1/chat/completions errors:<nil> expired_at:1.769611049e+09 expires_at:1.769611049e+09 failed_at:<nil> finalizing_at:<nil> id:batch_2601271437294305960060519 in_process_at:1.769524649e+09 input_file_id:file_2601271437263867484239620 object:spark output_file_id: request_counts:map[completed:19 failed:0 total:50] sid:bat000d9b17@dx19bfe2c83e20000572 status:in_progress]
[INFO] 2026/01/27 14:38:11 logger.go:71: 查询批量任务结果：&{ID: Object: Endpoint: InputFileID:file_2601271437263867484239620 CompletionWindow: Status:in_progress OutputFileID: ErrorFileID:<nil> CreatedAt:0 InProgressAt:0 ExpiresAt:0 FinalizingAt:0 CompletedAt:0 FailedAt:0 CancelledAt:0 RequestCounts:{Total:0 Completed:0 Failed:0} Metadata:map[] BatchID:batch_2601271437294305960060519 TotalCount:50 CompletedCount:19 FailedCount:0}
[INFO] 2026/01/27 14:38:11 logger.go:71: 查询批量任务结果：map[cancelled_at:<nil> cancelling_at:<nil> completed_at:<nil> completion_window:24h created_at:1.769524649e+09 endpoint:/v1/chat/completions errors:<nil> expired_at:1.769611049e+09 expires_at:1.769611049e+09 failed_at:<nil> finalizing_at:<nil> id:batch_2601271437295182036360521 in_process_at:1.769524649e+09 input_file_id:file_2601271437265181433960510 object:spark output_file_id: request_counts:map[completed:9 failed:0 total:50] sid:bat000d9b18@dx19bfe2c84240000572 status:in_progress]
[INFO] 2026/01/27 14:38:11 logger.go:71: 查询批量任务结果：&{ID: Object: Endpoint: InputFileID:file_2601271437265181433960510 CompletionWindow: Status:in_progress OutputFileID: ErrorFileID:<nil> CreatedAt:0 InProgressAt:0 ExpiresAt:0 FinalizingAt:0 CompletedAt:0 FailedAt:0 CancelledAt:0 RequestCounts:{Total:0 Completed:0 Failed:0} Metadata:map[] BatchID:batch_2601271437295182036360521 TotalCount:50 CompletedCount:9 FailedCount:0}
[INFO] 2026/01/27 14:38:11 logger.go:71: 查询批量任务结果：map[cancelled_at:<nil> cancelling_at:<nil> completed_at:<nil> completion_window:24h created_at:1.769524649e+09 endpoint:/v1/chat/completions errors:<nil> expired_at:1.769611049e+09 expires_at:1.769611049e+09 failed_at:<nil> finalizing_at:<nil> id:batch_2601271437296035759860523 in_process_at:1.769524649e+09 input_file_id:file_2601271437266136083639622 object:spark output_file_id: request_counts:map[completed:9 failed:0 total:50] sid:bat000d9b19@dx19bfe2c84650000572 status:in_progress]
[INFO] 2026/01/27 14:38:11 logger.go:71: 查询批量任务结果：&{ID: Object: Endpoint: InputFileID:file_2601271437266136083639622 CompletionWindow: Status:in_progress OutputFileID: ErrorFileID:<nil> CreatedAt:0 InProgressAt:0 ExpiresAt:0 FinalizingAt:0 CompletedAt:0 FailedAt:0 CancelledAt:0 RequestCounts:{Total:0 Completed:0 Failed:0} Metadata:map[] BatchID:batch_2601271437296035759860523 TotalCount:50 CompletedCount:9 FailedCount:0}
[INFO] 2026/01/27 14:38:11 logger.go:71: 查询批量任务结果：map[cancelled_at:<nil> cancelling_at:<nil> completed_at:<nil> completion_window:24h created_at:1.769524649e+09 endpoint:/v1/chat/completions errors:<nil> expired_at:1.769611049e+09 expires_at:1.769611049e+09 failed_at:<nil> finalizing_at:<nil> id:batch_2601271437296801125960525 in_process_at:1.769524649e+09 input_file_id:file_2601271437267207140660512 object:spark output_file_id: request_counts:map[completed:14 failed:0 total:50] sid:bat000decc9@dx19bfe2c84ad0000572 status:in_progress]
[INFO] 2026/01/27 14:38:11 logger.go:71: 查询批量任务结果：&{ID: Object: Endpoint: InputFileID:file_2601271437267207140660512 CompletionWindow: Status:in_progress OutputFileID: ErrorFileID:<nil> CreatedAt:0 InProgressAt:0 ExpiresAt:0 FinalizingAt:0 CompletedAt:0 FailedAt:0 CancelledAt:0 RequestCounts:{Total:0 Completed:0 Failed:0} Metadata:map[] BatchID:batch_2601271437296801125960525 TotalCount:50 CompletedCount:14 FailedCount:0}
[INFO] 2026/01/27 14:38:12 logger.go:71: 查询批量任务结果：map[cancelled_at:<nil> cancelling_at:<nil> completed_at:<nil> completion_window:24h created_at:1.769524649e+09 endpoint:/v1/chat/completions errors:<nil> expired_at:1.769611049e+09 expires_at:1.769611049e+09 failed_at:<nil> finalizing_at:<nil> id:batch_2601271437297563553539629 in_process_at:1.769524649e+09 input_file_id:file_2601271437268218054539624 object:spark output_file_id: request_counts:map[completed:9 failed:0 total:50] sid:bat000d9b1a@dx19bfe2c84f00000572 status:in_progress]
[INFO] 2026/01/27 14:38:12 logger.go:71: 查询批量任务结果：&{ID: Object: Endpoint: InputFileID:file_2601271437268218054539624 CompletionWindow: Status:in_progress OutputFileID: ErrorFileID:<nil> CreatedAt:0 InProgressAt:0 ExpiresAt:0 FinalizingAt:0 CompletedAt:0 FailedAt:0 CancelledAt:0 RequestCounts:{Total:0 Completed:0 Failed:0} Metadata:map[] BatchID:batch_2601271437297563553539629 TotalCount:50 CompletedCount:9 FailedCount:0}
[INFO] 2026/01/27 14:38:12 logger.go:71: 查询批量任务结果：map[cancelled_at:<nil> cancelling_at:<nil> completed_at:<nil> completion_window:24h created_at:1.769524649e+09 endpoint:/v1/chat/completions errors:<nil> expired_at:1.769611049e+09 expires_at:1.769611049e+09 failed_at:<nil> finalizing_at:<nil> id:batch_2601271437298336628039631 in_process_at:1.769524649e+09 input_file_id:file_2601271437269237987139626 object:spark output_file_id: request_counts:map[completed:14 failed:0 total:50] sid:bat000decca@dx19bfe2c85380000572 status:in_progress]
[INFO] 2026/01/27 14:38:12 logger.go:71: 查询批量任务结果：&{ID: Object: Endpoint: InputFileID:file_2601271437269237987139626 CompletionWindow: Status:in_progress OutputFileID: ErrorFileID:<nil> CreatedAt:0 InProgressAt:0 ExpiresAt:0 FinalizingAt:0 CompletedAt:0 FailedAt:0 CancelledAt:0 RequestCounts:{Total:0 Completed:0 Failed:0} Metadata:map[] BatchID:batch_2601271437298336628039631 TotalCount:50 CompletedCount:14 FailedCount:0}
[INFO] 2026/01/27 14:38:12 logger.go:71: 查询批量任务结果：map[cancelled_at:<nil> cancelling_at:<nil> completed_at:<nil> completion_window:24h created_at:1.769524649e+09 endpoint:/v1/chat/completions errors:<nil> expired_at:1.769611049e+09 expires_at:1.769611049e+09 failed_at:<nil> finalizing_at:<nil> id:batch_2601271437299793491460527 in_process_at:1.769524649e+09 input_file_id:file_2601271437270362743539628 object:spark output_file_id: request_counts:map[completed:7 failed:0 total:50] sid:bat000deccb@dx19bfe2c857b0000572 status:in_progress]
[INFO] 2026/01/27 14:38:12 logger.go:71: 查询批量任务结果：&{ID: Object: Endpoint: InputFileID:file_2601271437270362743539628 CompletionWindow: Status:in_progress OutputFileID: ErrorFileID:<nil> CreatedAt:0 InProgressAt:0 ExpiresAt:0 FinalizingAt:0 CompletedAt:0 FailedAt:0 CancelledAt:0 RequestCounts:{Total:0 Completed:0 Failed:0} Metadata:map[] BatchID:batch_2601271437299793491460527 TotalCount:50 CompletedCount:7 FailedCount:0}
[INFO] 2026/01/27 14:38:12 logger.go:71: 查询批量任务结果：map[cancelled_at:<nil> cancelling_at:<nil> completed_at:<nil> completion_window:24h created_at:1.76952465e+09 endpoint:/v1/chat/completions errors:<nil> expired_at:1.76961105e+09 expires_at:1.76961105e+09 failed_at:<nil> finalizing_at:<nil> id:batch_2601271437300616387039633 in_process_at:1.76952465e+09 input_file_id:file_2601271437271321801860514 object:spark output_file_id: request_counts:map[completed:10 failed:0 total:50] sid:bat000d9b1b@dx19bfe2c85c60000572 status:in_progress]
[INFO] 2026/01/27 14:38:12 logger.go:71: 查询批量任务结果：&{ID: Object: Endpoint: InputFileID:file_2601271437271321801860514 CompletionWindow: Status:in_progress OutputFileID: ErrorFileID:<nil> CreatedAt:0 InProgressAt:0 ExpiresAt:0 FinalizingAt:0 CompletedAt:0 FailedAt:0 CancelledAt:0 RequestCounts:{Total:0 Completed:0 Failed:0} Metadata:map[] BatchID:batch_2601271437300616387039633 TotalCount:50 CompletedCount:10 FailedCount:0}
[INFO] 2026/01/27 14:38:12 logger.go:71: 查询批量任务结果：map[cancelled_at:<nil> cancelling_at:<nil> completed_at:<nil> completion_window:24h created_at:1.76952465e+09 endpoint:/v1/chat/completions errors:<nil> expired_at:1.76961105e+09 expires_at:1.76961105e+09 failed_at:<nil> finalizing_at:<nil> id:batch_2601271437301485741539635 in_process_at:1.76952465e+09 input_file_id:file_2601271437272346589160516 object:spark output_file_id: request_counts:map[completed:12 failed:0 total:50] sid:bat000d9b1c@dx19bfe2c860d0000572 status:in_progress]
[INFO] 2026/01/27 14:38:12 logger.go:71: 查询批量任务结果：&{ID: Object: Endpoint: InputFileID:file_2601271437272346589160516 CompletionWindow: Status:in_progress OutputFileID: ErrorFileID:<nil> CreatedAt:0 InProgressAt:0 ExpiresAt:0 FinalizingAt:0 CompletedAt:0 FailedAt:0 CancelledAt:0 RequestCounts:{Total:0 Completed:0 Failed:0} Metadata:map[] BatchID:batch_2601271437301485741539635 TotalCount:50 CompletedCount:12 FailedCount:0}
[INFO] 2026/01/27 14:38:12 logger.go:71: 查询批量任务结果：map[cancelled_at:<nil> cancelling_at:<nil> completed_at:<nil> completion_window:24h created_at:1.76952465e+09 endpoint:/v1/chat/completions errors:<nil> expired_at:1.76961105e+09 expires_at:1.76961105e+09 failed_at:<nil> finalizing_at:<nil> id:batch_2601271437302283550339637 in_process_at:1.76952465e+09 input_file_id:file_2601271437273433781560518 object:spark output_file_id: request_counts:map[completed:10 failed:0 total:50] sid:bat000d9b1d@dx19bfe2c86520000572 status:in_progress]
[INFO] 2026/01/27 14:38:12 logger.go:71: 查询批量任务结果：&{ID: Object: Endpoint: InputFileID:file_2601271437273433781560518 CompletionWindow: Status:in_progress OutputFileID: ErrorFileID:<nil> CreatedAt:0 InProgressAt:0 ExpiresAt:0 FinalizingAt:0 CompletedAt:0 FailedAt:0 CancelledAt:0 RequestCounts:{Total:0 Completed:0 Failed:0} Metadata:map[] BatchID:batch_2601271437302283550339637 TotalCount:50 CompletedCount:10 FailedCount:0}
[INFO] 2026/01/27 14:38:14 logger.go:71: 查询批量任务结果：map[cancelled_at:<nil> cancelling_at:<nil> completed_at:<nil> completion_window:24h created_at:1.769524649e+09 endpoint:/v1/chat/completions errors:<nil> expired_at:1.769611049e+09 expires_at:1.769611049e+09 failed_at:<nil> finalizing_at:<nil> id:batch_2601271437294305960060519 in_process_at:1.769524649e+09 input_file_id:file_2601271437263867484239620 object:spark output_file_id: request_counts:map[completed:19 failed:0 total:50] sid:bat000d9b1e@dx19bfe2c8e780000572 status:in_progress]
[INFO] 2026/01/27 14:38:14 logger.go:71: 查询批量任务结果：&{ID: Object: Endpoint: InputFileID:file_2601271437263867484239620 CompletionWindow: Status:in_progress OutputFileID: ErrorFileID:<nil> CreatedAt:0 InProgressAt:0 ExpiresAt:0 FinalizingAt:0 CompletedAt:0 FailedAt:0 CancelledAt:0 RequestCounts:{Total:0 Completed:0 Failed:0} Metadata:map[] BatchID:batch_2601271437294305960060519 TotalCount:50 CompletedCount:19 FailedCount:0}
[INFO] 2026/01/27 14:38:14 logger.go:71: 查询批量任务结果：map[cancelled_at:<nil> cancelling_at:<nil> completed_at:<nil> completion_window:24h created_at:1.769524649e+09 endpoint:/v1/chat/completions errors:<nil> expired_at:1.769611049e+09 expires_at:1.769611049e+09 failed_at:<nil> finalizing_at:<nil> id:batch_2601271437295182036360521 in_process_at:1.769524649e+09 input_file_id:file_2601271437265181433960510 object:spark output_file_id: request_counts:map[completed:9 failed:0 total:50] sid:bat000deccc@dx19bfe2c8ee50000572 status:in_progress]
[INFO] 2026/01/27 14:38:14 logger.go:71: 查询批量任务结果：&{ID: Object: Endpoint: InputFileID:file_2601271437265181433960510 CompletionWindow: Status:in_progress OutputFileID: ErrorFileID:<nil> CreatedAt:0 InProgressAt:0 ExpiresAt:0 FinalizingAt:0 CompletedAt:0 FailedAt:0 CancelledAt:0 RequestCounts:{Total:0 Completed:0 Failed:0} Metadata:map[] BatchID:batch_2601271437295182036360521 TotalCount:50 CompletedCount:9 FailedCount:0}
[INFO] 2026/01/27 14:38:14 logger.go:71: 查询批量任务结果：map[cancelled_at:<nil> cancelling_at:<nil> completed_at:<nil> completion_window:24h created_at:1.769524649e+09 endpoint:/v1/chat/completions errors:<nil> expired_at:1.769611049e+09 expires_at:1.769611049e+09 failed_at:<nil> finalizing_at:<nil> id:batch_2601271437296035759860523 in_process_at:1.769524649e+09 input_file_id:file_2601271437266136083639622 object:spark output_file_id: request_counts:map[completed:9 failed:0 total:50] sid:bat000d9b1f@dx19bfe2c8f2b0000572 status:in_progress]
[INFO] 2026/01/27 14:38:14 logger.go:71: 查询批量任务结果：&{ID: Object: Endpoint: InputFileID:file_2601271437266136083639622 CompletionWindow: Status:in_progress OutputFileID: ErrorFileID:<nil> CreatedAt:0 InProgressAt:0 ExpiresAt:0 FinalizingAt:0 CompletedAt:0 FailedAt:0 CancelledAt:0 RequestCounts:{Total:0 Completed:0 Failed:0} Metadata:map[] BatchID:batch_2601271437296035759860523 TotalCount:50 CompletedCount:9 FailedCount:0}
[INFO] 2026/01/27 14:38:14 logger.go:71: 查询批量任务结果：map[cancelled_at:<nil> cancelling_at:<nil> completed_at:<nil> completion_window:24h created_at:1.769524649e+09 endpoint:/v1/chat/completions errors:<nil> expired_at:1.769611049e+09 expires_at:1.769611049e+09 failed_at:<nil> finalizing_at:<nil> id:batch_2601271437296801125960525 in_process_at:1.769524649e+09 input_file_id:file_2601271437267207140660512 object:spark output_file_id: request_counts:map[completed:15 failed:0 total:50] sid:bat000d9b20@dx19bfe2c8f7a0000572 status:in_progress]
[INFO] 2026/01/27 14:38:14 logger.go:71: 查询批量任务结果：&{ID: Object: Endpoint: InputFileID:file_2601271437267207140660512 CompletionWindow: Status:in_progress OutputFileID: ErrorFileID:<nil> CreatedAt:0 InProgressAt:0 ExpiresAt:0 FinalizingAt:0 CompletedAt:0 FailedAt:0 CancelledAt:0 RequestCounts:{Total:0 Completed:0 Failed:0} Metadata:map[] BatchID:batch_2601271437296801125960525 TotalCount:50 CompletedCount:15 FailedCount:0}
[INFO] 2026/01/27 14:38:14 logger.go:71: 查询批量任务结果：map[cancelled_at:<nil> cancelling_at:<nil> completed_at:<nil> completion_window:24h created_at:1.769524649e+09 endpoint:/v1/chat/completions errors:<nil> expired_at:1.769611049e+09 expires_at:1.769611049e+09 failed_at:<nil> finalizing_at:<nil> id:batch_2601271437297563553539629 in_process_at:1.769524649e+09 input_file_id:file_2601271437268218054539624 object:spark output_file_id: request_counts:map[completed:9 failed:0 total:50] sid:bat000deccd@dx19bfe2c8fbd0000572 status:in_progress]
[INFO] 2026/01/27 14:38:14 logger.go:71: 查询批量任务结果：&{ID: Object: Endpoint: InputFileID:file_2601271437268218054539624 CompletionWindow: Status:in_progress OutputFileID: ErrorFileID:<nil> CreatedAt:0 InProgressAt:0 ExpiresAt:0 FinalizingAt:0 CompletedAt:0 FailedAt:0 CancelledAt:0 RequestCounts:{Total:0 Completed:0 Failed:0} Metadata:map[] BatchID:batch_2601271437297563553539629 TotalCount:50 CompletedCount:9 FailedCount:0}
[INFO] 2026/01/27 14:38:14 logger.go:71: 查询批量任务结果：map[cancelled_at:<nil> cancelling_at:<nil> completed_at:<nil> completion_window:24h created_at:1.769524649e+09 endpoint:/v1/chat/completions errors:<nil> expired_at:1.769611049e+09 expires_at:1.769611049e+09 failed_at:<nil> finalizing_at:<nil> id:batch_2601271437298336628039631 in_process_at:1.769524649e+09 input_file_id:file_2601271437269237987139626 object:spark output_file_id: request_counts:map[completed:14 failed:0 total:50] sid:bat000d9b21@dx19bfe2c90050000572 status:in_progress]
[INFO] 2026/01/27 14:38:14 logger.go:71: 查询批量任务结果：&{ID: Object: Endpoint: InputFileID:file_2601271437269237987139626 CompletionWindow: Status:in_progress OutputFileID: ErrorFileID:<nil> CreatedAt:0 InProgressAt:0 ExpiresAt:0 FinalizingAt:0 CompletedAt:0 FailedAt:0 CancelledAt:0 RequestCounts:{Total:0 Completed:0 Failed:0} Metadata:map[] BatchID:batch_2601271437298336628039631 TotalCount:50 CompletedCount:14 FailedCount:0}
[INFO] 2026/01/27 14:38:14 logger.go:71: 查询批量任务结果：map[cancelled_at:<nil> cancelling_at:<nil> completed_at:<nil> completion_window:24h created_at:1.769524649e+09 endpoint:/v1/chat/completions errors:<nil> expired_at:1.769611049e+09 expires_at:1.769611049e+09 failed_at:<nil> finalizing_at:<nil> id:batch_2601271437299793491460527 in_process_at:1.769524649e+09 input_file_id:file_2601271437270362743539628 object:spark output_file_id: request_counts:map[completed:7 failed:0 total:50] sid:bat000d9b22@dx19bfe2c90830000572 status:in_progress]
[INFO] 2026/01/27 14:38:14 logger.go:71: 查询批量任务结果：&{ID: Object: Endpoint: InputFileID:file_2601271437270362743539628 CompletionWindow: Status:in_progress OutputFileID: ErrorFileID:<nil> CreatedAt:0 InProgressAt:0 ExpiresAt:0 FinalizingAt:0 CompletedAt:0 FailedAt:0 CancelledAt:0 RequestCounts:{Total:0 Completed:0 Failed:0} Metadata:map[] BatchID:batch_2601271437299793491460527 TotalCount:50 CompletedCount:7 FailedCount:0}
[INFO] 2026/01/27 14:38:15 logger.go:71: 查询批量任务结果：map[cancelled_at:<nil> cancelling_at:<nil> completed_at:<nil> completion_window:24h created_at:1.76952465e+09 endpoint:/v1/chat/completions errors:<nil> expired_at:1.76961105e+09 expires_at:1.76961105e+09 failed_at:<nil> finalizing_at:<nil> id:batch_2601271437300616387039633 in_process_at:1.76952465e+09 input_file_id:file_2601271437271321801860514 object:spark output_file_id: request_counts:map[completed:11 failed:0 total:50] sid:bat000d9b23@dx19bfe2c90ea0000572 status:in_progress]
[INFO] 2026/01/27 14:38:15 logger.go:71: 查询批量任务结果：&{ID: Object: Endpoint: InputFileID:file_2601271437271321801860514 CompletionWindow: Status:in_progress OutputFileID: ErrorFileID:<nil> CreatedAt:0 InProgressAt:0 ExpiresAt:0 FinalizingAt:0 CompletedAt:0 FailedAt:0 CancelledAt:0 RequestCounts:{Total:0 Completed:0 Failed:0} Metadata:map[] BatchID:batch_2601271437300616387039633 TotalCount:50 CompletedCount:11 FailedCount:0}
[INFO] 2026/01/27 14:38:15 logger.go:71: 查询批量任务结果：map[cancelled_at:<nil> cancelling_at:<nil> completed_at:<nil> completion_window:24h created_at:1.76952465e+09 endpoint:/v1/chat/completions errors:<nil> expired_at:1.76961105e+09 expires_at:1.76961105e+09 failed_at:<nil> finalizing_at:<nil> id:batch_2601271437301485741539635 in_process_at:1.76952465e+09 input_file_id:file_2601271437272346589160516 object:spark output_file_id: request_counts:map[completed:12 failed:0 total:50] sid:bat000d9b24@dx19bfe2c91510000572 status:in_progress]
[INFO] 2026/01/27 14:38:15 logger.go:71: 查询批量任务结果：&{ID: Object: Endpoint: InputFileID:file_2601271437272346589160516 CompletionWindow: Status:in_progress OutputFileID: ErrorFileID:<nil> CreatedAt:0 InProgressAt:0 ExpiresAt:0 FinalizingAt:0 CompletedAt:0 FailedAt:0 CancelledAt:0 RequestCounts:{Total:0 Completed:0 Failed:0} Metadata:map[] BatchID:batch_2601271437301485741539635 TotalCount:50 CompletedCount:12 FailedCount:0}
[INFO] 2026/01/27 14:38:15 logger.go:71: 查询批量任务结果：map[cancelled_at:<nil> cancelling_at:<nil> completed_at:<nil> completion_window:24h created_at:1.76952465e+09 endpoint:/v1/chat/completions errors:<nil> expired_at:1.76961105e+09 expires_at:1.76961105e+09 failed_at:<nil> finalizing_at:<nil> id:batch_2601271437302283550339637 in_process_at:1.76952465e+09 input_file_id:file_2601271437273433781560518 object:spark output_file_id: request_counts:map[completed:10 failed:0 total:50] sid:bat000d9b25@dx19bfe2c919b0000572 status:in_progress]
[INFO] 2026/01/27 14:38:15 logger.go:71: 查询批量任务结果：&{ID: Object: Endpoint: InputFileID:file_2601271437273433781560518 CompletionWindow: Status:in_progress OutputFileID: ErrorFileID:<nil> CreatedAt:0 InProgressAt:0 ExpiresAt:0 FinalizingAt:0 CompletedAt:0 FailedAt:0 CancelledAt:0 RequestCounts:{Total:0 Completed:0 Failed:0} Metadata:map[] BatchID:batch_2601271437302283550339637 TotalCount:50 CompletedCount:10 FailedCount:0}
[INFO] 2026/01/27 14:38:17 logger.go:71: 查询批量任务结果：map[cancelled_at:<nil> cancelling_at:<nil> completed_at:<nil> completion_window:24h created_at:1.769524649e+09 endpoint:/v1/chat/completions errors:<nil> expired_at:1.769611049e+09 expires_at:1.769611049e+09 failed_at:<nil> finalizing_at:<nil> id:batch_2601271437294305960060519 in_process_at:1.769524649e+09 input_file_id:file_2601271437263867484239620 object:spark output_file_id: request_counts:map[completed:19 failed:0 total:50] sid:bat000d9b26@dx19bfe2c99b50000572 status:in_progress]
[INFO] 2026/01/27 14:38:17 logger.go:71: 查询批量任务结果：&{ID: Object: Endpoint: InputFileID:file_2601271437263867484239620 CompletionWindow: Status:in_progress OutputFileID: ErrorFileID:<nil> CreatedAt:0 InProgressAt:0 ExpiresAt:0 FinalizingAt:0 CompletedAt:0 FailedAt:0 CancelledAt:0 RequestCounts:{Total:0 Completed:0 Failed:0} Metadata:map[] BatchID:batch_2601271437294305960060519 TotalCount:50 CompletedCount:19 FailedCount:0}
[INFO] 2026/01/27 14:38:17 logger.go:71: 查询批量任务结果：map[cancelled_at:<nil> cancelling_at:<nil> completed_at:<nil> completion_window:24h created_at:1.769524649e+09 endpoint:/v1/chat/completions errors:<nil> expired_at:1.769611049e+09 expires_at:1.769611049e+09 failed_at:<nil> finalizing_at:<nil> id:batch_2601271437295182036360521 in_process_at:1.769524649e+09 input_file_id:file_2601271437265181433960510 object:spark output_file_id: request_counts:map[completed:9 failed:0 total:50] sid:bat000decce@dx19bfe2c9a020000572 status:in_progress]
[INFO] 2026/01/27 14:38:17 logger.go:71: 查询批量任务结果：&{ID: Object: Endpoint: InputFileID:file_2601271437265181433960510 CompletionWindow: Status:in_progress OutputFileID: ErrorFileID:<nil> CreatedAt:0 InProgressAt:0 ExpiresAt:0 FinalizingAt:0 CompletedAt:0 FailedAt:0 CancelledAt:0 RequestCounts:{Total:0 Completed:0 Failed:0} Metadata:map[] BatchID:batch_2601271437295182036360521 TotalCount:50 CompletedCount:9 FailedCount:0}
[INFO] 2026/01/27 14:38:17 logger.go:71: 查询批量任务结果：map[cancelled_at:<nil> cancelling_at:<nil> completed_at:<nil> completion_window:24h created_at:1.769524649e+09 endpoint:/v1/chat/completions errors:<nil> expired_at:1.769611049e+09 expires_at:1.769611049e+09 failed_at:<nil> finalizing_at:<nil> id:batch_2601271437296035759860523 in_process_at:1.769524649e+09 input_file_id:file_2601271437266136083639622 object:spark output_file_id: request_counts:map[completed:10 failed:0 total:50] sid:bat000deccf@dx19bfe2c9a4f0000572 status:in_progress]
[INFO] 2026/01/27 14:38:17 logger.go:71: 查询批量任务结果：&{ID: Object: Endpoint: InputFileID:file_2601271437266136083639622 CompletionWindow: Status:in_progress OutputFileID: ErrorFileID:<nil> CreatedAt:0 InProgressAt:0 ExpiresAt:0 FinalizingAt:0 CompletedAt:0 FailedAt:0 CancelledAt:0 RequestCounts:{Total:0 Completed:0 Failed:0} Metadata:map[] BatchID:batch_2601271437296035759860523 TotalCount:50 CompletedCount:10 FailedCount:0}
[INFO] 2026/01/27 14:38:17 logger.go:71: 查询批量任务结果：map[cancelled_at:<nil> cancelling_at:<nil> completed_at:<nil> completion_window:24h created_at:1.769524649e+09 endpoint:/v1/chat/completions errors:<nil> expired_at:1.769611049e+09 expires_at:1.769611049e+09 failed_at:<nil> finalizing_at:<nil> id:batch_2601271437296801125960525 in_process_at:1.769524649e+09 input_file_id:file_2601271437267207140660512 object:spark output_file_id: request_counts:map[completed:15 failed:0 total:50] sid:bat000decd0@dx19bfe2c9a9e0000572 status:in_progress]
[INFO] 2026/01/27 14:38:17 logger.go:71: 查询批量任务结果：&{ID: Object: Endpoint: InputFileID:file_2601271437267207140660512 CompletionWindow: Status:in_progress OutputFileID: ErrorFileID:<nil> CreatedAt:0 InProgressAt:0 ExpiresAt:0 FinalizingAt:0 CompletedAt:0 FailedAt:0 CancelledAt:0 RequestCounts:{Total:0 Completed:0 Failed:0} Metadata:map[] BatchID:batch_2601271437296801125960525 TotalCount:50 CompletedCount:15 FailedCount:0}
[INFO] 2026/01/27 14:38:17 logger.go:71: 查询批量任务结果：map[cancelled_at:<nil> cancelling_at:<nil> completed_at:<nil> completion_window:24h created_at:1.769524649e+09 endpoint:/v1/chat/completions errors:<nil> expired_at:1.769611049e+09 expires_at:1.769611049e+09 failed_at:<nil> finalizing_at:<nil> id:batch_2601271437297563553539629 in_process_at:1.769524649e+09 input_file_id:file_2601271437268218054539624 object:spark output_file_id: request_counts:map[completed:10 failed:0 total:50] sid:bat000d9b27@dx19bfe2c9aee0000572 status:in_progress]
[INFO] 2026/01/27 14:38:17 logger.go:71: 查询批量任务结果：&{ID: Object: Endpoint: InputFileID:file_2601271437268218054539624 CompletionWindow: Status:in_progress OutputFileID: ErrorFileID:<nil> CreatedAt:0 InProgressAt:0 ExpiresAt:0 FinalizingAt:0 CompletedAt:0 FailedAt:0 CancelledAt:0 RequestCounts:{Total:0 Completed:0 Failed:0} Metadata:map[] BatchID:batch_2601271437297563553539629 TotalCount:50 CompletedCount:10 FailedCount:0}
[INFO] 2026/01/27 14:38:17 logger.go:71: 查询批量任务结果：map[cancelled_at:<nil> cancelling_at:<nil> completed_at:<nil> completion_window:24h created_at:1.769524649e+09 endpoint:/v1/chat/completions errors:<nil> expired_at:1.769611049e+09 expires_at:1.769611049e+09 failed_at:<nil> finalizing_at:<nil> id:batch_2601271437298336628039631 in_process_at:1.769524649e+09 input_file_id:file_2601271437269237987139626 object:spark output_file_id: request_counts:map[completed:14 failed:0 total:50] sid:bat000d9b28@dx19bfe2c9b370000572 status:in_progress]
[INFO] 2026/01/27 14:38:17 logger.go:71: 查询批量任务结果：&{ID: Object: Endpoint: InputFileID:file_2601271437269237987139626 CompletionWindow: Status:in_progress OutputFileID: ErrorFileID:<nil> CreatedAt:0 InProgressAt:0 ExpiresAt:0 FinalizingAt:0 CompletedAt:0 FailedAt:0 CancelledAt:0 RequestCounts:{Total:0 Completed:0 Failed:0} Metadata:map[] BatchID:batch_2601271437298336628039631 TotalCount:50 CompletedCount:14 FailedCount:0}
[INFO] 2026/01/27 14:38:17 logger.go:71: 查询批量任务结果：map[cancelled_at:<nil> cancelling_at:<nil> completed_at:<nil> completion_window:24h created_at:1.769524649e+09 endpoint:/v1/chat/completions errors:<nil> expired_at:1.769611049e+09 expires_at:1.769611049e+09 failed_at:<nil> finalizing_at:<nil> id:batch_2601271437299793491460527 in_process_at:1.769524649e+09 input_file_id:file_2601271437270362743539628 object:spark output_file_id: request_counts:map[completed:7 failed:0 total:50] sid:bat000decd1@dx19bfe2c9b850000572 status:in_progress]
[INFO] 2026/01/27 14:38:17 logger.go:71: 查询批量任务结果：&{ID: Object: Endpoint: InputFileID:file_2601271437270362743539628 CompletionWindow: Status:in_progress OutputFileID: ErrorFileID:<nil> CreatedAt:0 InProgressAt:0 ExpiresAt:0 FinalizingAt:0 CompletedAt:0 FailedAt:0 CancelledAt:0 RequestCounts:{Total:0 Completed:0 Failed:0} Metadata:map[] BatchID:batch_2601271437299793491460527 TotalCount:50 CompletedCount:7 FailedCount:0}
[INFO] 2026/01/27 14:38:17 logger.go:71: 查询批量任务结果：map[cancelled_at:<nil> cancelling_at:<nil> completed_at:<nil> completion_window:24h created_at:1.76952465e+09 endpoint:/v1/chat/completions errors:<nil> expired_at:1.76961105e+09 expires_at:1.76961105e+09 failed_at:<nil> finalizing_at:<nil> id:batch_2601271437300616387039633 in_process_at:1.76952465e+09 input_file_id:file_2601271437271321801860514 object:spark output_file_id: request_counts:map[completed:11 failed:0 total:50] sid:bat000d9b29@dx19bfe2c9bf20000572 status:in_progress]
[INFO] 2026/01/27 14:38:17 logger.go:71: 查询批量任务结果：&{ID: Object: Endpoint: InputFileID:file_2601271437271321801860514 CompletionWindow: Status:in_progress OutputFileID: ErrorFileID:<nil> CreatedAt:0 InProgressAt:0 ExpiresAt:0 FinalizingAt:0 CompletedAt:0 FailedAt:0 CancelledAt:0 RequestCounts:{Total:0 Completed:0 Failed:0} Metadata:map[] BatchID:batch_2601271437300616387039633 TotalCount:50 CompletedCount:11 FailedCount:0}
[INFO] 2026/01/27 14:38:17 logger.go:71: 查询批量任务结果：map[cancelled_at:<nil> cancelling_at:<nil> completed_at:<nil> completion_window:24h created_at:1.76952465e+09 endpoint:/v1/chat/completions errors:<nil> expired_at:1.76961105e+09 expires_at:1.76961105e+09 failed_at:<nil> finalizing_at:<nil> id:batch_2601271437301485741539635 in_process_at:1.76952465e+09 input_file_id:file_2601271437272346589160516 object:spark output_file_id: request_counts:map[completed:12 failed:0 total:50] sid:bat000d9b2a@dx19bfe2c9c3a0000572 status:in_progress]
[INFO] 2026/01/27 14:38:17 logger.go:71: 查询批量任务结果：&{ID: Object: Endpoint: InputFileID:file_2601271437272346589160516 CompletionWindow: Status:in_progress OutputFileID: ErrorFileID:<nil> CreatedAt:0 InProgressAt:0 ExpiresAt:0 FinalizingAt:0 CompletedAt:0 FailedAt:0 CancelledAt:0 RequestCounts:{Total:0 Completed:0 Failed:0} Metadata:map[] BatchID:batch_2601271437301485741539635 TotalCount:50 CompletedCount:12 FailedCount:0}
[INFO] 2026/01/27 14:38:18 logger.go:71: 查询批量任务结果：map[cancelled_at:<nil> cancelling_at:<nil> completed_at:<nil> completion_window:24h created_at:1.76952465e+09 endpoint:/v1/chat/completions errors:<nil> expired_at:1.76961105e+09 expires_at:1.76961105e+09 failed_at:<nil> finalizing_at:<nil> id:batch_2601271437302283550339637 in_process_at:1.76952465e+09 input_file_id:file_2601271437273433781560518 object:spark output_file_id: request_counts:map[completed:10 failed:0 total:50] sid:bat000d9b2b@dx19bfe2c9c840000572 status:in_progress]
[INFO] 2026/01/27 14:38:18 logger.go:71: 查询批量任务结果：&{ID: Object: Endpoint: InputFileID:file_2601271437273433781560518 CompletionWindow: Status:in_progress OutputFileID: ErrorFileID:<nil> CreatedAt:0 InProgressAt:0 ExpiresAt:0 FinalizingAt:0 CompletedAt:0 FailedAt:0 CancelledAt:0 RequestCounts:{Total:0 Completed:0 Failed:0} Metadata:map[] BatchID:batch_2601271437302283550339637 TotalCount:50 CompletedCount:10 FailedCount:0}
[INFO] 2026/01/27 14:38:20 logger.go:71: 查询批量任务结果：map[cancelled_at:<nil> cancelling_at:<nil> completed_at:<nil> completion_window:24h created_at:1.769524649e+09 endpoint:/v1/chat/completions errors:<nil> expired_at:1.769611049e+09 expires_at:1.769611049e+09 failed_at:<nil> finalizing_at:<nil> id:batch_2601271437294305960060519 in_process_at:1.769524649e+09 input_file_id:file_2601271437263867484239620 object:spark output_file_id: request_counts:map[completed:19 failed:0 total:50] sid:bat000decd2@dx19bfe2ca4a00000572 status:in_progress]
[INFO] 2026/01/27 14:38:20 logger.go:71: 查询批量任务结果：&{ID: Object: Endpoint: InputFileID:file_2601271437263867484239620 CompletionWindow: Status:in_progress OutputFileID: ErrorFileID:<nil> CreatedAt:0 InProgressAt:0 ExpiresAt:0 FinalizingAt:0 CompletedAt:0 FailedAt:0 CancelledAt:0 RequestCounts:{Total:0 Completed:0 Failed:0} Metadata:map[] BatchID:batch_2601271437294305960060519 TotalCount:50 CompletedCount:19 FailedCount:0}
[INFO] 2026/01/27 14:38:20 logger.go:71: 查询批量任务结果：map[cancelled_at:<nil> cancelling_at:<nil> completed_at:<nil> completion_window:24h created_at:1.769524649e+09 endpoint:/v1/chat/completions errors:<nil> expired_at:1.769611049e+09 expires_at:1.769611049e+09 failed_at:<nil> finalizing_at:<nil> id:batch_2601271437295182036360521 in_process_at:1.769524649e+09 input_file_id:file_2601271437265181433960510 object:spark output_file_id: request_counts:map[completed:11 failed:0 total:50] sid:bat000d9b2c@dx19bfe2ca4ec0000572 status:in_progress]
[INFO] 2026/01/27 14:38:20 logger.go:71: 查询批量任务结果：&{ID: Object: Endpoint: InputFileID:file_2601271437265181433960510 CompletionWindow: Status:in_progress OutputFileID: ErrorFileID:<nil> CreatedAt:0 InProgressAt:0 ExpiresAt:0 FinalizingAt:0 CompletedAt:0 FailedAt:0 CancelledAt:0 RequestCounts:{Total:0 Completed:0 Failed:0} Metadata:map[] BatchID:batch_2601271437295182036360521 TotalCount:50 CompletedCount:11 FailedCount:0}
[INFO] 2026/01/27 14:38:20 logger.go:71: 查询批量任务结果：map[cancelled_at:<nil> cancelling_at:<nil> completed_at:<nil> completion_window:24h created_at:1.769524649e+09 endpoint:/v1/chat/completions errors:<nil> expired_at:1.769611049e+09 expires_at:1.769611049e+09 failed_at:<nil> finalizing_at:<nil> id:batch_2601271437296035759860523 in_process_at:1.769524649e+09 input_file_id:file_2601271437266136083639622 object:spark output_file_id: request_counts:map[completed:11 failed:0 total:50] sid:bat000d9b2d@dx19bfe2ca5340000572 status:in_progress]
[INFO] 2026/01/27 14:38:20 logger.go:71: 查询批量任务结果：&{ID: Object: Endpoint: InputFileID:file_2601271437266136083639622 CompletionWindow: Status:in_progress OutputFileID: ErrorFileID:<nil> CreatedAt:0 InProgressAt:0 ExpiresAt:0 FinalizingAt:0 CompletedAt:0 FailedAt:0 CancelledAt:0 RequestCounts:{Total:0 Completed:0 Failed:0} Metadata:map[] BatchID:batch_2601271437296035759860523 TotalCount:50 CompletedCount:11 FailedCount:0}
[INFO] 2026/01/27 14:38:20 logger.go:71: 查询批量任务结果：map[cancelled_at:<nil> cancelling_at:<nil> completed_at:<nil> completion_window:24h created_at:1.769524649e+09 endpoint:/v1/chat/completions errors:<nil> expired_at:1.769611049e+09 expires_at:1.769611049e+09 failed_at:<nil> finalizing_at:<nil> id:batch_2601271437296801125960525 in_process_at:1.769524649e+09 input_file_id:file_2601271437267207140660512 object:spark output_file_id: request_counts:map[completed:16 failed:0 total:50] sid:bat000d9b2e@dx19bfe2ca57d0000572 status:in_progress]
[INFO] 2026/01/27 14:38:20 logger.go:71: 查询批量任务结果：&{ID: Object: Endpoint: InputFileID:file_2601271437267207140660512 CompletionWindow: Status:in_progress OutputFileID: ErrorFileID:<nil> CreatedAt:0 InProgressAt:0 ExpiresAt:0 FinalizingAt:0 CompletedAt:0 FailedAt:0 CancelledAt:0 RequestCounts:{Total:0 Completed:0 Failed:0} Metadata:map[] BatchID:batch_2601271437296801125960525 TotalCount:50 CompletedCount:16 FailedCount:0}
[INFO] 2026/01/27 14:38:20 logger.go:71: 查询批量任务结果：map[cancelled_at:<nil> cancelling_at:<nil> completed_at:<nil> completion_window:24h created_at:1.769524649e+09 endpoint:/v1/chat/completions errors:<nil> expired_at:1.769611049e+09 expires_at:1.769611049e+09 failed_at:<nil> finalizing_at:<nil> id:batch_2601271437297563553539629 in_process_at:1.769524649e+09 input_file_id:file_2601271437268218054539624 object:spark output_file_id: request_counts:map[completed:12 failed:0 total:50] sid:bat000d9b2f@dx19bfe2ca5bf0000572 status:in_progress]
[INFO] 2026/01/27 14:38:20 logger.go:71: 查询批量任务结果：&{ID: Object: Endpoint: InputFileID:file_2601271437268218054539624 CompletionWindow: Status:in_progress OutputFileID: ErrorFileID:<nil> CreatedAt:0 InProgressAt:0 ExpiresAt:0 FinalizingAt:0 CompletedAt:0 FailedAt:0 CancelledAt:0 RequestCounts:{Total:0 Completed:0 Failed:0} Metadata:map[] BatchID:batch_2601271437297563553539629 TotalCount:50 CompletedCount:12 FailedCount:0}
[INFO] 2026/01/27 14:38:20 logger.go:71: 查询批量任务结果：map[cancelled_at:<nil> cancelling_at:<nil> completed_at:<nil> completion_window:24h created_at:1.769524649e+09 endpoint:/v1/chat/completions errors:<nil> expired_at:1.769611049e+09 expires_at:1.769611049e+09 failed_at:<nil> finalizing_at:<nil> id:batch_2601271437298336628039631 in_process_at:1.769524649e+09 input_file_id:file_2601271437269237987139626 object:spark output_file_id: request_counts:map[completed:16 failed:0 total:50] sid:bat000decd3@dx19bfe2ca6030000572 status:in_progress]
[INFO] 2026/01/27 14:38:20 logger.go:71: 查询批量任务结果：&{ID: Object: Endpoint: InputFileID:file_2601271437269237987139626 CompletionWindow: Status:in_progress OutputFileID: ErrorFileID:<nil> CreatedAt:0 InProgressAt:0 ExpiresAt:0 FinalizingAt:0 CompletedAt:0 FailedAt:0 CancelledAt:0 RequestCounts:{Total:0 Completed:0 Failed:0} Metadata:map[] BatchID:batch_2601271437298336628039631 TotalCount:50 CompletedCount:16 FailedCount:0}
[INFO] 2026/01/27 14:38:20 logger.go:71: 查询批量任务结果：map[cancelled_at:<nil> cancelling_at:<nil> completed_at:<nil> completion_window:24h created_at:1.769524649e+09 endpoint:/v1/chat/completions errors:<nil> expired_at:1.769611049e+09 expires_at:1.769611049e+09 failed_at:<nil> finalizing_at:<nil> id:batch_2601271437299793491460527 in_process_at:1.769524649e+09 input_file_id:file_2601271437270362743539628 object:spark output_file_id: request_counts:map[completed:9 failed:0 total:50] sid:bat000decd4@dx19bfe2ca6470000572 status:in_progress]
[INFO] 2026/01/27 14:38:20 logger.go:71: 查询批量任务结果：&{ID: Object: Endpoint: InputFileID:file_2601271437270362743539628 CompletionWindow: Status:in_progress OutputFileID: ErrorFileID:<nil> CreatedAt:0 InProgressAt:0 ExpiresAt:0 FinalizingAt:0 CompletedAt:0 FailedAt:0 CancelledAt:0 RequestCounts:{Total:0 Completed:0 Failed:0} Metadata:map[] BatchID:batch_2601271437299793491460527 TotalCount:50 CompletedCount:9 FailedCount:0}
[INFO] 2026/01/27 14:38:20 logger.go:71: 查询批量任务结果：map[cancelled_at:<nil> cancelling_at:<nil> completed_at:<nil> completion_window:24h created_at:1.76952465e+09 endpoint:/v1/chat/completions errors:<nil> expired_at:1.76961105e+09 expires_at:1.76961105e+09 failed_at:<nil> finalizing_at:<nil> id:batch_2601271437300616387039633 in_process_at:1.76952465e+09 input_file_id:file_2601271437271321801860514 object:spark output_file_id: request_counts:map[completed:13 failed:0 total:50] sid:bat000decd5@dx19bfe2ca6930000572 status:in_progress]
[INFO] 2026/01/27 14:38:20 logger.go:71: 查询批量任务结果：&{ID: Object: Endpoint: InputFileID:file_2601271437271321801860514 CompletionWindow: Status:in_progress OutputFileID: ErrorFileID:<nil> CreatedAt:0 InProgressAt:0 ExpiresAt:0 FinalizingAt:0 CompletedAt:0 FailedAt:0 CancelledAt:0 RequestCounts:{Total:0 Completed:0 Failed:0} Metadata:map[] BatchID:batch_2601271437300616387039633 TotalCount:50 CompletedCount:13 FailedCount:0}
[INFO] 2026/01/27 14:38:20 logger.go:71: 查询批量任务结果：map[cancelled_at:<nil> cancelling_at:<nil> completed_at:<nil> completion_window:24h created_at:1.76952465e+09 endpoint:/v1/chat/completions errors:<nil> expired_at:1.76961105e+09 expires_at:1.76961105e+09 failed_at:<nil> finalizing_at:<nil> id:batch_2601271437301485741539635 in_process_at:1.76952465e+09 input_file_id:file_2601271437272346589160516 object:spark output_file_id: request_counts:map[completed:13 failed:0 total:50] sid:bat000decd6@dx19bfe2ca6d90000572 status:in_progress]
[INFO] 2026/01/27 14:38:20 logger.go:71: 查询批量任务结果：&{ID: Object: Endpoint: InputFileID:file_2601271437272346589160516 CompletionWindow: Status:in_progress OutputFileID: ErrorFileID:<nil> CreatedAt:0 InProgressAt:0 ExpiresAt:0 FinalizingAt:0 CompletedAt:0 FailedAt:0 CancelledAt:0 RequestCounts:{Total:0 Completed:0 Failed:0} Metadata:map[] BatchID:batch_2601271437301485741539635 TotalCount:50 CompletedCount:13 FailedCount:0}
[INFO] 2026/01/27 14:38:20 logger.go:71: 查询批量任务结果：map[cancelled_at:<nil> cancelling_at:<nil> completed_at:<nil> completion_window:24h created_at:1.76952465e+09 endpoint:/v1/chat/completions errors:<nil> expired_at:1.76961105e+09 expires_at:1.76961105e+09 failed_at:<nil> finalizing_at:<nil> id:batch_2601271437302283550339637 in_process_at:1.76952465e+09 input_file_id:file_2601271437273433781560518 object:spark output_file_id: request_counts:map[completed:11 failed:0 total:50] sid:bat000d9b30@dx19bfe2ca7210000572 status:in_progress]
[INFO] 2026/01/27 14:38:20 logger.go:71: 查询批量任务结果：&{ID: Object: Endpoint: InputFileID:file_2601271437273433781560518 CompletionWindow: Status:in_progress OutputFileID: ErrorFileID:<nil> CreatedAt:0 InProgressAt:0 ExpiresAt:0 FinalizingAt:0 CompletedAt:0 FailedAt:0 CancelledAt:0 RequestCounts:{Total:0 Completed:0 Failed:0} Metadata:map[] BatchID:batch_2601271437302283550339637 TotalCount:50 CompletedCount:11 FailedCount:0}
[INFO] 2026/01/27 14:38:22 logger.go:71: 查询批量任务结果：map[cancelled_at:<nil> cancelling_at:<nil> completed_at:<nil> completion_window:24h created_at:1.769524649e+09 endpoint:/v1/chat/completions errors:<nil> expired_at:1.769611049e+09 expires_at:1.769611049e+09 failed_at:<nil> finalizing_at:<nil> id:batch_2601271437294305960060519 in_process_at:1.769524649e+09 input_file_id:file_2601271437263867484239620 object:spark output_file_id: request_counts:map[completed:20 failed:0 total:50] sid:bat000d9b31@dx19bfe2caf3d0000572 status:in_progress]
[INFO] 2026/01/27 14:38:22 logger.go:71: 查询批量任务结果：&{ID: Object: Endpoint: InputFileID:file_2601271437263867484239620 CompletionWindow: Status:in_progress OutputFileID: ErrorFileID:<nil> CreatedAt:0 InProgressAt:0 ExpiresAt:0 FinalizingAt:0 CompletedAt:0 FailedAt:0 CancelledAt:0 RequestCounts:{Total:0 Completed:0 Failed:0} Metadata:map[] BatchID:batch_2601271437294305960060519 TotalCount:50 CompletedCount:20 FailedCount:0}
[INFO] 2026/01/27 14:38:22 logger.go:71: 查询批量任务结果：map[cancelled_at:<nil> cancelling_at:<nil> completed_at:<nil> completion_window:24h created_at:1.769524649e+09 endpoint:/v1/chat/completions errors:<nil> expired_at:1.769611049e+09 expires_at:1.769611049e+09 failed_at:<nil> finalizing_at:<nil> id:batch_2601271437295182036360521 in_process_at:1.769524649e+09 input_file_id:file_2601271437265181433960510 object:spark output_file_id: request_counts:map[completed:11 failed:0 total:50] sid:bat000d9b32@dx19bfe2caf7f0000572 status:in_progress]
[INFO] 2026/01/27 14:38:22 logger.go:71: 查询批量任务结果：&{ID: Object: Endpoint: InputFileID:file_2601271437265181433960510 CompletionWindow: Status:in_progress OutputFileID: ErrorFileID:<nil> CreatedAt:0 InProgressAt:0 ExpiresAt:0 FinalizingAt:0 CompletedAt:0 FailedAt:0 CancelledAt:0 RequestCounts:{Total:0 Completed:0 Failed:0} Metadata:map[] BatchID:batch_2601271437295182036360521 TotalCount:50 CompletedCount:11 FailedCount:0}
[INFO] 2026/01/27 14:38:22 logger.go:71: 查询批量任务结果：map[cancelled_at:<nil> cancelling_at:<nil> completed_at:<nil> completion_window:24h created_at:1.769524649e+09 endpoint:/v1/chat/completions errors:<nil> expired_at:1.769611049e+09 expires_at:1.769611049e+09 failed_at:<nil> finalizing_at:<nil> id:batch_2601271437296035759860523 in_process_at:1.769524649e+09 input_file_id:file_2601271437266136083639622 object:spark output_file_id: request_counts:map[completed:13 failed:0 total:50] sid:bat000d9b33@dx19bfe2cafc60000572 status:in_progress]
[INFO] 2026/01/27 14:38:22 logger.go:71: 查询批量任务结果：&{ID: Object: Endpoint: InputFileID:file_2601271437266136083639622 CompletionWindow: Status:in_progress OutputFileID: ErrorFileID:<nil> CreatedAt:0 InProgressAt:0 ExpiresAt:0 FinalizingAt:0 CompletedAt:0 FailedAt:0 CancelledAt:0 RequestCounts:{Total:0 Completed:0 Failed:0} Metadata:map[] BatchID:batch_2601271437296035759860523 TotalCount:50 CompletedCount:13 FailedCount:0}
[INFO] 2026/01/27 14:38:23 logger.go:71: 查询批量任务结果：map[cancelled_at:<nil> cancelling_at:<nil> completed_at:<nil> completion_window:24h created_at:1.769524649e+09 endpoint:/v1/chat/completions errors:<nil> expired_at:1.769611049e+09 expires_at:1.769611049e+09 failed_at:<nil> finalizing_at:<nil> id:batch_2601271437296801125960525 in_process_at:1.769524649e+09 input_file_id:file_2601271437267207140660512 object:spark output_file_id: request_counts:map[completed:16 failed:0 total:50] sid:bat000d9b34@dx19bfe2cb0090000572 status:in_progress]
[INFO] 2026/01/27 14:38:23 logger.go:71: 查询批量任务结果：&{ID: Object: Endpoint: InputFileID:file_2601271437267207140660512 CompletionWindow: Status:in_progress OutputFileID: ErrorFileID:<nil> CreatedAt:0 InProgressAt:0 ExpiresAt:0 FinalizingAt:0 CompletedAt:0 FailedAt:0 CancelledAt:0 RequestCounts:{Total:0 Completed:0 Failed:0} Metadata:map[] BatchID:batch_2601271437296801125960525 TotalCount:50 CompletedCount:16 FailedCount:0}
[INFO] 2026/01/27 14:38:23 logger.go:71: 查询批量任务结果：map[cancelled_at:<nil> cancelling_at:<nil> completed_at:<nil> completion_window:24h created_at:1.769524649e+09 endpoint:/v1/chat/completions errors:<nil> expired_at:1.769611049e+09 expires_at:1.769611049e+09 failed_at:<nil> finalizing_at:<nil> id:batch_2601271437297563553539629 in_process_at:1.769524649e+09 input_file_id:file_2601271437268218054539624 object:spark output_file_id: request_counts:map[completed:13 failed:0 total:50] sid:bat000d9b35@dx19bfe2cb05a0000572 status:in_progress]
[INFO] 2026/01/27 14:38:23 logger.go:71: 查询批量任务结果：&{ID: Object: Endpoint: InputFileID:file_2601271437268218054539624 CompletionWindow: Status:in_progress OutputFileID: ErrorFileID:<nil> CreatedAt:0 InProgressAt:0 ExpiresAt:0 FinalizingAt:0 CompletedAt:0 FailedAt:0 CancelledAt:0 RequestCounts:{Total:0 Completed:0 Failed:0} Metadata:map[] BatchID:batch_2601271437297563553539629 TotalCount:50 CompletedCount:13 FailedCount:0}
[INFO] 2026/01/27 14:38:23 logger.go:71: 查询批量任务结果：map[cancelled_at:<nil> cancelling_at:<nil> completed_at:<nil> completion_window:24h created_at:1.769524649e+09 endpoint:/v1/chat/completions errors:<nil> expired_at:1.769611049e+09 expires_at:1.769611049e+09 failed_at:<nil> finalizing_at:<nil> id:batch_2601271437298336628039631 in_process_at:1.769524649e+09 input_file_id:file_2601271437269237987139626 object:spark output_file_id: request_counts:map[completed:17 failed:0 total:50] sid:bat000d9b36@dx19bfe2cb0a10000572 status:in_progress]
[INFO] 2026/01/27 14:38:23 logger.go:71: 查询批量任务结果：&{ID: Object: Endpoint: InputFileID:file_2601271437269237987139626 CompletionWindow: Status:in_progress OutputFileID: ErrorFileID:<nil> CreatedAt:0 InProgressAt:0 ExpiresAt:0 FinalizingAt:0 CompletedAt:0 FailedAt:0 CancelledAt:0 RequestCounts:{Total:0 Completed:0 Failed:0} Metadata:map[] BatchID:batch_2601271437298336628039631 TotalCount:50 CompletedCount:17 FailedCount:0}
[INFO] 2026/01/27 14:38:23 logger.go:71: 查询批量任务结果：map[cancelled_at:<nil> cancelling_at:<nil> completed_at:<nil> completion_window:24h created_at:1.769524649e+09 endpoint:/v1/chat/completions errors:<nil> expired_at:1.769611049e+09 expires_at:1.769611049e+09 failed_at:<nil> finalizing_at:<nil> id:batch_2601271437299793491460527 in_process_at:1.769524649e+09 input_file_id:file_2601271437270362743539628 object:spark output_file_id: request_counts:map[completed:10 failed:0 total:50] sid:bat000d9b37@dx19bfe2cb0eb0000572 status:in_progress]
[INFO] 2026/01/27 14:38:23 logger.go:71: 查询批量任务结果：&{ID: Object: Endpoint: InputFileID:file_2601271437270362743539628 CompletionWindow: Status:in_progress OutputFileID: ErrorFileID:<nil> CreatedAt:0 InProgressAt:0 ExpiresAt:0 FinalizingAt:0 CompletedAt:0 FailedAt:0 CancelledAt:0 RequestCounts:{Total:0 Completed:0 Failed:0} Metadata:map[] BatchID:batch_2601271437299793491460527 TotalCount:50 CompletedCount:10 FailedCount:0}
[INFO] 2026/01/27 14:38:23 logger.go:71: 查询批量任务结果：map[cancelled_at:<nil> cancelling_at:<nil> completed_at:<nil> completion_window:24h created_at:1.76952465e+09 endpoint:/v1/chat/completions errors:<nil> expired_at:1.76961105e+09 expires_at:1.76961105e+09 failed_at:<nil> finalizing_at:<nil> id:batch_2601271437300616387039633 in_process_at:1.76952465e+09 input_file_id:file_2601271437271321801860514 object:spark output_file_id: request_counts:map[completed:15 failed:0 total:50] sid:bat000d9b38@dx19bfe2cb13e0000572 status:in_progress]
[INFO] 2026/01/27 14:38:23 logger.go:71: 查询批量任务结果：&{ID: Object: Endpoint: InputFileID:file_2601271437271321801860514 CompletionWindow: Status:in_progress OutputFileID: ErrorFileID:<nil> CreatedAt:0 InProgressAt:0 ExpiresAt:0 FinalizingAt:0 CompletedAt:0 FailedAt:0 CancelledAt:0 RequestCounts:{Total:0 Completed:0 Failed:0} Metadata:map[] BatchID:batch_2601271437300616387039633 TotalCount:50 CompletedCount:15 FailedCount:0}
[INFO] 2026/01/27 14:38:23 logger.go:71: 查询批量任务结果：map[cancelled_at:<nil> cancelling_at:<nil> completed_at:<nil> completion_window:24h created_at:1.76952465e+09 endpoint:/v1/chat/completions errors:<nil> expired_at:1.76961105e+09 expires_at:1.76961105e+09 failed_at:<nil> finalizing_at:<nil> id:batch_2601271437301485741539635 in_process_at:1.76952465e+09 input_file_id:file_2601271437272346589160516 object:spark output_file_id: request_counts:map[completed:15 failed:0 total:50] sid:bat000decd7@dx19bfe2cb18d0000572 status:in_progress]
[INFO] 2026/01/27 14:38:23 logger.go:71: 查询批量任务结果：&{ID: Object: Endpoint: InputFileID:file_2601271437272346589160516 CompletionWindow: Status:in_progress OutputFileID: ErrorFileID:<nil> CreatedAt:0 InProgressAt:0 ExpiresAt:0 FinalizingAt:0 CompletedAt:0 FailedAt:0 CancelledAt:0 RequestCounts:{Total:0 Completed:0 Failed:0} Metadata:map[] BatchID:batch_2601271437301485741539635 TotalCount:50 CompletedCount:15 FailedCount:0}
[INFO] 2026/01/27 14:38:23 logger.go:71: 查询批量任务结果：map[cancelled_at:<nil> cancelling_at:<nil> completed_at:<nil> completion_window:24h created_at:1.76952465e+09 endpoint:/v1/chat/completions errors:<nil> expired_at:1.76961105e+09 expires_at:1.76961105e+09 failed_at:<nil> finalizing_at:<nil> id:batch_2601271437302283550339637 in_process_at:1.76952465e+09 input_file_id:file_2601271437273433781560518 object:spark output_file_id: request_counts:map[completed:12 failed:0 total:50] sid:bat000d9b39@dx19bfe2cb1e30000572 status:in_progress]
[INFO] 2026/01/27 14:38:23 logger.go:71: 查询批量任务结果：&{ID: Object: Endpoint: InputFileID:file_2601271437273433781560518 CompletionWindow: Status:in_progress OutputFileID: ErrorFileID:<nil> CreatedAt:0 InProgressAt:0 ExpiresAt:0 FinalizingAt:0 CompletedAt:0 FailedAt:0 CancelledAt:0 RequestCounts:{Total:0 Completed:0 Failed:0} Metadata:map[] BatchID:batch_2601271437302283550339637 TotalCount:50 CompletedCount:12 FailedCount:0}
[INFO] 2026/01/27 14:38:25 logger.go:71: 查询批量任务结果：map[cancelled_at:<nil> cancelling_at:<nil> completed_at:<nil> completion_window:24h created_at:1.769524649e+09 endpoint:/v1/chat/completions errors:<nil> expired_at:1.769611049e+09 expires_at:1.769611049e+09 failed_at:<nil> finalizing_at:<nil> id:batch_2601271437294305960060519 in_process_at:1.769524649e+09 input_file_id:file_2601271437263867484239620 object:spark output_file_id: request_counts:map[completed:20 failed:0 total:50] sid:bat000d9b3a@dx19bfe2cba900000572 status:in_progress]
[INFO] 2026/01/27 14:38:25 logger.go:71: 查询批量任务结果：&{ID: Object: Endpoint: InputFileID:file_2601271437263867484239620 CompletionWindow: Status:in_progress OutputFileID: ErrorFileID:<nil> CreatedAt:0 InProgressAt:0 ExpiresAt:0 FinalizingAt:0 CompletedAt:0 FailedAt:0 CancelledAt:0 RequestCounts:{Total:0 Completed:0 Failed:0} Metadata:map[] BatchID:batch_2601271437294305960060519 TotalCount:50 CompletedCount:20 FailedCount:0}
[INFO] 2026/01/27 14:38:25 logger.go:71: 查询批量任务结果：map[cancelled_at:<nil> cancelling_at:<nil> completed_at:<nil> completion_window:24h created_at:1.769524649e+09 endpoint:/v1/chat/completions errors:<nil> expired_at:1.769611049e+09 expires_at:1.769611049e+09 failed_at:<nil> finalizing_at:<nil> id:batch_2601271437295182036360521 in_process_at:1.769524649e+09 input_file_id:file_2601271437265181433960510 object:spark output_file_id: request_counts:map[completed:15 failed:0 total:50] sid:bat000decd8@dx19bfe2cbafa0000572 status:in_progress]
[INFO] 2026/01/27 14:38:25 logger.go:71: 查询批量任务结果：&{ID: Object: Endpoint: InputFileID:file_2601271437265181433960510 CompletionWindow: Status:in_progress OutputFileID: ErrorFileID:<nil> CreatedAt:0 InProgressAt:0 ExpiresAt:0 FinalizingAt:0 CompletedAt:0 FailedAt:0 CancelledAt:0 RequestCounts:{Total:0 Completed:0 Failed:0} Metadata:map[] BatchID:batch_2601271437295182036360521 TotalCount:50 CompletedCount:15 FailedCount:0}
[INFO] 2026/01/27 14:38:25 logger.go:71: 查询批量任务结果：map[cancelled_at:<nil> cancelling_at:<nil> completed_at:<nil> completion_window:24h created_at:1.769524649e+09 endpoint:/v1/chat/completions errors:<nil> expired_at:1.769611049e+09 expires_at:1.769611049e+09 failed_at:<nil> finalizing_at:<nil> id:batch_2601271437296035759860523 in_process_at:1.769524649e+09 input_file_id:file_2601271437266136083639622 object:spark output_file_id: request_counts:map[completed:14 failed:0 total:50] sid:bat000d9b3b@dx19bfe2cbb400000572 status:in_progress]
[INFO] 2026/01/27 14:38:25 logger.go:71: 查询批量任务结果：&{ID: Object: Endpoint: InputFileID:file_2601271437266136083639622 CompletionWindow: Status:in_progress OutputFileID: ErrorFileID:<nil> CreatedAt:0 InProgressAt:0 ExpiresAt:0 FinalizingAt:0 CompletedAt:0 FailedAt:0 CancelledAt:0 RequestCounts:{Total:0 Completed:0 Failed:0} Metadata:map[] BatchID:batch_2601271437296035759860523 TotalCount:50 CompletedCount:14 FailedCount:0}
[INFO] 2026/01/27 14:38:25 logger.go:71: 查询批量任务结果：map[cancelled_at:<nil> cancelling_at:<nil> completed_at:<nil> completion_window:24h created_at:1.769524649e+09 endpoint:/v1/chat/completions errors:<nil> expired_at:1.769611049e+09 expires_at:1.769611049e+09 failed_at:<nil> finalizing_at:<nil> id:batch_2601271437296801125960525 in_process_at:1.769524649e+09 input_file_id:file_2601271437267207140660512 object:spark output_file_id: request_counts:map[completed:18 failed:0 total:50] sid:bat000decd9@dx19bfe2cbb8f0000572 status:in_progress]
[INFO] 2026/01/27 14:38:25 logger.go:71: 查询批量任务结果：&{ID: Object: Endpoint: InputFileID:file_2601271437267207140660512 CompletionWindow: Status:in_progress OutputFileID: ErrorFileID:<nil> CreatedAt:0 InProgressAt:0 ExpiresAt:0 FinalizingAt:0 CompletedAt:0 FailedAt:0 CancelledAt:0 RequestCounts:{Total:0 Completed:0 Failed:0} Metadata:map[] BatchID:batch_2601271437296801125960525 TotalCount:50 CompletedCount:18 FailedCount:0}
[INFO] 2026/01/27 14:38:26 logger.go:71: 查询批量任务结果：map[cancelled_at:<nil> cancelling_at:<nil> completed_at:<nil> completion_window:24h created_at:1.769524649e+09 endpoint:/v1/chat/completions errors:<nil> expired_at:1.769611049e+09 expires_at:1.769611049e+09 failed_at:<nil> finalizing_at:<nil> id:batch_2601271437297563553539629 in_process_at:1.769524649e+09 input_file_id:file_2601271437268218054539624 object:spark output_file_id: request_counts:map[completed:14 failed:0 total:50] sid:bat000decda@dx19bfe2cbbe00000572 status:in_progress]
[INFO] 2026/01/27 14:38:26 logger.go:71: 查询批量任务结果：&{ID: Object: Endpoint: InputFileID:file_2601271437268218054539624 CompletionWindow: Status:in_progress OutputFileID: ErrorFileID:<nil> CreatedAt:0 InProgressAt:0 ExpiresAt:0 FinalizingAt:0 CompletedAt:0 FailedAt:0 CancelledAt:0 RequestCounts:{Total:0 Completed:0 Failed:0} Metadata:map[] BatchID:batch_2601271437297563553539629 TotalCount:50 CompletedCount:14 FailedCount:0}
[INFO] 2026/01/27 14:38:26 logger.go:71: 查询批量任务结果：map[cancelled_at:<nil> cancelling_at:<nil> completed_at:<nil> completion_window:24h created_at:1.769524649e+09 endpoint:/v1/chat/completions errors:<nil> expired_at:1.769611049e+09 expires_at:1.769611049e+09 failed_at:<nil> finalizing_at:<nil> id:batch_2601271437298336628039631 in_process_at:1.769524649e+09 input_file_id:file_2601271437269237987139626 object:spark output_file_id: request_counts:map[completed:17 failed:0 total:50] sid:bat000decdb@dx19bfe2cbc300000572 status:in_progress]
[INFO] 2026/01/27 14:38:26 logger.go:71: 查询批量任务结果：&{ID: Object: Endpoint: InputFileID:file_2601271437269237987139626 CompletionWindow: Status:in_progress OutputFileID: ErrorFileID:<nil> CreatedAt:0 InProgressAt:0 ExpiresAt:0 FinalizingAt:0 CompletedAt:0 FailedAt:0 CancelledAt:0 RequestCounts:{Total:0 Completed:0 Failed:0} Metadata:map[] BatchID:batch_2601271437298336628039631 TotalCount:50 CompletedCount:17 FailedCount:0}
[INFO] 2026/01/27 14:38:26 logger.go:71: 查询批量任务结果：map[cancelled_at:<nil> cancelling_at:<nil> completed_at:<nil> completion_window:24h created_at:1.769524649e+09 endpoint:/v1/chat/completions errors:<nil> expired_at:1.769611049e+09 expires_at:1.769611049e+09 failed_at:<nil> finalizing_at:<nil> id:batch_2601271437299793491460527 in_process_at:1.769524649e+09 input_file_id:file_2601271437270362743539628 object:spark output_file_id: request_counts:map[completed:12 failed:0 total:50] sid:bat000decdc@dx19bfe2cbc860000572 status:in_progress]
[INFO] 2026/01/27 14:38:26 logger.go:71: 查询批量任务结果：&{ID: Object: Endpoint: InputFileID:file_2601271437270362743539628 CompletionWindow: Status:in_progress OutputFileID: ErrorFileID:<nil> CreatedAt:0 InProgressAt:0 ExpiresAt:0 FinalizingAt:0 CompletedAt:0 FailedAt:0 CancelledAt:0 RequestCounts:{Total:0 Completed:0 Failed:0} Metadata:map[] BatchID:batch_2601271437299793491460527 TotalCount:50 CompletedCount:12 FailedCount:0}
[INFO] 2026/01/27 14:38:26 logger.go:71: 查询批量任务结果：map[cancelled_at:<nil> cancelling_at:<nil> completed_at:<nil> completion_window:24h created_at:1.76952465e+09 endpoint:/v1/chat/completions errors:<nil> expired_at:1.76961105e+09 expires_at:1.76961105e+09 failed_at:<nil> finalizing_at:<nil> id:batch_2601271437300616387039633 in_process_at:1.76952465e+09 input_file_id:file_2601271437271321801860514 object:spark output_file_id: request_counts:map[completed:16 failed:0 total:50] sid:bat000d9b3c@dx19bfe2cbcda0000572 status:in_progress]
[INFO] 2026/01/27 14:38:26 logger.go:71: 查询批量任务结果：&{ID: Object: Endpoint: InputFileID:file_2601271437271321801860514 CompletionWindow: Status:in_progress OutputFileID: ErrorFileID:<nil> CreatedAt:0 InProgressAt:0 ExpiresAt:0 FinalizingAt:0 CompletedAt:0 FailedAt:0 CancelledAt:0 RequestCounts:{Total:0 Completed:0 Failed:0} Metadata:map[] BatchID:batch_2601271437300616387039633 TotalCount:50 CompletedCount:16 FailedCount:0}
[INFO] 2026/01/27 14:38:26 logger.go:71: 查询批量任务结果：map[cancelled_at:<nil> cancelling_at:<nil> completed_at:<nil> completion_window:24h created_at:1.76952465e+09 endpoint:/v1/chat/completions errors:<nil> expired_at:1.76961105e+09 expires_at:1.76961105e+09 failed_at:<nil> finalizing_at:<nil> id:batch_2601271437301485741539635 in_process_at:1.76952465e+09 input_file_id:file_2601271437272346589160516 object:spark output_file_id: request_counts:map[completed:18 failed:0 total:50] sid:bat000decdd@dx19bfe2cbd2b0000572 status:in_progress]
[INFO] 2026/01/27 14:38:26 logger.go:71: 查询批量任务结果：&{ID: Object: Endpoint: InputFileID:file_2601271437272346589160516 CompletionWindow: Status:in_progress OutputFileID: ErrorFileID:<nil> CreatedAt:0 InProgressAt:0 ExpiresAt:0 FinalizingAt:0 CompletedAt:0 FailedAt:0 CancelledAt:0 RequestCounts:{Total:0 Completed:0 Failed:0} Metadata:map[] BatchID:batch_2601271437301485741539635 TotalCount:50 CompletedCount:18 FailedCount:0}
[INFO] 2026/01/27 14:38:26 logger.go:71: 查询批量任务结果：map[cancelled_at:<nil> cancelling_at:<nil> completed_at:<nil> completion_window:24h created_at:1.76952465e+09 endpoint:/v1/chat/completions errors:<nil> expired_at:1.76961105e+09 expires_at:1.76961105e+09 failed_at:<nil> finalizing_at:<nil> id:batch_2601271437302283550339637 in_process_at:1.76952465e+09 input_file_id:file_2601271437273433781560518 object:spark output_file_id: request_counts:map[completed:13 failed:0 total:50] sid:bat000decde@dx19bfe2cbd870000572 status:in_progress]
[INFO] 2026/01/27 14:38:26 logger.go:71: 查询批量任务结果：&{ID: Object: Endpoint: InputFileID:file_2601271437273433781560518 CompletionWindow: Status:in_progress OutputFileID: ErrorFileID:<nil> CreatedAt:0 InProgressAt:0 ExpiresAt:0 FinalizingAt:0 CompletedAt:0 FailedAt:0 CancelledAt:0 RequestCounts:{Total:0 Completed:0 Failed:0} Metadata:map[] BatchID:batch_2601271437302283550339637 TotalCount:50 CompletedCount:13 FailedCount:0}
[INFO] 2026/01/27 14:38:28 logger.go:71: 查询批量任务结果：map[cancelled_at:<nil> cancelling_at:<nil> completed_at:<nil> completion_window:24h created_at:1.769524649e+09 endpoint:/v1/chat/completions errors:<nil> expired_at:1.769611049e+09 expires_at:1.769611049e+09 failed_at:<nil> finalizing_at:<nil> id:batch_2601271437294305960060519 in_process_at:1.769524649e+09 input_file_id:file_2601271437263867484239620 object:spark output_file_id: request_counts:map[completed:21 failed:0 total:50] sid:bat000decdf@dx19bfe2cc5c00000572 status:in_progress]
[INFO] 2026/01/27 14:38:28 logger.go:71: 查询批量任务结果：&{ID: Object: Endpoint: InputFileID:file_2601271437263867484239620 CompletionWindow: Status:in_progress OutputFileID: ErrorFileID:<nil> CreatedAt:0 InProgressAt:0 ExpiresAt:0 FinalizingAt:0 CompletedAt:0 FailedAt:0 CancelledAt:0 RequestCounts:{Total:0 Completed:0 Failed:0} Metadata:map[] BatchID:batch_2601271437294305960060519 TotalCount:50 CompletedCount:21 FailedCount:0}
[INFO] 2026/01/27 14:38:28 logger.go:71: 查询批量任务结果：map[cancelled_at:<nil> cancelling_at:<nil> completed_at:<nil> completion_window:24h created_at:1.769524649e+09 endpoint:/v1/chat/completions errors:<nil> expired_at:1.769611049e+09 expires_at:1.769611049e+09 failed_at:<nil> finalizing_at:<nil> id:batch_2601271437295182036360521 in_process_at:1.769524649e+09 input_file_id:file_2601271437265181433960510 object:spark output_file_id: request_counts:map[completed:15 failed:0 total:50] sid:bat000dece0@dx19bfe2cc60b0000572 status:in_progress]
[INFO] 2026/01/27 14:38:28 logger.go:71: 查询批量任务结果：&{ID: Object: Endpoint: InputFileID:file_2601271437265181433960510 CompletionWindow: Status:in_progress OutputFileID: ErrorFileID:<nil> CreatedAt:0 InProgressAt:0 ExpiresAt:0 FinalizingAt:0 CompletedAt:0 FailedAt:0 CancelledAt:0 RequestCounts:{Total:0 Completed:0 Failed:0} Metadata:map[] BatchID:batch_2601271437295182036360521 TotalCount:50 CompletedCount:15 FailedCount:0}
[INFO] 2026/01/27 14:38:28 logger.go:71: 查询批量任务结果：map[cancelled_at:<nil> cancelling_at:<nil> completed_at:<nil> completion_window:24h created_at:1.769524649e+09 endpoint:/v1/chat/completions errors:<nil> expired_at:1.769611049e+09 expires_at:1.769611049e+09 failed_at:<nil> finalizing_at:<nil> id:batch_2601271437296035759860523 in_process_at:1.769524649e+09 input_file_id:file_2601271437266136083639622 object:spark output_file_id: request_counts:map[completed:16 failed:0 total:50] sid:bat000d9b3d@dx19bfe2cc6530000572 status:in_progress]
[INFO] 2026/01/27 14:38:28 logger.go:71: 查询批量任务结果：&{ID: Object: Endpoint: InputFileID:file_2601271437266136083639622 CompletionWindow: Status:in_progress OutputFileID: ErrorFileID:<nil> CreatedAt:0 InProgressAt:0 ExpiresAt:0 FinalizingAt:0 CompletedAt:0 FailedAt:0 CancelledAt:0 RequestCounts:{Total:0 Completed:0 Failed:0} Metadata:map[] BatchID:batch_2601271437296035759860523 TotalCount:50 CompletedCount:16 FailedCount:0}
[INFO] 2026/01/27 14:38:28 logger.go:71: 查询批量任务结果：map[cancelled_at:<nil> cancelling_at:<nil> completed_at:<nil> completion_window:24h created_at:1.769524649e+09 endpoint:/v1/chat/completions errors:<nil> expired_at:1.769611049e+09 expires_at:1.769611049e+09 failed_at:<nil> finalizing_at:<nil> id:batch_2601271437296801125960525 in_process_at:1.769524649e+09 input_file_id:file_2601271437267207140660512 object:spark output_file_id: request_counts:map[completed:21 failed:0 total:50] sid:bat000d9b3e@dx19bfe2cc6990000572 status:in_progress]
[INFO] 2026/01/27 14:38:28 logger.go:71: 查询批量任务结果：&{ID: Object: Endpoint: InputFileID:file_2601271437267207140660512 CompletionWindow: Status:in_progress OutputFileID: ErrorFileID:<nil> CreatedAt:0 InProgressAt:0 ExpiresAt:0 FinalizingAt:0 CompletedAt:0 FailedAt:0 CancelledAt:0 RequestCounts:{Total:0 Completed:0 Failed:0} Metadata:map[] BatchID:batch_2601271437296801125960525 TotalCount:50 CompletedCount:21 FailedCount:0}
[INFO] 2026/01/27 14:38:28 logger.go:71: 查询批量任务结果：map[cancelled_at:<nil> cancelling_at:<nil> completed_at:<nil> completion_window:24h created_at:1.769524649e+09 endpoint:/v1/chat/completions errors:<nil> expired_at:1.769611049e+09 expires_at:1.769611049e+09 failed_at:<nil> finalizing_at:<nil> id:batch_2601271437297563553539629 in_process_at:1.769524649e+09 input_file_id:file_2601271437268218054539624 object:spark output_file_id: request_counts:map[completed:17 failed:0 total:50] sid:bat000d9b3f@dx19bfe2cc6e80000572 status:in_progress]
[INFO] 2026/01/27 14:38:28 logger.go:71: 查询批量任务结果：&{ID: Object: Endpoint: InputFileID:file_2601271437268218054539624 CompletionWindow: Status:in_progress OutputFileID: ErrorFileID:<nil> CreatedAt:0 InProgressAt:0 ExpiresAt:0 FinalizingAt:0 CompletedAt:0 FailedAt:0 CancelledAt:0 RequestCounts:{Total:0 Completed:0 Failed:0} Metadata:map[] BatchID:batch_2601271437297563553539629 TotalCount:50 CompletedCount:17 FailedCount:0}
[INFO] 2026/01/27 14:38:29 logger.go:71: 查询批量任务结果：map[cancelled_at:<nil> cancelling_at:<nil> completed_at:<nil> completion_window:24h created_at:1.769524649e+09 endpoint:/v1/chat/completions errors:<nil> expired_at:1.769611049e+09 expires_at:1.769611049e+09 failed_at:<nil> finalizing_at:<nil> id:batch_2601271437298336628039631 in_process_at:1.769524649e+09 input_file_id:file_2601271437269237987139626 object:spark output_file_id: request_counts:map[completed:18 failed:0 total:50] sid:bat000dece1@dx19bfe2cc73b0000572 status:in_progress]
[INFO] 2026/01/27 14:38:29 logger.go:71: 查询批量任务结果：&{ID: Object: Endpoint: InputFileID:file_2601271437269237987139626 CompletionWindow: Status:in_progress OutputFileID: ErrorFileID:<nil> CreatedAt:0 InProgressAt:0 ExpiresAt:0 FinalizingAt:0 CompletedAt:0 FailedAt:0 CancelledAt:0 RequestCounts:{Total:0 Completed:0 Failed:0} Metadata:map[] BatchID:batch_2601271437298336628039631 TotalCount:50 CompletedCount:18 FailedCount:0}
[INFO] 2026/01/27 14:38:29 logger.go:71: 查询批量任务结果：map[cancelled_at:<nil> cancelling_at:<nil> completed_at:<nil> completion_window:24h created_at:1.769524649e+09 endpoint:/v1/chat/completions errors:<nil> expired_at:1.769611049e+09 expires_at:1.769611049e+09 failed_at:<nil> finalizing_at:<nil> id:batch_2601271437299793491460527 in_process_at:1.769524649e+09 input_file_id:file_2601271437270362743539628 object:spark output_file_id: request_counts:map[completed:12 failed:0 total:50] sid:bat000dece2@dx19bfe2cc79f0000572 status:in_progress]
[INFO] 2026/01/27 14:38:29 logger.go:71: 查询批量任务结果：&{ID: Object: Endpoint: InputFileID:file_2601271437270362743539628 CompletionWindow: Status:in_progress OutputFileID: ErrorFileID:<nil> CreatedAt:0 InProgressAt:0 ExpiresAt:0 FinalizingAt:0 CompletedAt:0 FailedAt:0 CancelledAt:0 RequestCounts:{Total:0 Completed:0 Failed:0} Metadata:map[] BatchID:batch_2601271437299793491460527 TotalCount:50 CompletedCount:12 FailedCount:0}
[INFO] 2026/01/27 14:38:29 logger.go:71: 查询批量任务结果：map[cancelled_at:<nil> cancelling_at:<nil> completed_at:<nil> completion_window:24h created_at:1.76952465e+09 endpoint:/v1/chat/completions errors:<nil> expired_at:1.76961105e+09 expires_at:1.76961105e+09 failed_at:<nil> finalizing_at:<nil> id:batch_2601271437300616387039633 in_process_at:1.76952465e+09 input_file_id:file_2601271437271321801860514 object:spark output_file_id: request_counts:map[completed:17 failed:0 total:50] sid:bat000dece3@dx19bfe2cc83d0000572 status:in_progress]
[INFO] 2026/01/27 14:38:29 logger.go:71: 查询批量任务结果：&{ID: Object: Endpoint: InputFileID:file_2601271437271321801860514 CompletionWindow: Status:in_progress OutputFileID: ErrorFileID:<nil> CreatedAt:0 InProgressAt:0 ExpiresAt:0 FinalizingAt:0 CompletedAt:0 FailedAt:0 CancelledAt:0 RequestCounts:{Total:0 Completed:0 Failed:0} Metadata:map[] BatchID:batch_2601271437300616387039633 TotalCount:50 CompletedCount:17 FailedCount:0}
[INFO] 2026/01/27 14:38:29 logger.go:71: 查询批量任务结果：map[cancelled_at:<nil> cancelling_at:<nil> completed_at:<nil> completion_window:24h created_at:1.76952465e+09 endpoint:/v1/chat/completions errors:<nil> expired_at:1.76961105e+09 expires_at:1.76961105e+09 failed_at:<nil> finalizing_at:<nil> id:batch_2601271437301485741539635 in_process_at:1.76952465e+09 input_file_id:file_2601271437272346589160516 object:spark output_file_id: request_counts:map[completed:19 failed:0 total:50] sid:bat000d9b40@dx19bfe2cc89e0000572 status:in_progress]
[INFO] 2026/01/27 14:38:29 logger.go:71: 查询批量任务结果：&{ID: Object: Endpoint: InputFileID:file_2601271437272346589160516 CompletionWindow: Status:in_progress OutputFileID: ErrorFileID:<nil> CreatedAt:0 InProgressAt:0 ExpiresAt:0 FinalizingAt:0 CompletedAt:0 FailedAt:0 CancelledAt:0 RequestCounts:{Total:0 Completed:0 Failed:0} Metadata:map[] BatchID:batch_2601271437301485741539635 TotalCount:50 CompletedCount:19 FailedCount:0}
[INFO] 2026/01/27 14:38:29 logger.go:71: 查询批量任务结果：map[cancelled_at:<nil> cancelling_at:<nil> completed_at:<nil> completion_window:24h created_at:1.76952465e+09 endpoint:/v1/chat/completions errors:<nil> expired_at:1.76961105e+09 expires_at:1.76961105e+09 failed_at:<nil> finalizing_at:<nil> id:batch_2601271437302283550339637 in_process_at:1.76952465e+09 input_file_id:file_2601271437273433781560518 object:spark output_file_id: request_counts:map[completed:14 failed:0 total:50] sid:bat000d9b41@dx19bfe2cc8e60000572 status:in_progress]
[INFO] 2026/01/27 14:38:29 logger.go:71: 查询批量任务结果：&{ID: Object: Endpoint: InputFileID:file_2601271437273433781560518 CompletionWindow: Status:in_progress OutputFileID: ErrorFileID:<nil> CreatedAt:0 InProgressAt:0 ExpiresAt:0 FinalizingAt:0 CompletedAt:0 FailedAt:0 CancelledAt:0 RequestCounts:{Total:0 Completed:0 Failed:0} Metadata:map[] BatchID:batch_2601271437302283550339637 TotalCount:50 CompletedCount:14 FailedCount:0}
[INFO] 2026/01/27 14:38:31 logger.go:71: 查询批量任务结果：map[cancelled_at:<nil> cancelling_at:<nil> completed_at:<nil> completion_window:24h created_at:1.769524649e+09 endpoint:/v1/chat/completions errors:<nil> expired_at:1.769611049e+09 expires_at:1.769611049e+09 failed_at:<nil> finalizing_at:<nil> id:batch_2601271437294305960060519 in_process_at:1.769524649e+09 input_file_id:file_2601271437263867484239620 object:spark output_file_id: request_counts:map[completed:21 failed:0 total:50] sid:bat000d9b42@dx19bfe2cd10d0000572 status:in_progress]
[INFO] 2026/01/27 14:38:31 logger.go:71: 查询批量任务结果：&{ID: Object: Endpoint: InputFileID:file_2601271437263867484239620 CompletionWindow: Status:in_progress OutputFileID: ErrorFileID:<nil> CreatedAt:0 InProgressAt:0 ExpiresAt:0 FinalizingAt:0 CompletedAt:0 FailedAt:0 CancelledAt:0 RequestCounts:{Total:0 Completed:0 Failed:0} Metadata:map[] BatchID:batch_2601271437294305960060519 TotalCount:50 CompletedCount:21 FailedCount:0}
[INFO] 2026/01/27 14:38:31 logger.go:71: 查询批量任务结果：map[cancelled_at:<nil> cancelling_at:<nil> completed_at:<nil> completion_window:24h created_at:1.769524649e+09 endpoint:/v1/chat/completions errors:<nil> expired_at:1.769611049e+09 expires_at:1.769611049e+09 failed_at:<nil> finalizing_at:<nil> id:batch_2601271437295182036360521 in_process_at:1.769524649e+09 input_file_id:file_2601271437265181433960510 object:spark output_file_id: request_counts:map[completed:17 failed:0 total:50] sid:bat000d9b43@dx19bfe2cd17a0000572 status:in_progress]
[INFO] 2026/01/27 14:38:31 logger.go:71: 查询批量任务结果：&{ID: Object: Endpoint: InputFileID:file_2601271437265181433960510 CompletionWindow: Status:in_progress OutputFileID: ErrorFileID:<nil> CreatedAt:0 InProgressAt:0 ExpiresAt:0 FinalizingAt:0 CompletedAt:0 FailedAt:0 CancelledAt:0 RequestCounts:{Total:0 Completed:0 Failed:0} Metadata:map[] BatchID:batch_2601271437295182036360521 TotalCount:50 CompletedCount:17 FailedCount:0}
[INFO] 2026/01/27 14:38:31 logger.go:71: 查询批量任务结果：map[cancelled_at:<nil> cancelling_at:<nil> completed_at:<nil> completion_window:24h created_at:1.769524649e+09 endpoint:/v1/chat/completions errors:<nil> expired_at:1.769611049e+09 expires_at:1.769611049e+09 failed_at:<nil> finalizing_at:<nil> id:batch_2601271437296035759860523 in_process_at:1.769524649e+09 input_file_id:file_2601271437266136083639622 object:spark output_file_id: request_counts:map[completed:17 failed:0 total:50] sid:bat000dece4@dx19bfe2cd1c50000572 status:in_progress]
[INFO] 2026/01/27 14:38:31 logger.go:71: 查询批量任务结果：&{ID: Object: Endpoint: InputFileID:file_2601271437266136083639622 CompletionWindow: Status:in_progress OutputFileID: ErrorFileID:<nil> CreatedAt:0 InProgressAt:0 ExpiresAt:0 FinalizingAt:0 CompletedAt:0 FailedAt:0 CancelledAt:0 RequestCounts:{Total:0 Completed:0 Failed:0} Metadata:map[] BatchID:batch_2601271437296035759860523 TotalCount:50 CompletedCount:17 FailedCount:0}
[INFO] 2026/01/27 14:38:31 logger.go:71: 查询批量任务结果：map[cancelled_at:<nil> cancelling_at:<nil> completed_at:<nil> completion_window:24h created_at:1.769524649e+09 endpoint:/v1/chat/completions errors:<nil> expired_at:1.769611049e+09 expires_at:1.769611049e+09 failed_at:<nil> finalizing_at:<nil> id:batch_2601271437296801125960525 in_process_at:1.769524649e+09 input_file_id:file_2601271437267207140660512 object:spark output_file_id: request_counts:map[completed:22 failed:0 total:50] sid:bat000dece5@dx19bfe2cd20f0000572 status:in_progress]
[INFO] 2026/01/27 14:38:31 logger.go:71: 查询批量任务结果：&{ID: Object: Endpoint: InputFileID:file_2601271437267207140660512 CompletionWindow: Status:in_progress OutputFileID: ErrorFileID:<nil> CreatedAt:0 InProgressAt:0 ExpiresAt:0 FinalizingAt:0 CompletedAt:0 FailedAt:0 CancelledAt:0 RequestCounts:{Total:0 Completed:0 Failed:0} Metadata:map[] BatchID:batch_2601271437296801125960525 TotalCount:50 CompletedCount:22 FailedCount:0}
[INFO] 2026/01/27 14:38:31 logger.go:71: 查询批量任务结果：map[cancelled_at:<nil> cancelling_at:<nil> completed_at:<nil> completion_window:24h created_at:1.769524649e+09 endpoint:/v1/chat/completions errors:<nil> expired_at:1.769611049e+09 expires_at:1.769611049e+09 failed_at:<nil> finalizing_at:<nil> id:batch_2601271437297563553539629 in_process_at:1.769524649e+09 input_file_id:file_2601271437268218054539624 object:spark output_file_id: request_counts:map[completed:17 failed:0 total:50] sid:bat000d9b44@dx19bfe2cd25b0000572 status:in_progress]
[INFO] 2026/01/27 14:38:31 logger.go:71: 查询批量任务结果：&{ID: Object: Endpoint: InputFileID:file_2601271437268218054539624 CompletionWindow: Status:in_progress OutputFileID: ErrorFileID:<nil> CreatedAt:0 InProgressAt:0 ExpiresAt:0 FinalizingAt:0 CompletedAt:0 FailedAt:0 CancelledAt:0 RequestCounts:{Total:0 Completed:0 Failed:0} Metadata:map[] BatchID:batch_2601271437297563553539629 TotalCount:50 CompletedCount:17 FailedCount:0}
[INFO] 2026/01/27 14:38:31 logger.go:71: 查询批量任务结果：map[cancelled_at:<nil> cancelling_at:<nil> completed_at:<nil> completion_window:24h created_at:1.769524649e+09 endpoint:/v1/chat/completions errors:<nil> expired_at:1.769611049e+09 expires_at:1.769611049e+09 failed_at:<nil> finalizing_at:<nil> id:batch_2601271437298336628039631 in_process_at:1.769524649e+09 input_file_id:file_2601271437269237987139626 object:spark output_file_id: request_counts:map[completed:19 failed:0 total:50] sid:bat000d9b45@dx19bfe2cd2b10000572 status:in_progress]
[INFO] 2026/01/27 14:38:31 logger.go:71: 查询批量任务结果：&{ID: Object: Endpoint: InputFileID:file_2601271437269237987139626 CompletionWindow: Status:in_progress OutputFileID: ErrorFileID:<nil> CreatedAt:0 InProgressAt:0 ExpiresAt:0 FinalizingAt:0 CompletedAt:0 FailedAt:0 CancelledAt:0 RequestCounts:{Total:0 Completed:0 Failed:0} Metadata:map[] BatchID:batch_2601271437298336628039631 TotalCount:50 CompletedCount:19 FailedCount:0}
[INFO] 2026/01/27 14:38:32 logger.go:71: 查询批量任务结果：map[cancelled_at:<nil> cancelling_at:<nil> completed_at:<nil> completion_window:24h created_at:1.769524649e+09 endpoint:/v1/chat/completions errors:<nil> expired_at:1.769611049e+09 expires_at:1.769611049e+09 failed_at:<nil> finalizing_at:<nil> id:batch_2601271437299793491460527 in_process_at:1.769524649e+09 input_file_id:file_2601271437270362743539628 object:spark output_file_id: request_counts:map[completed:12 failed:0 total:50] sid:bat000d9b46@dx19bfe2cd3120000572 status:in_progress]
[INFO] 2026/01/27 14:38:32 logger.go:71: 查询批量任务结果：&{ID: Object: Endpoint: InputFileID:file_2601271437270362743539628 CompletionWindow: Status:in_progress OutputFileID: ErrorFileID:<nil> CreatedAt:0 InProgressAt:0 ExpiresAt:0 FinalizingAt:0 CompletedAt:0 FailedAt:0 CancelledAt:0 RequestCounts:{Total:0 Completed:0 Failed:0} Metadata:map[] BatchID:batch_2601271437299793491460527 TotalCount:50 CompletedCount:12 FailedCount:0}
[INFO] 2026/01/27 14:38:32 logger.go:71: 查询批量任务结果：map[cancelled_at:<nil> cancelling_at:<nil> completed_at:<nil> completion_window:24h created_at:1.76952465e+09 endpoint:/v1/chat/completions errors:<nil> expired_at:1.76961105e+09 expires_at:1.76961105e+09 failed_at:<nil> finalizing_at:<nil> id:batch_2601271437300616387039633 in_process_at:1.76952465e+09 input_file_id:file_2601271437271321801860514 object:spark output_file_id: request_counts:map[completed:19 failed:0 total:50] sid:bat000dece6@dx19bfe2cd3e10000572 status:in_progress]
[INFO] 2026/01/27 14:38:32 logger.go:71: 查询批量任务结果：&{ID: Object: Endpoint: InputFileID:file_2601271437271321801860514 CompletionWindow: Status:in_progress OutputFileID: ErrorFileID:<nil> CreatedAt:0 InProgressAt:0 ExpiresAt:0 FinalizingAt:0 CompletedAt:0 FailedAt:0 CancelledAt:0 RequestCounts:{Total:0 Completed:0 Failed:0} Metadata:map[] BatchID:batch_2601271437300616387039633 TotalCount:50 CompletedCount:19 FailedCount:0}
[INFO] 2026/01/27 14:38:32 logger.go:71: 查询批量任务结果：map[cancelled_at:<nil> cancelling_at:<nil> completed_at:<nil> completion_window:24h created_at:1.76952465e+09 endpoint:/v1/chat/completions errors:<nil> expired_at:1.76961105e+09 expires_at:1.76961105e+09 failed_at:<nil> finalizing_at:<nil> id:batch_2601271437301485741539635 in_process_at:1.76952465e+09 input_file_id:file_2601271437272346589160516 object:spark output_file_id: request_counts:map[completed:21 failed:0 total:50] sid:bat000dece7@dx19bfe2cd4300000572 status:in_progress]
[INFO] 2026/01/27 14:38:32 logger.go:71: 查询批量任务结果：&{ID: Object: Endpoint: InputFileID:file_2601271437272346589160516 CompletionWindow: Status:in_progress OutputFileID: ErrorFileID:<nil> CreatedAt:0 InProgressAt:0 ExpiresAt:0 FinalizingAt:0 CompletedAt:0 FailedAt:0 CancelledAt:0 RequestCounts:{Total:0 Completed:0 Failed:0} Metadata:map[] BatchID:batch_2601271437301485741539635 TotalCount:50 CompletedCount:21 FailedCount:0}
[INFO] 2026/01/27 14:38:32 logger.go:71: 查询批量任务结果：map[cancelled_at:<nil> cancelling_at:<nil> completed_at:<nil> completion_window:24h created_at:1.76952465e+09 endpoint:/v1/chat/completions errors:<nil> expired_at:1.76961105e+09 expires_at:1.76961105e+09 failed_at:<nil> finalizing_at:<nil> id:batch_2601271437302283550339637 in_process_at:1.76952465e+09 input_file_id:file_2601271437273433781560518 object:spark output_file_id: request_counts:map[completed:14 failed:0 total:50] sid:bat000d9b47@dx19bfe2cd4870000572 status:in_progress]
[INFO] 2026/01/27 14:38:32 logger.go:71: 查询批量任务结果：&{ID: Object: Endpoint: InputFileID:file_2601271437273433781560518 CompletionWindow: Status:in_progress OutputFileID: ErrorFileID:<nil> CreatedAt:0 InProgressAt:0 ExpiresAt:0 FinalizingAt:0 CompletedAt:0 FailedAt:0 CancelledAt:0 RequestCounts:{Total:0 Completed:0 Failed:0} Metadata:map[] BatchID:batch_2601271437302283550339637 TotalCount:50 CompletedCount:14 FailedCount:0}
[INFO] 2026/01/27 14:38:34 logger.go:71: 查询批量任务结果：map[cancelled_at:<nil> cancelling_at:<nil> completed_at:<nil> completion_window:24h created_at:1.769524649e+09 endpoint:/v1/chat/completions errors:<nil> expired_at:1.769611049e+09 expires_at:1.769611049e+09 failed_at:<nil> finalizing_at:<nil> id:batch_2601271437294305960060519 in_process_at:1.769524649e+09 input_file_id:file_2601271437263867484239620 object:spark output_file_id: request_counts:map[completed:21 failed:0 total:50] sid:bat000d9b48@dx19bfe2cdca60000572 status:in_progress]
[INFO] 2026/01/27 14:38:34 logger.go:71: 查询批量任务结果：&{ID: Object: Endpoint: InputFileID:file_2601271437263867484239620 CompletionWindow: Status:in_progress OutputFileID: ErrorFileID:<nil> CreatedAt:0 InProgressAt:0 ExpiresAt:0 FinalizingAt:0 CompletedAt:0 FailedAt:0 CancelledAt:0 RequestCounts:{Total:0 Completed:0 Failed:0} Metadata:map[] BatchID:batch_2601271437294305960060519 TotalCount:50 CompletedCount:21 FailedCount:0}
[INFO] 2026/01/27 14:38:34 logger.go:71: 查询批量任务结果：map[cancelled_at:<nil> cancelling_at:<nil> completed_at:<nil> completion_window:24h created_at:1.769524649e+09 endpoint:/v1/chat/completions errors:<nil> expired_at:1.769611049e+09 expires_at:1.769611049e+09 failed_at:<nil> finalizing_at:<nil> id:batch_2601271437295182036360521 in_process_at:1.769524649e+09 input_file_id:file_2601271437265181433960510 object:spark output_file_id: request_counts:map[completed:19 failed:0 total:50] sid:bat000d9b49@dx19bfe2cdd0b0000572 status:in_progress]
[INFO] 2026/01/27 14:38:34 logger.go:71: 查询批量任务结果：&{ID: Object: Endpoint: InputFileID:file_2601271437265181433960510 CompletionWindow: Status:in_progress OutputFileID: ErrorFileID:<nil> CreatedAt:0 InProgressAt:0 ExpiresAt:0 FinalizingAt:0 CompletedAt:0 FailedAt:0 CancelledAt:0 RequestCounts:{Total:0 Completed:0 Failed:0} Metadata:map[] BatchID:batch_2601271437295182036360521 TotalCount:50 CompletedCount:19 FailedCount:0}
[INFO] 2026/01/27 14:38:34 logger.go:71: 查询批量任务结果：map[cancelled_at:<nil> cancelling_at:<nil> completed_at:<nil> completion_window:24h created_at:1.769524649e+09 endpoint:/v1/chat/completions errors:<nil> expired_at:1.769611049e+09 expires_at:1.769611049e+09 failed_at:<nil> finalizing_at:<nil> id:batch_2601271437296035759860523 in_process_at:1.769524649e+09 input_file_id:file_2601271437266136083639622 object:spark output_file_id: request_counts:map[completed:19 failed:0 total:50] sid:bat000dece8@dx19bfe2cdd5d0000572 status:in_progress]
[INFO] 2026/01/27 14:38:34 logger.go:71: 查询批量任务结果：&{ID: Object: Endpoint: InputFileID:file_2601271437266136083639622 CompletionWindow: Status:in_progress OutputFileID: ErrorFileID:<nil> CreatedAt:0 InProgressAt:0 ExpiresAt:0 FinalizingAt:0 CompletedAt:0 FailedAt:0 CancelledAt:0 RequestCounts:{Total:0 Completed:0 Failed:0} Metadata:map[] BatchID:batch_2601271437296035759860523 TotalCount:50 CompletedCount:19 FailedCount:0}
[INFO] 2026/01/27 14:38:34 logger.go:71: 查询批量任务结果：map[cancelled_at:<nil> cancelling_at:<nil> completed_at:<nil> completion_window:24h created_at:1.769524649e+09 endpoint:/v1/chat/completions errors:<nil> expired_at:1.769611049e+09 expires_at:1.769611049e+09 failed_at:<nil> finalizing_at:<nil> id:batch_2601271437296801125960525 in_process_at:1.769524649e+09 input_file_id:file_2601271437267207140660512 object:spark output_file_id: request_counts:map[completed:24 failed:0 total:50] sid:bat000d9b4a@dx19bfe2cddaa0000572 status:in_progress]
[INFO] 2026/01/27 14:38:34 logger.go:71: 查询批量任务结果：&{ID: Object: Endpoint: InputFileID:file_2601271437267207140660512 CompletionWindow: Status:in_progress OutputFileID: ErrorFileID:<nil> CreatedAt:0 InProgressAt:0 ExpiresAt:0 FinalizingAt:0 CompletedAt:0 FailedAt:0 CancelledAt:0 RequestCounts:{Total:0 Completed:0 Failed:0} Metadata:map[] BatchID:batch_2601271437296801125960525 TotalCount:50 CompletedCount:24 FailedCount:0}
[INFO] 2026/01/27 14:38:34 logger.go:71: 查询批量任务结果：map[cancelled_at:<nil> cancelling_at:<nil> completed_at:<nil> completion_window:24h created_at:1.769524649e+09 endpoint:/v1/chat/completions errors:<nil> expired_at:1.769611049e+09 expires_at:1.769611049e+09 failed_at:<nil> finalizing_at:<nil> id:batch_2601271437297563553539629 in_process_at:1.769524649e+09 input_file_id:file_2601271437268218054539624 object:spark output_file_id: request_counts:map[completed:18 failed:0 total:50] sid:bat000d9b4b@dx19bfe2cde030000572 status:in_progress]
[INFO] 2026/01/27 14:38:34 logger.go:71: 查询批量任务结果：&{ID: Object: Endpoint: InputFileID:file_2601271437268218054539624 CompletionWindow: Status:in_progress OutputFileID: ErrorFileID:<nil> CreatedAt:0 InProgressAt:0 ExpiresAt:0 FinalizingAt:0 CompletedAt:0 FailedAt:0 CancelledAt:0 RequestCounts:{Total:0 Completed:0 Failed:0} Metadata:map[] BatchID:batch_2601271437297563553539629 TotalCount:50 CompletedCount:18 FailedCount:0}
[INFO] 2026/01/27 14:38:34 logger.go:71: 查询批量任务结果：map[cancelled_at:<nil> cancelling_at:<nil> completed_at:<nil> completion_window:24h created_at:1.769524649e+09 endpoint:/v1/chat/completions errors:<nil> expired_at:1.769611049e+09 expires_at:1.769611049e+09 failed_at:<nil> finalizing_at:<nil> id:batch_2601271437298336628039631 in_process_at:1.769524649e+09 input_file_id:file_2601271437269237987139626 object:spark output_file_id: request_counts:map[completed:20 failed:0 total:50] sid:bat000dece9@dx19bfe2cde4a0000572 status:in_progress]
[INFO] 2026/01/27 14:38:34 logger.go:71: 查询批量任务结果：&{ID: Object: Endpoint: InputFileID:file_2601271437269237987139626 CompletionWindow: Status:in_progress OutputFileID: ErrorFileID:<nil> CreatedAt:0 InProgressAt:0 ExpiresAt:0 FinalizingAt:0 CompletedAt:0 FailedAt:0 CancelledAt:0 RequestCounts:{Total:0 Completed:0 Failed:0} Metadata:map[] BatchID:batch_2601271437298336628039631 TotalCount:50 CompletedCount:20 FailedCount:0}
[INFO] 2026/01/27 14:38:34 logger.go:71: 查询批量任务结果：map[cancelled_at:<nil> cancelling_at:<nil> completed_at:<nil> completion_window:24h created_at:1.769524649e+09 endpoint:/v1/chat/completions errors:<nil> expired_at:1.769611049e+09 expires_at:1.769611049e+09 failed_at:<nil> finalizing_at:<nil> id:batch_2601271437299793491460527 in_process_at:1.769524649e+09 input_file_id:file_2601271437270362743539628 object:spark output_file_id: request_counts:map[completed:15 failed:0 total:50] sid:bat000decea@dx19bfe2cde970000572 status:in_progress]
[INFO] 2026/01/27 14:38:34 logger.go:71: 查询批量任务结果：&{ID: Object: Endpoint: InputFileID:file_2601271437270362743539628 CompletionWindow: Status:in_progress OutputFileID: ErrorFileID:<nil> CreatedAt:0 InProgressAt:0 ExpiresAt:0 FinalizingAt:0 CompletedAt:0 FailedAt:0 CancelledAt:0 RequestCounts:{Total:0 Completed:0 Failed:0} Metadata:map[] BatchID:batch_2601271437299793491460527 TotalCount:50 CompletedCount:15 FailedCount:0}
[INFO] 2026/01/27 14:38:35 logger.go:71: 查询批量任务结果：map[cancelled_at:<nil> cancelling_at:<nil> completed_at:<nil> completion_window:24h created_at:1.76952465e+09 endpoint:/v1/chat/completions errors:<nil> expired_at:1.76961105e+09 expires_at:1.76961105e+09 failed_at:<nil> finalizing_at:<nil> id:batch_2601271437300616387039633 in_process_at:1.76952465e+09 input_file_id:file_2601271437271321801860514 object:spark output_file_id: request_counts:map[completed:19 failed:0 total:50] sid:bat000deceb@dx19bfe2cdee80000572 status:in_progress]
[INFO] 2026/01/27 14:38:35 logger.go:71: 查询批量任务结果：&{ID: Object: Endpoint: InputFileID:file_2601271437271321801860514 CompletionWindow: Status:in_progress OutputFileID: ErrorFileID:<nil> CreatedAt:0 InProgressAt:0 ExpiresAt:0 FinalizingAt:0 CompletedAt:0 FailedAt:0 CancelledAt:0 RequestCounts:{Total:0 Completed:0 Failed:0} Metadata:map[] BatchID:batch_2601271437300616387039633 TotalCount:50 CompletedCount:19 FailedCount:0}
[INFO] 2026/01/27 14:38:35 logger.go:71: 查询批量任务结果：map[cancelled_at:<nil> cancelling_at:<nil> completed_at:<nil> completion_window:24h created_at:1.76952465e+09 endpoint:/v1/chat/completions errors:<nil> expired_at:1.76961105e+09 expires_at:1.76961105e+09 failed_at:<nil> finalizing_at:<nil> id:batch_2601271437301485741539635 in_process_at:1.76952465e+09 input_file_id:file_2601271437272346589160516 object:spark output_file_id: request_counts:map[completed:22 failed:0 total:50] sid:bat000d9b4c@dx19bfe2cdf550000572 status:in_progress]
[INFO] 2026/01/27 14:38:35 logger.go:71: 查询批量任务结果：&{ID: Object: Endpoint: InputFileID:file_2601271437272346589160516 CompletionWindow: Status:in_progress OutputFileID: ErrorFileID:<nil> CreatedAt:0 InProgressAt:0 ExpiresAt:0 FinalizingAt:0 CompletedAt:0 FailedAt:0 CancelledAt:0 RequestCounts:{Total:0 Completed:0 Failed:0} Metadata:map[] BatchID:batch_2601271437301485741539635 TotalCount:50 CompletedCount:22 FailedCount:0}
[INFO] 2026/01/27 14:38:35 logger.go:71: 查询批量任务结果：map[cancelled_at:<nil> cancelling_at:<nil> completed_at:<nil> completion_window:24h created_at:1.76952465e+09 endpoint:/v1/chat/completions errors:<nil> expired_at:1.76961105e+09 expires_at:1.76961105e+09 failed_at:<nil> finalizing_at:<nil> id:batch_2601271437302283550339637 in_process_at:1.76952465e+09 input_file_id:file_2601271437273433781560518 object:spark output_file_id: request_counts:map[completed:14 failed:0 total:50] sid:bat000d9b4d@dx19bfe2cdfb40000572 status:in_progress]
[INFO] 2026/01/27 14:38:35 logger.go:71: 查询批量任务结果：&{ID: Object: Endpoint: InputFileID:file_2601271437273433781560518 CompletionWindow: Status:in_progress OutputFileID: ErrorFileID:<nil> CreatedAt:0 InProgressAt:0 ExpiresAt:0 FinalizingAt:0 CompletedAt:0 FailedAt:0 CancelledAt:0 RequestCounts:{Total:0 Completed:0 Failed:0} Metadata:map[] BatchID:batch_2601271437302283550339637 TotalCount:50 CompletedCount:14 FailedCount:0}
[INFO] 2026/01/27 14:38:37 logger.go:71: 查询批量任务结果：map[cancelled_at:<nil> cancelling_at:<nil> completed_at:<nil> completion_window:24h created_at:1.769524649e+09 endpoint:/v1/chat/completions errors:<nil> expired_at:1.769611049e+09 expires_at:1.769611049e+09 failed_at:<nil> finalizing_at:<nil> id:batch_2601271437294305960060519 in_process_at:1.769524649e+09 input_file_id:file_2601271437263867484239620 object:spark output_file_id: request_counts:map[completed:21 failed:0 total:50] sid:bat000d9b50@dx19bfe2ce8210000572 status:in_progress]
[INFO] 2026/01/27 14:38:37 logger.go:71: 查询批量任务结果：&{ID: Object: Endpoint: InputFileID:file_2601271437263867484239620 CompletionWindow: Status:in_progress OutputFileID: ErrorFileID:<nil> CreatedAt:0 InProgressAt:0 ExpiresAt:0 FinalizingAt:0 CompletedAt:0 FailedAt:0 CancelledAt:0 RequestCounts:{Total:0 Completed:0 Failed:0} Metadata:map[] BatchID:batch_2601271437294305960060519 TotalCount:50 CompletedCount:21 FailedCount:0}
[INFO] 2026/01/27 14:38:37 logger.go:71: 查询批量任务结果：map[cancelled_at:<nil> cancelling_at:<nil> completed_at:<nil> completion_window:24h created_at:1.769524649e+09 endpoint:/v1/chat/completions errors:<nil> expired_at:1.769611049e+09 expires_at:1.769611049e+09 failed_at:<nil> finalizing_at:<nil> id:batch_2601271437295182036360521 in_process_at:1.769524649e+09 input_file_id:file_2601271437265181433960510 object:spark output_file_id: request_counts:map[completed:20 failed:0 total:50] sid:bat000d9b51@dx19bfe2ce8770000572 status:in_progress]
[INFO] 2026/01/27 14:38:37 logger.go:71: 查询批量任务结果：&{ID: Object: Endpoint: InputFileID:file_2601271437265181433960510 CompletionWindow: Status:in_progress OutputFileID: ErrorFileID:<nil> CreatedAt:0 InProgressAt:0 ExpiresAt:0 FinalizingAt:0 CompletedAt:0 FailedAt:0 CancelledAt:0 RequestCounts:{Total:0 Completed:0 Failed:0} Metadata:map[] BatchID:batch_2601271437295182036360521 TotalCount:50 CompletedCount:20 FailedCount:0}
[INFO] 2026/01/27 14:38:37 logger.go:71: 查询批量任务结果：map[cancelled_at:<nil> cancelling_at:<nil> completed_at:<nil> completion_window:24h created_at:1.769524649e+09 endpoint:/v1/chat/completions errors:<nil> expired_at:1.769611049e+09 expires_at:1.769611049e+09 failed_at:<nil> finalizing_at:<nil> id:batch_2601271437296035759860523 in_process_at:1.769524649e+09 input_file_id:file_2601271437266136083639622 object:spark output_file_id: request_counts:map[completed:20 failed:0 total:50] sid:bat000d9b52@dx19bfe2ce8ca0000572 status:in_progress]
[INFO] 2026/01/27 14:38:37 logger.go:71: 查询批量任务结果：&{ID: Object: Endpoint: InputFileID:file_2601271437266136083639622 CompletionWindow: Status:in_progress OutputFileID: ErrorFileID:<nil> CreatedAt:0 InProgressAt:0 ExpiresAt:0 FinalizingAt:0 CompletedAt:0 FailedAt:0 CancelledAt:0 RequestCounts:{Total:0 Completed:0 Failed:0} Metadata:map[] BatchID:batch_2601271437296035759860523 TotalCount:50 CompletedCount:20 FailedCount:0}
[INFO] 2026/01/27 14:38:37 logger.go:71: 查询批量任务结果：map[cancelled_at:<nil> cancelling_at:<nil> completed_at:<nil> completion_window:24h created_at:1.769524649e+09 endpoint:/v1/chat/completions errors:<nil> expired_at:1.769611049e+09 expires_at:1.769611049e+09 failed_at:<nil> finalizing_at:<nil> id:batch_2601271437296801125960525 in_process_at:1.769524649e+09 input_file_id:file_2601271437267207140660512 object:spark output_file_id: request_counts:map[completed:24 failed:0 total:50] sid:bat000d9b53@dx19bfe2ce91b0000572 status:in_progress]
[INFO] 2026/01/27 14:38:37 logger.go:71: 查询批量任务结果：&{ID: Object: Endpoint: InputFileID:file_2601271437267207140660512 CompletionWindow: Status:in_progress OutputFileID: ErrorFileID:<nil> CreatedAt:0 InProgressAt:0 ExpiresAt:0 FinalizingAt:0 CompletedAt:0 FailedAt:0 CancelledAt:0 RequestCounts:{Total:0 Completed:0 Failed:0} Metadata:map[] BatchID:batch_2601271437296801125960525 TotalCount:50 CompletedCount:24 FailedCount:0}
[INFO] 2026/01/27 14:38:37 logger.go:71: 查询批量任务结果：map[cancelled_at:<nil> cancelling_at:<nil> completed_at:<nil> completion_window:24h created_at:1.769524649e+09 endpoint:/v1/chat/completions errors:<nil> expired_at:1.769611049e+09 expires_at:1.769611049e+09 failed_at:<nil> finalizing_at:<nil> id:batch_2601271437297563553539629 in_process_at:1.769524649e+09 input_file_id:file_2601271437268218054539624 object:spark output_file_id: request_counts:map[completed:19 failed:0 total:50] sid:bat000d9b54@dx19bfe2ce9600000572 status:in_progress]
[INFO] 2026/01/27 14:38:37 logger.go:71: 查询批量任务结果：&{ID: Object: Endpoint: InputFileID:file_2601271437268218054539624 CompletionWindow: Status:in_progress OutputFileID: ErrorFileID:<nil> CreatedAt:0 InProgressAt:0 ExpiresAt:0 FinalizingAt:0 CompletedAt:0 FailedAt:0 CancelledAt:0 RequestCounts:{Total:0 Completed:0 Failed:0} Metadata:map[] BatchID:batch_2601271437297563553539629 TotalCount:50 CompletedCount:19 FailedCount:0}
[INFO] 2026/01/27 14:38:37 logger.go:71: 查询批量任务结果：map[cancelled_at:<nil> cancelling_at:<nil> completed_at:<nil> completion_window:24h created_at:1.769524649e+09 endpoint:/v1/chat/completions errors:<nil> expired_at:1.769611049e+09 expires_at:1.769611049e+09 failed_at:<nil> finalizing_at:<nil> id:batch_2601271437298336628039631 in_process_at:1.769524649e+09 input_file_id:file_2601271437269237987139626 object:spark output_file_id: request_counts:map[completed:21 failed:0 total:50] sid:bat000d9b55@dx19bfe2ce9a60000572 status:in_progress]
[INFO] 2026/01/27 14:38:37 logger.go:71: 查询批量任务结果：&{ID: Object: Endpoint: InputFileID:file_2601271437269237987139626 CompletionWindow: Status:in_progress OutputFileID: ErrorFileID:<nil> CreatedAt:0 InProgressAt:0 ExpiresAt:0 FinalizingAt:0 CompletedAt:0 FailedAt:0 CancelledAt:0 RequestCounts:{Total:0 Completed:0 Failed:0} Metadata:map[] BatchID:batch_2601271437298336628039631 TotalCount:50 CompletedCount:21 FailedCount:0}
[INFO] 2026/01/27 14:38:37 logger.go:71: 查询批量任务结果：map[cancelled_at:<nil> cancelling_at:<nil> completed_at:<nil> completion_window:24h created_at:1.769524649e+09 endpoint:/v1/chat/completions errors:<nil> expired_at:1.769611049e+09 expires_at:1.769611049e+09 failed_at:<nil> finalizing_at:<nil> id:batch_2601271437299793491460527 in_process_at:1.769524649e+09 input_file_id:file_2601271437270362743539628 object:spark output_file_id: request_counts:map[completed:16 failed:0 total:50] sid:bat000d9b56@dx19bfe2ce9e80000572 status:in_progress]
[INFO] 2026/01/27 14:38:37 logger.go:71: 查询批量任务结果：&{ID: Object: Endpoint: InputFileID:file_2601271437270362743539628 CompletionWindow: Status:in_progress OutputFileID: ErrorFileID:<nil> CreatedAt:0 InProgressAt:0 ExpiresAt:0 FinalizingAt:0 CompletedAt:0 FailedAt:0 CancelledAt:0 RequestCounts:{Total:0 Completed:0 Failed:0} Metadata:map[] BatchID:batch_2601271437299793491460527 TotalCount:50 CompletedCount:16 FailedCount:0}
[INFO] 2026/01/27 14:38:37 logger.go:71: 查询批量任务结果：map[cancelled_at:<nil> cancelling_at:<nil> completed_at:<nil> completion_window:24h created_at:1.76952465e+09 endpoint:/v1/chat/completions errors:<nil> expired_at:1.76961105e+09 expires_at:1.76961105e+09 failed_at:<nil> finalizing_at:<nil> id:batch_2601271437300616387039633 in_process_at:1.76952465e+09 input_file_id:file_2601271437271321801860514 object:spark output_file_id: request_counts:map[completed:19 failed:0 total:50] sid:bat000d9b57@dx19bfe2cea320000572 status:in_progress]
[INFO] 2026/01/27 14:38:37 logger.go:71: 查询批量任务结果：&{ID: Object: Endpoint: InputFileID:file_2601271437271321801860514 CompletionWindow: Status:in_progress OutputFileID: ErrorFileID:<nil> CreatedAt:0 InProgressAt:0 ExpiresAt:0 FinalizingAt:0 CompletedAt:0 FailedAt:0 CancelledAt:0 RequestCounts:{Total:0 Completed:0 Failed:0} Metadata:map[] BatchID:batch_2601271437300616387039633 TotalCount:50 CompletedCount:19 FailedCount:0}
[INFO] 2026/01/27 14:38:38 logger.go:71: 查询批量任务结果：map[cancelled_at:<nil> cancelling_at:<nil> completed_at:<nil> completion_window:24h created_at:1.76952465e+09 endpoint:/v1/chat/completions errors:<nil> expired_at:1.76961105e+09 expires_at:1.76961105e+09 failed_at:<nil> finalizing_at:<nil> id:batch_2601271437301485741539635 in_process_at:1.76952465e+09 input_file_id:file_2601271437272346589160516 object:spark output_file_id: request_counts:map[completed:23 failed:0 total:50] sid:bat000d9b58@dx19bfe2cea7a0000572 status:in_progress]
[INFO] 2026/01/27 14:38:38 logger.go:71: 查询批量任务结果：&{ID: Object: Endpoint: InputFileID:file_2601271437272346589160516 CompletionWindow: Status:in_progress OutputFileID: ErrorFileID:<nil> CreatedAt:0 InProgressAt:0 ExpiresAt:0 FinalizingAt:0 CompletedAt:0 FailedAt:0 CancelledAt:0 RequestCounts:{Total:0 Completed:0 Failed:0} Metadata:map[] BatchID:batch_2601271437301485741539635 TotalCount:50 CompletedCount:23 FailedCount:0}
[INFO] 2026/01/27 14:38:38 logger.go:71: 查询批量任务结果：map[cancelled_at:<nil> cancelling_at:<nil> completed_at:<nil> completion_window:24h created_at:1.76952465e+09 endpoint:/v1/chat/completions errors:<nil> expired_at:1.76961105e+09 expires_at:1.76961105e+09 failed_at:<nil> finalizing_at:<nil> id:batch_2601271437302283550339637 in_process_at:1.76952465e+09 input_file_id:file_2601271437273433781560518 object:spark output_file_id: request_counts:map[completed:14 failed:0 total:50] sid:bat000decee@dx19bfe2ceb260000572 status:in_progress]
[INFO] 2026/01/27 14:38:38 logger.go:71: 查询批量任务结果：&{ID: Object: Endpoint: InputFileID:file_2601271437273433781560518 CompletionWindow: Status:in_progress OutputFileID: ErrorFileID:<nil> CreatedAt:0 InProgressAt:0 ExpiresAt:0 FinalizingAt:0 CompletedAt:0 FailedAt:0 CancelledAt:0 RequestCounts:{Total:0 Completed:0 Failed:0} Metadata:map[] BatchID:batch_2601271437302283550339637 TotalCount:50 CompletedCount:14 FailedCount:0}
[INFO] 2026/01/27 14:38:40 logger.go:71: 查询批量任务结果：map[cancelled_at:<nil> cancelling_at:<nil> completed_at:<nil> completion_window:24h created_at:1.769524649e+09 endpoint:/v1/chat/completions errors:<nil> expired_at:1.769611049e+09 expires_at:1.769611049e+09 failed_at:<nil> finalizing_at:<nil> id:batch_2601271437294305960060519 in_process_at:1.769524649e+09 input_file_id:file_2601271437263867484239620 object:spark output_file_id: request_counts:map[completed:21 failed:0 total:50] sid:bat000d9b59@dx19bfe2cf3770000572 status:in_progress]
[INFO] 2026/01/27 14:38:40 logger.go:71: 查询批量任务结果：&{ID: Object: Endpoint: InputFileID:file_2601271437263867484239620 CompletionWindow: Status:in_progress OutputFileID: ErrorFileID:<nil> CreatedAt:0 InProgressAt:0 ExpiresAt:0 FinalizingAt:0 CompletedAt:0 FailedAt:0 CancelledAt:0 RequestCounts:{Total:0 Completed:0 Failed:0} Metadata:map[] BatchID:batch_2601271437294305960060519 TotalCount:50 CompletedCount:21 FailedCount:0}
[INFO] 2026/01/27 14:38:40 logger.go:71: 查询批量任务结果：map[cancelled_at:<nil> cancelling_at:<nil> completed_at:<nil> completion_window:24h created_at:1.769524649e+09 endpoint:/v1/chat/completions errors:<nil> expired_at:1.769611049e+09 expires_at:1.769611049e+09 failed_at:<nil> finalizing_at:<nil> id:batch_2601271437295182036360521 in_process_at:1.769524649e+09 input_file_id:file_2601271437265181433960510 object:spark output_file_id: request_counts:map[completed:20 failed:0 total:50] sid:bat000decf0@dx19bfe2cf40d0000572 status:in_progress]
[INFO] 2026/01/27 14:38:40 logger.go:71: 查询批量任务结果：&{ID: Object: Endpoint: InputFileID:file_2601271437265181433960510 CompletionWindow: Status:in_progress OutputFileID: ErrorFileID:<nil> CreatedAt:0 InProgressAt:0 ExpiresAt:0 FinalizingAt:0 CompletedAt:0 FailedAt:0 CancelledAt:0 RequestCounts:{Total:0 Completed:0 Failed:0} Metadata:map[] BatchID:batch_2601271437295182036360521 TotalCount:50 CompletedCount:20 FailedCount:0}
[INFO] 2026/01/27 14:38:40 logger.go:71: 查询批量任务结果：map[cancelled_at:<nil> cancelling_at:<nil> completed_at:<nil> completion_window:24h created_at:1.769524649e+09 endpoint:/v1/chat/completions errors:<nil> expired_at:1.769611049e+09 expires_at:1.769611049e+09 failed_at:<nil> finalizing_at:<nil> id:batch_2601271437296035759860523 in_process_at:1.769524649e+09 input_file_id:file_2601271437266136083639622 object:spark output_file_id: request_counts:map[completed:21 failed:0 total:50] sid:bat000d9b5a@dx19bfe2cf4570000572 status:in_progress]
[INFO] 2026/01/27 14:38:40 logger.go:71: 查询批量任务结果：&{ID: Object: Endpoint: InputFileID:file_2601271437266136083639622 CompletionWindow: Status:in_progress OutputFileID: ErrorFileID:<nil> CreatedAt:0 InProgressAt:0 ExpiresAt:0 FinalizingAt:0 CompletedAt:0 FailedAt:0 CancelledAt:0 RequestCounts:{Total:0 Completed:0 Failed:0} Metadata:map[] BatchID:batch_2601271437296035759860523 TotalCount:50 CompletedCount:21 FailedCount:0}
[INFO] 2026/01/27 14:38:40 logger.go:71: 查询批量任务结果：map[cancelled_at:<nil> cancelling_at:<nil> completed_at:<nil> completion_window:24h created_at:1.769524649e+09 endpoint:/v1/chat/completions errors:<nil> expired_at:1.769611049e+09 expires_at:1.769611049e+09 failed_at:<nil> finalizing_at:<nil> id:batch_2601271437296801125960525 in_process_at:1.769524649e+09 input_file_id:file_2601271437267207140660512 object:spark output_file_id: request_counts:map[completed:25 failed:0 total:50] sid:bat000d9b5b@dx19bfe2cf4c40000572 status:in_progress]
[INFO] 2026/01/27 14:38:40 logger.go:71: 查询批量任务结果：&{ID: Object: Endpoint: InputFileID:file_2601271437267207140660512 CompletionWindow: Status:in_progress OutputFileID: ErrorFileID:<nil> CreatedAt:0 InProgressAt:0 ExpiresAt:0 FinalizingAt:0 CompletedAt:0 FailedAt:0 CancelledAt:0 RequestCounts:{Total:0 Completed:0 Failed:0} Metadata:map[] BatchID:batch_2601271437296801125960525 TotalCount:50 CompletedCount:25 FailedCount:0}
[INFO] 2026/01/27 14:38:40 logger.go:71: 查询批量任务结果：map[cancelled_at:<nil> cancelling_at:<nil> completed_at:<nil> completion_window:24h created_at:1.769524649e+09 endpoint:/v1/chat/completions errors:<nil> expired_at:1.769611049e+09 expires_at:1.769611049e+09 failed_at:<nil> finalizing_at:<nil> id:batch_2601271437297563553539629 in_process_at:1.769524649e+09 input_file_id:file_2601271437268218054539624 object:spark output_file_id: request_counts:map[completed:19 failed:0 total:50] sid:bat000decf1@dx19bfe2cf5400000572 status:in_progress]
[INFO] 2026/01/27 14:38:40 logger.go:71: 查询批量任务结果：&{ID: Object: Endpoint: InputFileID:file_2601271437268218054539624 CompletionWindow: Status:in_progress OutputFileID: ErrorFileID:<nil> CreatedAt:0 InProgressAt:0 ExpiresAt:0 FinalizingAt:0 CompletedAt:0 FailedAt:0 CancelledAt:0 RequestCounts:{Total:0 Completed:0 Failed:0} Metadata:map[] BatchID:batch_2601271437297563553539629 TotalCount:50 CompletedCount:19 FailedCount:0}
[INFO] 2026/01/27 14:38:41 logger.go:71: 查询批量任务结果：map[cancelled_at:<nil> cancelling_at:<nil> completed_at:<nil> completion_window:24h created_at:1.769524649e+09 endpoint:/v1/chat/completions errors:<nil> expired_at:1.769611049e+09 expires_at:1.769611049e+09 failed_at:<nil> finalizing_at:<nil> id:batch_2601271437298336628039631 in_process_at:1.769524649e+09 input_file_id:file_2601271437269237987139626 object:spark output_file_id: request_counts:map[completed:21 failed:0 total:50] sid:bat000decf2@dx19bfe2cf5cb0000572 status:in_progress]
[INFO] 2026/01/27 14:38:41 logger.go:71: 查询批量任务结果：&{ID: Object: Endpoint: InputFileID:file_2601271437269237987139626 CompletionWindow: Status:in_progress OutputFileID: ErrorFileID:<nil> CreatedAt:0 InProgressAt:0 ExpiresAt:0 FinalizingAt:0 CompletedAt:0 FailedAt:0 CancelledAt:0 RequestCounts:{Total:0 Completed:0 Failed:0} Metadata:map[] BatchID:batch_2601271437298336628039631 TotalCount:50 CompletedCount:21 FailedCount:0}
[INFO] 2026/01/27 14:38:41 logger.go:71: 查询批量任务结果：map[cancelled_at:<nil> cancelling_at:<nil> completed_at:<nil> completion_window:24h created_at:1.769524649e+09 endpoint:/v1/chat/completions errors:<nil> expired_at:1.769611049e+09 expires_at:1.769611049e+09 failed_at:<nil> finalizing_at:<nil> id:batch_2601271437299793491460527 in_process_at:1.769524649e+09 input_file_id:file_2601271437270362743539628 object:spark output_file_id: request_counts:map[completed:17 failed:0 total:50] sid:bat000decf3@dx19bfe2cf6b70000572 status:in_progress]
[INFO] 2026/01/27 14:38:41 logger.go:71: 查询批量任务结果：&{ID: Object: Endpoint: InputFileID:file_2601271437270362743539628 CompletionWindow: Status:in_progress OutputFileID: ErrorFileID:<nil> CreatedAt:0 InProgressAt:0 ExpiresAt:0 FinalizingAt:0 CompletedAt:0 FailedAt:0 CancelledAt:0 RequestCounts:{Total:0 Completed:0 Failed:0} Metadata:map[] BatchID:batch_2601271437299793491460527 TotalCount:50 CompletedCount:17 FailedCount:0}
[INFO] 2026/01/27 14:38:41 logger.go:71: 查询批量任务结果：map[cancelled_at:<nil> cancelling_at:<nil> completed_at:<nil> completion_window:24h created_at:1.76952465e+09 endpoint:/v1/chat/completions errors:<nil> expired_at:1.76961105e+09 expires_at:1.76961105e+09 failed_at:<nil> finalizing_at:<nil> id:batch_2601271437300616387039633 in_process_at:1.76952465e+09 input_file_id:file_2601271437271321801860514 object:spark output_file_id: request_counts:map[completed:20 failed:0 total:50] sid:bat000decf4@dx19bfe2cf7310000572 status:in_progress]
[INFO] 2026/01/27 14:38:41 logger.go:71: 查询批量任务结果：&{ID: Object: Endpoint: InputFileID:file_2601271437271321801860514 CompletionWindow: Status:in_progress OutputFileID: ErrorFileID:<nil> CreatedAt:0 InProgressAt:0 ExpiresAt:0 FinalizingAt:0 CompletedAt:0 FailedAt:0 CancelledAt:0 RequestCounts:{Total:0 Completed:0 Failed:0} Metadata:map[] BatchID:batch_2601271437300616387039633 TotalCount:50 CompletedCount:20 FailedCount:0}
[INFO] 2026/01/27 14:38:41 logger.go:71: 查询批量任务结果：map[cancelled_at:<nil> cancelling_at:<nil> completed_at:<nil> completion_window:24h created_at:1.76952465e+09 endpoint:/v1/chat/completions errors:<nil> expired_at:1.76961105e+09 expires_at:1.76961105e+09 failed_at:<nil> finalizing_at:<nil> id:batch_2601271437301485741539635 in_process_at:1.76952465e+09 input_file_id:file_2601271437272346589160516 object:spark output_file_id: request_counts:map[completed:24 failed:0 total:50] sid:bat000decf5@dx19bfe2cf7ba0000572 status:in_progress]
[INFO] 2026/01/27 14:38:41 logger.go:71: 查询批量任务结果：&{ID: Object: Endpoint: InputFileID:file_2601271437272346589160516 CompletionWindow: Status:in_progress OutputFileID: ErrorFileID:<nil> CreatedAt:0 InProgressAt:0 ExpiresAt:0 FinalizingAt:0 CompletedAt:0 FailedAt:0 CancelledAt:0 RequestCounts:{Total:0 Completed:0 Failed:0} Metadata:map[] BatchID:batch_2601271437301485741539635 TotalCount:50 CompletedCount:24 FailedCount:0}
[INFO] 2026/01/27 14:38:41 logger.go:71: 查询批量任务结果：map[cancelled_at:<nil> cancelling_at:<nil> completed_at:<nil> completion_window:24h created_at:1.76952465e+09 endpoint:/v1/chat/completions errors:<nil> expired_at:1.76961105e+09 expires_at:1.76961105e+09 failed_at:<nil> finalizing_at:<nil> id:batch_2601271437302283550339637 in_process_at:1.76952465e+09 input_file_id:file_2601271437273433781560518 object:spark output_file_id: request_counts:map[completed:14 failed:0 total:50] sid:bat000decf6@dx19bfe2cf8460000572 status:in_progress]
[INFO] 2026/01/27 14:38:41 logger.go:71: 查询批量任务结果：&{ID: Object: Endpoint: InputFileID:file_2601271437273433781560518 CompletionWindow: Status:in_progress OutputFileID: ErrorFileID:<nil> CreatedAt:0 InProgressAt:0 ExpiresAt:0 FinalizingAt:0 CompletedAt:0 FailedAt:0 CancelledAt:0 RequestCounts:{Total:0 Completed:0 Failed:0} Metadata:map[] BatchID:batch_2601271437302283550339637 TotalCount:50 CompletedCount:14 FailedCount:0}
[INFO] 2026/01/27 14:38:43 logger.go:71: 查询批量任务结果：map[cancelled_at:<nil> cancelling_at:<nil> completed_at:<nil> completion_window:24h created_at:1.769524649e+09 endpoint:/v1/chat/completions errors:<nil> expired_at:1.769611049e+09 expires_at:1.769611049e+09 failed_at:<nil> finalizing_at:<nil> id:batch_2601271437294305960060519 in_process_at:1.769524649e+09 input_file_id:file_2601271437263867484239620 object:spark output_file_id: request_counts:map[completed:21 failed:0 total:50] sid:bat000d9b5c@dx19bfe2d00ce0000572 status:in_progress]
[INFO] 2026/01/27 14:38:43 logger.go:71: 查询批量任务结果：&{ID: Object: Endpoint: InputFileID:file_2601271437263867484239620 CompletionWindow: Status:in_progress OutputFileID: ErrorFileID:<nil> CreatedAt:0 InProgressAt:0 ExpiresAt:0 FinalizingAt:0 CompletedAt:0 FailedAt:0 CancelledAt:0 RequestCounts:{Total:0 Completed:0 Failed:0} Metadata:map[] BatchID:batch_2601271437294305960060519 TotalCount:50 CompletedCount:21 FailedCount:0}
[INFO] 2026/01/27 14:38:43 logger.go:71: 查询批量任务结果：map[cancelled_at:<nil> cancelling_at:<nil> completed_at:<nil> completion_window:24h created_at:1.769524649e+09 endpoint:/v1/chat/completions errors:<nil> expired_at:1.769611049e+09 expires_at:1.769611049e+09 failed_at:<nil> finalizing_at:<nil> id:batch_2601271437295182036360521 in_process_at:1.769524649e+09 input_file_id:file_2601271437265181433960510 object:spark output_file_id: request_counts:map[completed:20 failed:0 total:50] sid:bat000d9b5d@dx19bfe2d01360000572 status:in_progress]
[INFO] 2026/01/27 14:38:43 logger.go:71: 查询批量任务结果：&{ID: Object: Endpoint: InputFileID:file_2601271437265181433960510 CompletionWindow: Status:in_progress OutputFileID: ErrorFileID:<nil> CreatedAt:0 InProgressAt:0 ExpiresAt:0 FinalizingAt:0 CompletedAt:0 FailedAt:0 CancelledAt:0 RequestCounts:{Total:0 Completed:0 Failed:0} Metadata:map[] BatchID:batch_2601271437295182036360521 TotalCount:50 CompletedCount:20 FailedCount:0}
[INFO] 2026/01/27 14:38:43 logger.go:71: 查询批量任务结果：map[cancelled_at:<nil> cancelling_at:<nil> completed_at:<nil> completion_window:24h created_at:1.769524649e+09 endpoint:/v1/chat/completions errors:<nil> expired_at:1.769611049e+09 expires_at:1.769611049e+09 failed_at:<nil> finalizing_at:<nil> id:batch_2601271437296035759860523 in_process_at:1.769524649e+09 input_file_id:file_2601271437266136083639622 object:spark output_file_id: request_counts:map[completed:21 failed:0 total:50] sid:bat000decf7@dx19bfe2d017e0000572 status:in_progress]
[INFO] 2026/01/27 14:38:43 logger.go:71: 查询批量任务结果：&{ID: Object: Endpoint: InputFileID:file_2601271437266136083639622 CompletionWindow: Status:in_progress OutputFileID: ErrorFileID:<nil> CreatedAt:0 InProgressAt:0 ExpiresAt:0 FinalizingAt:0 CompletedAt:0 FailedAt:0 CancelledAt:0 RequestCounts:{Total:0 Completed:0 Failed:0} Metadata:map[] BatchID:batch_2601271437296035759860523 TotalCount:50 CompletedCount:21 FailedCount:0}
[INFO] 2026/01/27 14:38:43 logger.go:71: 查询批量任务结果：map[cancelled_at:<nil> cancelling_at:<nil> completed_at:<nil> completion_window:24h created_at:1.769524649e+09 endpoint:/v1/chat/completions errors:<nil> expired_at:1.769611049e+09 expires_at:1.769611049e+09 failed_at:<nil> finalizing_at:<nil> id:batch_2601271437296801125960525 in_process_at:1.769524649e+09 input_file_id:file_2601271437267207140660512 object:spark output_file_id: request_counts:map[completed:25 failed:0 total:50] sid:bat000decf8@dx19bfe2d01ce0000572 status:in_progress]
[INFO] 2026/01/27 14:38:43 logger.go:71: 查询批量任务结果：&{ID: Object: Endpoint: InputFileID:file_2601271437267207140660512 CompletionWindow: Status:in_progress OutputFileID: ErrorFileID:<nil> CreatedAt:0 InProgressAt:0 ExpiresAt:0 FinalizingAt:0 CompletedAt:0 FailedAt:0 CancelledAt:0 RequestCounts:{Total:0 Completed:0 Failed:0} Metadata:map[] BatchID:batch_2601271437296801125960525 TotalCount:50 CompletedCount:25 FailedCount:0}
[INFO] 2026/01/27 14:38:44 logger.go:71: 查询批量任务结果：map[cancelled_at:<nil> cancelling_at:<nil> completed_at:<nil> completion_window:24h created_at:1.769524649e+09 endpoint:/v1/chat/completions errors:<nil> expired_at:1.769611049e+09 expires_at:1.769611049e+09 failed_at:<nil> finalizing_at:<nil> id:batch_2601271437297563553539629 in_process_at:1.769524649e+09 input_file_id:file_2601271437268218054539624 object:spark output_file_id: request_counts:map[completed:21 failed:0 total:50] sid:bat000decf9@dx19bfe2d02170000572 status:in_progress]
[INFO] 2026/01/27 14:38:44 logger.go:71: 查询批量任务结果：&{ID: Object: Endpoint: InputFileID:file_2601271437268218054539624 CompletionWindow: Status:in_progress OutputFileID: ErrorFileID:<nil> CreatedAt:0 InProgressAt:0 ExpiresAt:0 FinalizingAt:0 CompletedAt:0 FailedAt:0 CancelledAt:0 RequestCounts:{Total:0 Completed:0 Failed:0} Metadata:map[] BatchID:batch_2601271437297563553539629 TotalCount:50 CompletedCount:21 FailedCount:0}
[INFO] 2026/01/27 14:38:44 logger.go:71: 查询批量任务结果：map[cancelled_at:<nil> cancelling_at:<nil> completed_at:<nil> completion_window:24h created_at:1.769524649e+09 endpoint:/v1/chat/completions errors:<nil> expired_at:1.769611049e+09 expires_at:1.769611049e+09 failed_at:<nil> finalizing_at:<nil> id:batch_2601271437298336628039631 in_process_at:1.769524649e+09 input_file_id:file_2601271437269237987139626 object:spark output_file_id: request_counts:map[completed:23 failed:0 total:50] sid:bat000decfa@dx19bfe2d02700000572 status:in_progress]
[INFO] 2026/01/27 14:38:44 logger.go:71: 查询批量任务结果：&{ID: Object: Endpoint: InputFileID:file_2601271437269237987139626 CompletionWindow: Status:in_progress OutputFileID: ErrorFileID:<nil> CreatedAt:0 InProgressAt:0 ExpiresAt:0 FinalizingAt:0 CompletedAt:0 FailedAt:0 CancelledAt:0 RequestCounts:{Total:0 Completed:0 Failed:0} Metadata:map[] BatchID:batch_2601271437298336628039631 TotalCount:50 CompletedCount:23 FailedCount:0}
[INFO] 2026/01/27 14:38:44 logger.go:71: 查询批量任务结果：map[cancelled_at:<nil> cancelling_at:<nil> completed_at:<nil> completion_window:24h created_at:1.769524649e+09 endpoint:/v1/chat/completions errors:<nil> expired_at:1.769611049e+09 expires_at:1.769611049e+09 failed_at:<nil> finalizing_at:<nil> id:batch_2601271437299793491460527 in_process_at:1.769524649e+09 input_file_id:file_2601271437270362743539628 object:spark output_file_id: request_counts:map[completed:18 failed:0 total:50] sid:bat000decfb@dx19bfe2d02ba0000572 status:in_progress]
[INFO] 2026/01/27 14:38:44 logger.go:71: 查询批量任务结果：&{ID: Object: Endpoint: InputFileID:file_2601271437270362743539628 CompletionWindow: Status:in_progress OutputFileID: ErrorFileID:<nil> CreatedAt:0 InProgressAt:0 ExpiresAt:0 FinalizingAt:0 CompletedAt:0 FailedAt:0 CancelledAt:0 RequestCounts:{Total:0 Completed:0 Failed:0} Metadata:map[] BatchID:batch_2601271437299793491460527 TotalCount:50 CompletedCount:18 FailedCount:0}
[INFO] 2026/01/27 14:38:44 logger.go:71: 查询批量任务结果：map[cancelled_at:<nil> cancelling_at:<nil> completed_at:<nil> completion_window:24h created_at:1.76952465e+09 endpoint:/v1/chat/completions errors:<nil> expired_at:1.76961105e+09 expires_at:1.76961105e+09 failed_at:<nil> finalizing_at:<nil> id:batch_2601271437300616387039633 in_process_at:1.76952465e+09 input_file_id:file_2601271437271321801860514 object:spark output_file_id: request_counts:map[completed:20 failed:0 total:50] sid:bat000decfc@dx19bfe2d03070000572 status:in_progress]
[INFO] 2026/01/27 14:38:44 logger.go:71: 查询批量任务结果：&{ID: Object: Endpoint: InputFileID:file_2601271437271321801860514 CompletionWindow: Status:in_progress OutputFileID: ErrorFileID:<nil> CreatedAt:0 InProgressAt:0 ExpiresAt:0 FinalizingAt:0 CompletedAt:0 FailedAt:0 CancelledAt:0 RequestCounts:{Total:0 Completed:0 Failed:0} Metadata:map[] BatchID:batch_2601271437300616387039633 TotalCount:50 CompletedCount:20 FailedCount:0}
[INFO] 2026/01/27 14:38:44 logger.go:71: 查询批量任务结果：map[cancelled_at:<nil> cancelling_at:<nil> completed_at:<nil> completion_window:24h created_at:1.76952465e+09 endpoint:/v1/chat/completions errors:<nil> expired_at:1.76961105e+09 expires_at:1.76961105e+09 failed_at:<nil> finalizing_at:<nil> id:batch_2601271437301485741539635 in_process_at:1.76952465e+09 input_file_id:file_2601271437272346589160516 object:spark output_file_id: request_counts:map[completed:24 failed:0 total:50] sid:bat000decfd@dx19bfe2d037e0000572 status:in_progress]
[INFO] 2026/01/27 14:38:44 logger.go:71: 查询批量任务结果：&{ID: Object: Endpoint: InputFileID:file_2601271437272346589160516 CompletionWindow: Status:in_progress OutputFileID: ErrorFileID:<nil> CreatedAt:0 InProgressAt:0 ExpiresAt:0 FinalizingAt:0 CompletedAt:0 FailedAt:0 CancelledAt:0 RequestCounts:{Total:0 Completed:0 Failed:0} Metadata:map[] BatchID:batch_2601271437301485741539635 TotalCount:50 CompletedCount:24 FailedCount:0}
[INFO] 2026/01/27 14:38:44 logger.go:71: 查询批量任务结果：map[cancelled_at:<nil> cancelling_at:<nil> completed_at:<nil> completion_window:24h created_at:1.76952465e+09 endpoint:/v1/chat/completions errors:<nil> expired_at:1.76961105e+09 expires_at:1.76961105e+09 failed_at:<nil> finalizing_at:<nil> id:batch_2601271437302283550339637 in_process_at:1.76952465e+09 input_file_id:file_2601271437273433781560518 object:spark output_file_id: request_counts:map[completed:14 failed:0 total:50] sid:bat000decfe@dx19bfe2d03c30000572 status:in_progress]
[INFO] 2026/01/27 14:38:44 logger.go:71: 查询批量任务结果：&{ID: Object: Endpoint: InputFileID:file_2601271437273433781560518 CompletionWindow: Status:in_progress OutputFileID: ErrorFileID:<nil> CreatedAt:0 InProgressAt:0 ExpiresAt:0 FinalizingAt:0 CompletedAt:0 FailedAt:0 CancelledAt:0 RequestCounts:{Total:0 Completed:0 Failed:0} Metadata:map[] BatchID:batch_2601271437302283550339637 TotalCount:50 CompletedCount:14 FailedCount:0}
[INFO] 2026/01/27 14:38:46 logger.go:71: 查询批量任务结果：map[cancelled_at:<nil> cancelling_at:<nil> completed_at:<nil> completion_window:24h created_at:1.769524649e+09 endpoint:/v1/chat/completions errors:<nil> expired_at:1.769611049e+09 expires_at:1.769611049e+09 failed_at:<nil> finalizing_at:<nil> id:batch_2601271437294305960060519 in_process_at:1.769524649e+09 input_file_id:file_2601271437263867484239620 object:spark output_file_id: request_counts:map[completed:21 failed:0 total:50] sid:bat000d9b5e@dx19bfe2d0bdd0000572 status:in_progress]
[INFO] 2026/01/27 14:38:46 logger.go:71: 查询批量任务结果：&{ID: Object: Endpoint: InputFileID:file_2601271437263867484239620 CompletionWindow: Status:in_progress OutputFileID: ErrorFileID:<nil> CreatedAt:0 InProgressAt:0 ExpiresAt:0 FinalizingAt:0 CompletedAt:0 FailedAt:0 CancelledAt:0 RequestCounts:{Total:0 Completed:0 Failed:0} Metadata:map[] BatchID:batch_2601271437294305960060519 TotalCount:50 CompletedCount:21 FailedCount:0}
[INFO] 2026/01/27 14:38:46 logger.go:71: 查询批量任务结果：map[cancelled_at:<nil> cancelling_at:<nil> completed_at:<nil> completion_window:24h created_at:1.769524649e+09 endpoint:/v1/chat/completions errors:<nil> expired_at:1.769611049e+09 expires_at:1.769611049e+09 failed_at:<nil> finalizing_at:<nil> id:batch_2601271437295182036360521 in_process_at:1.769524649e+09 input_file_id:file_2601271437265181433960510 object:spark output_file_id: request_counts:map[completed:20 failed:0 total:50] sid:bat000d9b5f@dx19bfe2d0c260000572 status:in_progress]
[INFO] 2026/01/27 14:38:46 logger.go:71: 查询批量任务结果：&{ID: Object: Endpoint: InputFileID:file_2601271437265181433960510 CompletionWindow: Status:in_progress OutputFileID: ErrorFileID:<nil> CreatedAt:0 InProgressAt:0 ExpiresAt:0 FinalizingAt:0 CompletedAt:0 FailedAt:0 CancelledAt:0 RequestCounts:{Total:0 Completed:0 Failed:0} Metadata:map[] BatchID:batch_2601271437295182036360521 TotalCount:50 CompletedCount:20 FailedCount:0}
[INFO] 2026/01/27 14:38:46 logger.go:71: 查询批量任务结果：map[cancelled_at:<nil> cancelling_at:<nil> completed_at:<nil> completion_window:24h created_at:1.769524649e+09 endpoint:/v1/chat/completions errors:<nil> expired_at:1.769611049e+09 expires_at:1.769611049e+09 failed_at:<nil> finalizing_at:<nil> id:batch_2601271437296035759860523 in_process_at:1.769524649e+09 input_file_id:file_2601271437266136083639622 object:spark output_file_id: request_counts:map[completed:21 failed:0 total:50] sid:bat000d9b60@dx19bfe2d0c780000572 status:in_progress]
[INFO] 2026/01/27 14:38:46 logger.go:71: 查询批量任务结果：&{ID: Object: Endpoint: InputFileID:file_2601271437266136083639622 CompletionWindow: Status:in_progress OutputFileID: ErrorFileID:<nil> CreatedAt:0 InProgressAt:0 ExpiresAt:0 FinalizingAt:0 CompletedAt:0 FailedAt:0 CancelledAt:0 RequestCounts:{Total:0 Completed:0 Failed:0} Metadata:map[] BatchID:batch_2601271437296035759860523 TotalCount:50 CompletedCount:21 FailedCount:0}
[INFO] 2026/01/27 14:38:46 logger.go:71: 查询批量任务结果：map[cancelled_at:<nil> cancelling_at:<nil> completed_at:<nil> completion_window:24h created_at:1.769524649e+09 endpoint:/v1/chat/completions errors:<nil> expired_at:1.769611049e+09 expires_at:1.769611049e+09 failed_at:<nil> finalizing_at:<nil> id:batch_2601271437296801125960525 in_process_at:1.769524649e+09 input_file_id:file_2601271437267207140660512 object:spark output_file_id: request_counts:map[completed:25 failed:0 total:50] sid:bat000decff@dx19bfe2d0cbd0000572 status:in_progress]
[INFO] 2026/01/27 14:38:46 logger.go:71: 查询批量任务结果：&{ID: Object: Endpoint: InputFileID:file_2601271437267207140660512 CompletionWindow: Status:in_progress OutputFileID: ErrorFileID:<nil> CreatedAt:0 InProgressAt:0 ExpiresAt:0 FinalizingAt:0 CompletedAt:0 FailedAt:0 CancelledAt:0 RequestCounts:{Total:0 Completed:0 Failed:0} Metadata:map[] BatchID:batch_2601271437296801125960525 TotalCount:50 CompletedCount:25 FailedCount:0}
[INFO] 2026/01/27 14:38:46 logger.go:71: 查询批量任务结果：map[cancelled_at:<nil> cancelling_at:<nil> completed_at:<nil> completion_window:24h created_at:1.769524649e+09 endpoint:/v1/chat/completions errors:<nil> expired_at:1.769611049e+09 expires_at:1.769611049e+09 failed_at:<nil> finalizing_at:<nil> id:batch_2601271437297563553539629 in_process_at:1.769524649e+09 input_file_id:file_2601271437268218054539624 object:spark output_file_id: request_counts:map[completed:22 failed:0 total:50] sid:bat000d9b61@dx19bfe2d0d170000572 status:in_progress]
[INFO] 2026/01/27 14:38:46 logger.go:71: 查询批量任务结果：&{ID: Object: Endpoint: InputFileID:file_2601271437268218054539624 CompletionWindow: Status:in_progress OutputFileID: ErrorFileID:<nil> CreatedAt:0 InProgressAt:0 ExpiresAt:0 FinalizingAt:0 CompletedAt:0 FailedAt:0 CancelledAt:0 RequestCounts:{Total:0 Completed:0 Failed:0} Metadata:map[] BatchID:batch_2601271437297563553539629 TotalCount:50 CompletedCount:22 FailedCount:0}
[INFO] 2026/01/27 14:38:46 logger.go:71: 查询批量任务结果：map[cancelled_at:<nil> cancelling_at:<nil> completed_at:<nil> completion_window:24h created_at:1.769524649e+09 endpoint:/v1/chat/completions errors:<nil> expired_at:1.769611049e+09 expires_at:1.769611049e+09 failed_at:<nil> finalizing_at:<nil> id:batch_2601271437298336628039631 in_process_at:1.769524649e+09 input_file_id:file_2601271437269237987139626 object:spark output_file_id: request_counts:map[completed:24 failed:0 total:50] sid:bat000d9b62@dx19bfe2d0d660000572 status:in_progress]
[INFO] 2026/01/27 14:38:46 logger.go:71: 查询批量任务结果：&{ID: Object: Endpoint: InputFileID:file_2601271437269237987139626 CompletionWindow: Status:in_progress OutputFileID: ErrorFileID:<nil> CreatedAt:0 InProgressAt:0 ExpiresAt:0 FinalizingAt:0 CompletedAt:0 FailedAt:0 CancelledAt:0 RequestCounts:{Total:0 Completed:0 Failed:0} Metadata:map[] BatchID:batch_2601271437298336628039631 TotalCount:50 CompletedCount:24 FailedCount:0}
[INFO] 2026/01/27 14:38:47 logger.go:71: 查询批量任务结果：map[cancelled_at:<nil> cancelling_at:<nil> completed_at:<nil> completion_window:24h created_at:1.769524649e+09 endpoint:/v1/chat/completions errors:<nil> expired_at:1.769611049e+09 expires_at:1.769611049e+09 failed_at:<nil> finalizing_at:<nil> id:batch_2601271437299793491460527 in_process_at:1.769524649e+09 input_file_id:file_2601271437270362743539628 object:spark output_file_id: request_counts:map[completed:19 failed:0 total:50] sid:bat000d9b63@dx19bfe2d0dae0000572 status:in_progress]
[INFO] 2026/01/27 14:38:47 logger.go:71: 查询批量任务结果：&{ID: Object: Endpoint: InputFileID:file_2601271437270362743539628 CompletionWindow: Status:in_progress OutputFileID: ErrorFileID:<nil> CreatedAt:0 InProgressAt:0 ExpiresAt:0 FinalizingAt:0 CompletedAt:0 FailedAt:0 CancelledAt:0 RequestCounts:{Total:0 Completed:0 Failed:0} Metadata:map[] BatchID:batch_2601271437299793491460527 TotalCount:50 CompletedCount:19 FailedCount:0}
[INFO] 2026/01/27 14:38:47 logger.go:71: 查询批量任务结果：map[cancelled_at:<nil> cancelling_at:<nil> completed_at:<nil> completion_window:24h created_at:1.76952465e+09 endpoint:/v1/chat/completions errors:<nil> expired_at:1.76961105e+09 expires_at:1.76961105e+09 failed_at:<nil> finalizing_at:<nil> id:batch_2601271437300616387039633 in_process_at:1.76952465e+09 input_file_id:file_2601271437271321801860514 object:spark output_file_id: request_counts:map[completed:21 failed:0 total:50] sid:bat000d9b64@dx19bfe2d0df90000572 status:in_progress]
[INFO] 2026/01/27 14:38:47 logger.go:71: 查询批量任务结果：&{ID: Object: Endpoint: InputFileID:file_2601271437271321801860514 CompletionWindow: Status:in_progress OutputFileID: ErrorFileID:<nil> CreatedAt:0 InProgressAt:0 ExpiresAt:0 FinalizingAt:0 CompletedAt:0 FailedAt:0 CancelledAt:0 RequestCounts:{Total:0 Completed:0 Failed:0} Metadata:map[] BatchID:batch_2601271437300616387039633 TotalCount:50 CompletedCount:21 FailedCount:0}
[INFO] 2026/01/27 14:38:47 logger.go:71: 查询批量任务结果：map[cancelled_at:<nil> cancelling_at:<nil> completed_at:<nil> completion_window:24h created_at:1.76952465e+09 endpoint:/v1/chat/completions errors:<nil> expired_at:1.76961105e+09 expires_at:1.76961105e+09 failed_at:<nil> finalizing_at:<nil> id:batch_2601271437301485741539635 in_process_at:1.76952465e+09 input_file_id:file_2601271437272346589160516 object:spark output_file_id: request_counts:map[completed:24 failed:0 total:50] sid:bat000d9b65@dx19bfe2d0e4d0000572 status:in_progress]
[INFO] 2026/01/27 14:38:47 logger.go:71: 查询批量任务结果：&{ID: Object: Endpoint: InputFileID:file_2601271437272346589160516 CompletionWindow: Status:in_progress OutputFileID: ErrorFileID:<nil> CreatedAt:0 InProgressAt:0 ExpiresAt:0 FinalizingAt:0 CompletedAt:0 FailedAt:0 CancelledAt:0 RequestCounts:{Total:0 Completed:0 Failed:0} Metadata:map[] BatchID:batch_2601271437301485741539635 TotalCount:50 CompletedCount:24 FailedCount:0}
[INFO] 2026/01/27 14:38:47 logger.go:71: 查询批量任务结果：map[cancelled_at:<nil> cancelling_at:<nil> completed_at:<nil> completion_window:24h created_at:1.76952465e+09 endpoint:/v1/chat/completions errors:<nil> expired_at:1.76961105e+09 expires_at:1.76961105e+09 failed_at:<nil> finalizing_at:<nil> id:batch_2601271437302283550339637 in_process_at:1.76952465e+09 input_file_id:file_2601271437273433781560518 object:spark output_file_id: request_counts:map[completed:14 failed:0 total:50] sid:bat000ded00@dx19bfe2d0e950000572 status:in_progress]
[INFO] 2026/01/27 14:38:47 logger.go:71: 查询批量任务结果：&{ID: Object: Endpoint: InputFileID:file_2601271437273433781560518 CompletionWindow: Status:in_progress OutputFileID: ErrorFileID:<nil> CreatedAt:0 InProgressAt:0 ExpiresAt:0 FinalizingAt:0 CompletedAt:0 FailedAt:0 CancelledAt:0 RequestCounts:{Total:0 Completed:0 Failed:0} Metadata:map[] BatchID:batch_2601271437302283550339637 TotalCount:50 CompletedCount:14 FailedCount:0}
[INFO] 2026/01/27 14:38:49 logger.go:71: 查询批量任务结果：map[cancelled_at:<nil> cancelling_at:<nil> completed_at:<nil> completion_window:24h created_at:1.769524649e+09 endpoint:/v1/chat/completions errors:<nil> expired_at:1.769611049e+09 expires_at:1.769611049e+09 failed_at:<nil> finalizing_at:<nil> id:batch_2601271437294305960060519 in_process_at:1.769524649e+09 input_file_id:file_2601271437263867484239620 object:spark output_file_id: request_counts:map[completed:32 failed:0 total:50] sid:bat000ded01@dx19bfe2d16b90000572 status:in_progress]
[INFO] 2026/01/27 14:38:49 logger.go:71: 查询批量任务结果：&{ID: Object: Endpoint: InputFileID:file_2601271437263867484239620 CompletionWindow: Status:in_progress OutputFileID: ErrorFileID:<nil> CreatedAt:0 InProgressAt:0 ExpiresAt:0 FinalizingAt:0 CompletedAt:0 FailedAt:0 CancelledAt:0 RequestCounts:{Total:0 Completed:0 Failed:0} Metadata:map[] BatchID:batch_2601271437294305960060519 TotalCount:50 CompletedCount:32 FailedCount:0}
[INFO] 2026/01/27 14:38:49 logger.go:71: 查询批量任务结果：map[cancelled_at:<nil> cancelling_at:<nil> completed_at:<nil> completion_window:24h created_at:1.769524649e+09 endpoint:/v1/chat/completions errors:<nil> expired_at:1.769611049e+09 expires_at:1.769611049e+09 failed_at:<nil> finalizing_at:<nil> id:batch_2601271437295182036360521 in_process_at:1.769524649e+09 input_file_id:file_2601271437265181433960510 object:spark output_file_id: request_counts:map[completed:20 failed:0 total:50] sid:bat000d9b66@dx19bfe2d17020000572 status:in_progress]
[INFO] 2026/01/27 14:38:49 logger.go:71: 查询批量任务结果：&{ID: Object: Endpoint: InputFileID:file_2601271437265181433960510 CompletionWindow: Status:in_progress OutputFileID: ErrorFileID:<nil> CreatedAt:0 InProgressAt:0 ExpiresAt:0 FinalizingAt:0 CompletedAt:0 FailedAt:0 CancelledAt:0 RequestCounts:{Total:0 Completed:0 Failed:0} Metadata:map[] BatchID:batch_2601271437295182036360521 TotalCount:50 CompletedCount:20 FailedCount:0}
[INFO] 2026/01/27 14:38:49 logger.go:71: 查询批量任务结果：map[cancelled_at:<nil> cancelling_at:<nil> completed_at:<nil> completion_window:24h created_at:1.769524649e+09 endpoint:/v1/chat/completions errors:<nil> expired_at:1.769611049e+09 expires_at:1.769611049e+09 failed_at:<nil> finalizing_at:<nil> id:batch_2601271437296035759860523 in_process_at:1.769524649e+09 input_file_id:file_2601271437266136083639622 object:spark output_file_id: request_counts:map[completed:21 failed:0 total:50] sid:bat000ded02@dx19bfe2d174d0000572 status:in_progress]
[INFO] 2026/01/27 14:38:49 logger.go:71: 查询批量任务结果：&{ID: Object: Endpoint: InputFileID:file_2601271437266136083639622 CompletionWindow: Status:in_progress OutputFileID: ErrorFileID:<nil> CreatedAt:0 InProgressAt:0 ExpiresAt:0 FinalizingAt:0 CompletedAt:0 FailedAt:0 CancelledAt:0 RequestCounts:{Total:0 Completed:0 Failed:0} Metadata:map[] BatchID:batch_2601271437296035759860523 TotalCount:50 CompletedCount:21 FailedCount:0}
[INFO] 2026/01/27 14:38:49 logger.go:71: 查询批量任务结果：map[cancelled_at:<nil> cancelling_at:<nil> completed_at:<nil> completion_window:24h created_at:1.769524649e+09 endpoint:/v1/chat/completions errors:<nil> expired_at:1.769611049e+09 expires_at:1.769611049e+09 failed_at:<nil> finalizing_at:<nil> id:batch_2601271437296801125960525 in_process_at:1.769524649e+09 input_file_id:file_2601271437267207140660512 object:spark output_file_id: request_counts:map[completed:25 failed:0 total:50] sid:bat000d9b67@dx19bfe2d179a0000572 status:in_progress]
[INFO] 2026/01/27 14:38:49 logger.go:71: 查询批量任务结果：&{ID: Object: Endpoint: InputFileID:file_2601271437267207140660512 CompletionWindow: Status:in_progress OutputFileID: ErrorFileID:<nil> CreatedAt:0 InProgressAt:0 ExpiresAt:0 FinalizingAt:0 CompletedAt:0 FailedAt:0 CancelledAt:0 RequestCounts:{Total:0 Completed:0 Failed:0} Metadata:map[] BatchID:batch_2601271437296801125960525 TotalCount:50 CompletedCount:25 FailedCount:0}
[INFO] 2026/01/27 14:38:49 logger.go:71: 查询批量任务结果：map[cancelled_at:<nil> cancelling_at:<nil> completed_at:<nil> completion_window:24h created_at:1.769524649e+09 endpoint:/v1/chat/completions errors:<nil> expired_at:1.769611049e+09 expires_at:1.769611049e+09 failed_at:<nil> finalizing_at:<nil> id:batch_2601271437297563553539629 in_process_at:1.769524649e+09 input_file_id:file_2601271437268218054539624 object:spark output_file_id: request_counts:map[completed:22 failed:0 total:50] sid:bat000d9b68@dx19bfe2d17e30000572 status:in_progress]
[INFO] 2026/01/27 14:38:49 logger.go:71: 查询批量任务结果：&{ID: Object: Endpoint: InputFileID:file_2601271437268218054539624 CompletionWindow: Status:in_progress OutputFileID: ErrorFileID:<nil> CreatedAt:0 InProgressAt:0 ExpiresAt:0 FinalizingAt:0 CompletedAt:0 FailedAt:0 CancelledAt:0 RequestCounts:{Total:0 Completed:0 Failed:0} Metadata:map[] BatchID:batch_2601271437297563553539629 TotalCount:50 CompletedCount:22 FailedCount:0}
[INFO] 2026/01/27 14:38:49 logger.go:71: 查询批量任务结果：map[cancelled_at:<nil> cancelling_at:<nil> completed_at:<nil> completion_window:24h created_at:1.769524649e+09 endpoint:/v1/chat/completions errors:<nil> expired_at:1.769611049e+09 expires_at:1.769611049e+09 failed_at:<nil> finalizing_at:<nil> id:batch_2601271437298336628039631 in_process_at:1.769524649e+09 input_file_id:file_2601271437269237987139626 object:spark output_file_id: request_counts:map[completed:24 failed:0 total:50] sid:bat000ded03@dx19bfe2d18330000572 status:in_progress]
[INFO] 2026/01/27 14:38:49 logger.go:71: 查询批量任务结果：&{ID: Object: Endpoint: InputFileID:file_2601271437269237987139626 CompletionWindow: Status:in_progress OutputFileID: ErrorFileID:<nil> CreatedAt:0 InProgressAt:0 ExpiresAt:0 FinalizingAt:0 CompletedAt:0 FailedAt:0 CancelledAt:0 RequestCounts:{Total:0 Completed:0 Failed:0} Metadata:map[] BatchID:batch_2601271437298336628039631 TotalCount:50 CompletedCount:24 FailedCount:0}
[INFO] 2026/01/27 14:38:49 logger.go:71: 查询批量任务结果：map[cancelled_at:<nil> cancelling_at:<nil> completed_at:<nil> completion_window:24h created_at:1.769524649e+09 endpoint:/v1/chat/completions errors:<nil> expired_at:1.769611049e+09 expires_at:1.769611049e+09 failed_at:<nil> finalizing_at:<nil> id:batch_2601271437299793491460527 in_process_at:1.769524649e+09 input_file_id:file_2601271437270362743539628 object:spark output_file_id: request_counts:map[completed:19 failed:0 total:50] sid:bat000ded04@dx19bfe2d187e0000572 status:in_progress]
[INFO] 2026/01/27 14:38:49 logger.go:71: 查询批量任务结果：&{ID: Object: Endpoint: InputFileID:file_2601271437270362743539628 CompletionWindow: Status:in_progress OutputFileID: ErrorFileID:<nil> CreatedAt:0 InProgressAt:0 ExpiresAt:0 FinalizingAt:0 CompletedAt:0 FailedAt:0 CancelledAt:0 RequestCounts:{Total:0 Completed:0 Failed:0} Metadata:map[] BatchID:batch_2601271437299793491460527 TotalCount:50 CompletedCount:19 FailedCount:0}
[INFO] 2026/01/27 14:38:49 logger.go:71: 查询批量任务结果：map[cancelled_at:<nil> cancelling_at:<nil> completed_at:<nil> completion_window:24h created_at:1.76952465e+09 endpoint:/v1/chat/completions errors:<nil> expired_at:1.76961105e+09 expires_at:1.76961105e+09 failed_at:<nil> finalizing_at:<nil> id:batch_2601271437300616387039633 in_process_at:1.76952465e+09 input_file_id:file_2601271437271321801860514 object:spark output_file_id: request_counts:map[completed:21 failed:0 total:50] sid:bat000d9b69@dx19bfe2d18cf0000572 status:in_progress]
[INFO] 2026/01/27 14:38:49 logger.go:71: 查询批量任务结果：&{ID: Object: Endpoint: InputFileID:file_2601271437271321801860514 CompletionWindow: Status:in_progress OutputFileID: ErrorFileID:<nil> CreatedAt:0 InProgressAt:0 ExpiresAt:0 FinalizingAt:0 CompletedAt:0 FailedAt:0 CancelledAt:0 RequestCounts:{Total:0 Completed:0 Failed:0} Metadata:map[] BatchID:batch_2601271437300616387039633 TotalCount:50 CompletedCount:21 FailedCount:0}
[INFO] 2026/01/27 14:38:50 logger.go:71: 查询批量任务结果：map[cancelled_at:<nil> cancelling_at:<nil> completed_at:<nil> completion_window:24h created_at:1.76952465e+09 endpoint:/v1/chat/completions errors:<nil> expired_at:1.76961105e+09 expires_at:1.76961105e+09 failed_at:<nil> finalizing_at:<nil> id:batch_2601271437301485741539635 in_process_at:1.76952465e+09 input_file_id:file_2601271437272346589160516 object:spark output_file_id: request_counts:map[completed:25 failed:0 total:50] sid:bat000d9b6a@dx19bfe2d19260000572 status:in_progress]
[INFO] 2026/01/27 14:38:50 logger.go:71: 查询批量任务结果：&{ID: Object: Endpoint: InputFileID:file_2601271437272346589160516 CompletionWindow: Status:in_progress OutputFileID: ErrorFileID:<nil> CreatedAt:0 InProgressAt:0 ExpiresAt:0 FinalizingAt:0 CompletedAt:0 FailedAt:0 CancelledAt:0 RequestCounts:{Total:0 Completed:0 Failed:0} Metadata:map[] BatchID:batch_2601271437301485741539635 TotalCount:50 CompletedCount:25 FailedCount:0}
[INFO] 2026/01/27 14:38:50 logger.go:71: 查询批量任务结果：map[cancelled_at:<nil> cancelling_at:<nil> completed_at:<nil> completion_window:24h created_at:1.76952465e+09 endpoint:/v1/chat/completions errors:<nil> expired_at:1.76961105e+09 expires_at:1.76961105e+09 failed_at:<nil> finalizing_at:<nil> id:batch_2601271437302283550339637 in_process_at:1.76952465e+09 input_file_id:file_2601271437273433781560518 object:spark output_file_id: request_counts:map[completed:14 failed:0 total:50] sid:bat000ded05@dx19bfe2d19c40000572 status:in_progress]
[INFO] 2026/01/27 14:38:50 logger.go:71: 查询批量任务结果：&{ID: Object: Endpoint: InputFileID:file_2601271437273433781560518 CompletionWindow: Status:in_progress OutputFileID: ErrorFileID:<nil> CreatedAt:0 InProgressAt:0 ExpiresAt:0 FinalizingAt:0 CompletedAt:0 FailedAt:0 CancelledAt:0 RequestCounts:{Total:0 Completed:0 Failed:0} Metadata:map[] BatchID:batch_2601271437302283550339637 TotalCount:50 CompletedCount:14 FailedCount:0}
[INFO] 2026/01/27 14:38:52 logger.go:71: 查询批量任务结果：map[cancelled_at:<nil> cancelling_at:<nil> completed_at:<nil> completion_window:24h created_at:1.769524649e+09 endpoint:/v1/chat/completions errors:<nil> expired_at:1.769611049e+09 expires_at:1.769611049e+09 failed_at:<nil> finalizing_at:<nil> id:batch_2601271437294305960060519 in_process_at:1.769524649e+09 input_file_id:file_2601271437263867484239620 object:spark output_file_id: request_counts:map[completed:40 failed:0 total:50] sid:bat000ded06@dx19bfe2d21ea0000572 status:in_progress]
[INFO] 2026/01/27 14:38:52 logger.go:71: 查询批量任务结果：&{ID: Object: Endpoint: InputFileID:file_2601271437263867484239620 CompletionWindow: Status:in_progress OutputFileID: ErrorFileID:<nil> CreatedAt:0 InProgressAt:0 ExpiresAt:0 FinalizingAt:0 CompletedAt:0 FailedAt:0 CancelledAt:0 RequestCounts:{Total:0 Completed:0 Failed:0} Metadata:map[] BatchID:batch_2601271437294305960060519 TotalCount:50 CompletedCount:40 FailedCount:0}
[INFO] 2026/01/27 14:38:52 logger.go:71: 查询批量任务结果：map[cancelled_at:<nil> cancelling_at:<nil> completed_at:<nil> completion_window:24h created_at:1.769524649e+09 endpoint:/v1/chat/completions errors:<nil> expired_at:1.769611049e+09 expires_at:1.769611049e+09 failed_at:<nil> finalizing_at:<nil> id:batch_2601271437295182036360521 in_process_at:1.769524649e+09 input_file_id:file_2601271437265181433960510 object:spark output_file_id: request_counts:map[completed:20 failed:0 total:50] sid:bat000ded07@dx19bfe2d223c0000572 status:in_progress]
[INFO] 2026/01/27 14:38:52 logger.go:71: 查询批量任务结果：&{ID: Object: Endpoint: InputFileID:file_2601271437265181433960510 CompletionWindow: Status:in_progress OutputFileID: ErrorFileID:<nil> CreatedAt:0 InProgressAt:0 ExpiresAt:0 FinalizingAt:0 CompletedAt:0 FailedAt:0 CancelledAt:0 RequestCounts:{Total:0 Completed:0 Failed:0} Metadata:map[] BatchID:batch_2601271437295182036360521 TotalCount:50 CompletedCount:20 FailedCount:0}
[INFO] 2026/01/27 14:38:52 logger.go:71: 查询批量任务结果：map[cancelled_at:<nil> cancelling_at:<nil> completed_at:<nil> completion_window:24h created_at:1.769524649e+09 endpoint:/v1/chat/completions errors:<nil> expired_at:1.769611049e+09 expires_at:1.769611049e+09 failed_at:<nil> finalizing_at:<nil> id:batch_2601271437296035759860523 in_process_at:1.769524649e+09 input_file_id:file_2601271437266136083639622 object:spark output_file_id: request_counts:map[completed:21 failed:0 total:50] sid:bat000ded08@dx19bfe2d228b0000572 status:in_progress]
[INFO] 2026/01/27 14:38:52 logger.go:71: 查询批量任务结果：&{ID: Object: Endpoint: InputFileID:file_2601271437266136083639622 CompletionWindow: Status:in_progress OutputFileID: ErrorFileID:<nil> CreatedAt:0 InProgressAt:0 ExpiresAt:0 FinalizingAt:0 CompletedAt:0 FailedAt:0 CancelledAt:0 RequestCounts:{Total:0 Completed:0 Failed:0} Metadata:map[] BatchID:batch_2601271437296035759860523 TotalCount:50 CompletedCount:21 FailedCount:0}
[INFO] 2026/01/27 14:38:52 logger.go:71: 查询批量任务结果：map[cancelled_at:<nil> cancelling_at:<nil> completed_at:<nil> completion_window:24h created_at:1.769524649e+09 endpoint:/v1/chat/completions errors:<nil> expired_at:1.769611049e+09 expires_at:1.769611049e+09 failed_at:<nil> finalizing_at:<nil> id:batch_2601271437296801125960525 in_process_at:1.769524649e+09 input_file_id:file_2601271437267207140660512 object:spark output_file_id: request_counts:map[completed:25 failed:0 total:50] sid:bat000d9b6b@dx19bfe2d22d90000572 status:in_progress]
[INFO] 2026/01/27 14:38:52 logger.go:71: 查询批量任务结果：&{ID: Object: Endpoint: InputFileID:file_2601271437267207140660512 CompletionWindow: Status:in_progress OutputFileID: ErrorFileID:<nil> CreatedAt:0 InProgressAt:0 ExpiresAt:0 FinalizingAt:0 CompletedAt:0 FailedAt:0 CancelledAt:0 RequestCounts:{Total:0 Completed:0 Failed:0} Metadata:map[] BatchID:batch_2601271437296801125960525 TotalCount:50 CompletedCount:25 FailedCount:0}
[INFO] 2026/01/27 14:38:52 logger.go:71: 查询批量任务结果：map[cancelled_at:<nil> cancelling_at:<nil> completed_at:<nil> completion_window:24h created_at:1.769524649e+09 endpoint:/v1/chat/completions errors:<nil> expired_at:1.769611049e+09 expires_at:1.769611049e+09 failed_at:<nil> finalizing_at:<nil> id:batch_2601271437297563553539629 in_process_at:1.769524649e+09 input_file_id:file_2601271437268218054539624 object:spark output_file_id: request_counts:map[completed:22 failed:0 total:50] sid:bat000ded09@dx19bfe2d23260000572 status:in_progress]
[INFO] 2026/01/27 14:38:52 logger.go:71: 查询批量任务结果：&{ID: Object: Endpoint: InputFileID:file_2601271437268218054539624 CompletionWindow: Status:in_progress OutputFileID: ErrorFileID:<nil> CreatedAt:0 InProgressAt:0 ExpiresAt:0 FinalizingAt:0 CompletedAt:0 FailedAt:0 CancelledAt:0 RequestCounts:{Total:0 Completed:0 Failed:0} Metadata:map[] BatchID:batch_2601271437297563553539629 TotalCount:50 CompletedCount:22 FailedCount:0}
[INFO] 2026/01/27 14:38:52 logger.go:71: 查询批量任务结果：map[cancelled_at:<nil> cancelling_at:<nil> completed_at:<nil> completion_window:24h created_at:1.769524649e+09 endpoint:/v1/chat/completions errors:<nil> expired_at:1.769611049e+09 expires_at:1.769611049e+09 failed_at:<nil> finalizing_at:<nil> id:batch_2601271437298336628039631 in_process_at:1.769524649e+09 input_file_id:file_2601271437269237987139626 object:spark output_file_id: request_counts:map[completed:24 failed:0 total:50] sid:bat000d9b6c@dx19bfe2d237e0000572 status:in_progress]
[INFO] 2026/01/27 14:38:52 logger.go:71: 查询批量任务结果：&{ID: Object: Endpoint: InputFileID:file_2601271437269237987139626 CompletionWindow: Status:in_progress OutputFileID: ErrorFileID:<nil> CreatedAt:0 InProgressAt:0 ExpiresAt:0 FinalizingAt:0 CompletedAt:0 FailedAt:0 CancelledAt:0 RequestCounts:{Total:0 Completed:0 Failed:0} Metadata:map[] BatchID:batch_2601271437298336628039631 TotalCount:50 CompletedCount:24 FailedCount:0}
[INFO] 2026/01/27 14:38:52 logger.go:71: 查询批量任务结果：map[cancelled_at:<nil> cancelling_at:<nil> completed_at:<nil> completion_window:24h created_at:1.769524649e+09 endpoint:/v1/chat/completions errors:<nil> expired_at:1.769611049e+09 expires_at:1.769611049e+09 failed_at:<nil> finalizing_at:<nil> id:batch_2601271437299793491460527 in_process_at:1.769524649e+09 input_file_id:file_2601271437270362743539628 object:spark output_file_id: request_counts:map[completed:19 failed:0 total:50] sid:bat000d9b6d@dx19bfe2d23ca0000572 status:in_progress]
[INFO] 2026/01/27 14:38:52 logger.go:71: 查询批量任务结果：&{ID: Object: Endpoint: InputFileID:file_2601271437270362743539628 CompletionWindow: Status:in_progress OutputFileID: ErrorFileID:<nil> CreatedAt:0 InProgressAt:0 ExpiresAt:0 FinalizingAt:0 CompletedAt:0 FailedAt:0 CancelledAt:0 RequestCounts:{Total:0 Completed:0 Failed:0} Metadata:map[] BatchID:batch_2601271437299793491460527 TotalCount:50 CompletedCount:19 FailedCount:0}
[INFO] 2026/01/27 14:38:52 logger.go:71: 查询批量任务结果：map[cancelled_at:<nil> cancelling_at:<nil> completed_at:<nil> completion_window:24h created_at:1.76952465e+09 endpoint:/v1/chat/completions errors:<nil> expired_at:1.76961105e+09 expires_at:1.76961105e+09 failed_at:<nil> finalizing_at:<nil> id:batch_2601271437300616387039633 in_process_at:1.76952465e+09 input_file_id:file_2601271437271321801860514 object:spark output_file_id: request_counts:map[completed:21 failed:0 total:50] sid:bat000ded0a@dx19bfe2d241c0000572 status:in_progress]
[INFO] 2026/01/27 14:38:52 logger.go:71: 查询批量任务结果：&{ID: Object: Endpoint: InputFileID:file_2601271437271321801860514 CompletionWindow: Status:in_progress OutputFileID: ErrorFileID:<nil> CreatedAt:0 InProgressAt:0 ExpiresAt:0 FinalizingAt:0 CompletedAt:0 FailedAt:0 CancelledAt:0 RequestCounts:{Total:0 Completed:0 Failed:0} Metadata:map[] BatchID:batch_2601271437300616387039633 TotalCount:50 CompletedCount:21 FailedCount:0}
[INFO] 2026/01/27 14:38:52 logger.go:71: 查询批量任务结果：map[cancelled_at:<nil> cancelling_at:<nil> completed_at:<nil> completion_window:24h created_at:1.76952465e+09 endpoint:/v1/chat/completions errors:<nil> expired_at:1.76961105e+09 expires_at:1.76961105e+09 failed_at:<nil> finalizing_at:<nil> id:batch_2601271437301485741539635 in_process_at:1.76952465e+09 input_file_id:file_2601271437272346589160516 object:spark output_file_id: request_counts:map[completed:25 failed:0 total:50] sid:bat000ded0b@dx19bfe2d24690000572 status:in_progress]
[INFO] 2026/01/27 14:38:52 logger.go:71: 查询批量任务结果：&{ID: Object: Endpoint: InputFileID:file_2601271437272346589160516 CompletionWindow: Status:in_progress OutputFileID: ErrorFileID:<nil> CreatedAt:0 InProgressAt:0 ExpiresAt:0 FinalizingAt:0 CompletedAt:0 FailedAt:0 CancelledAt:0 RequestCounts:{Total:0 Completed:0 Failed:0} Metadata:map[] BatchID:batch_2601271437301485741539635 TotalCount:50 CompletedCount:25 FailedCount:0}
[INFO] 2026/01/27 14:38:53 logger.go:71: 查询批量任务结果：map[cancelled_at:<nil> cancelling_at:<nil> completed_at:<nil> completion_window:24h created_at:1.76952465e+09 endpoint:/v1/chat/completions errors:<nil> expired_at:1.76961105e+09 expires_at:1.76961105e+09 failed_at:<nil> finalizing_at:<nil> id:batch_2601271437302283550339637 in_process_at:1.76952465e+09 input_file_id:file_2601271437273433781560518 object:spark output_file_id: request_counts:map[completed:14 failed:0 total:50] sid:bat000ded0c@dx19bfe2d25270000572 status:in_progress]
[INFO] 2026/01/27 14:38:53 logger.go:71: 查询批量任务结果：&{ID: Object: Endpoint: InputFileID:file_2601271437273433781560518 CompletionWindow: Status:in_progress OutputFileID: ErrorFileID:<nil> CreatedAt:0 InProgressAt:0 ExpiresAt:0 FinalizingAt:0 CompletedAt:0 FailedAt:0 CancelledAt:0 RequestCounts:{Total:0 Completed:0 Failed:0} Metadata:map[] BatchID:batch_2601271437302283550339637 TotalCount:50 CompletedCount:14 FailedCount:0}
[INFO] 2026/01/27 14:38:55 logger.go:71: 查询批量任务结果：map[cancelled_at:<nil> cancelling_at:<nil> completed_at:<nil> completion_window:24h created_at:1.769524649e+09 endpoint:/v1/chat/completions errors:<nil> expired_at:1.769611049e+09 expires_at:1.769611049e+09 failed_at:<nil> finalizing_at:<nil> id:batch_2601271437294305960060519 in_process_at:1.769524649e+09 input_file_id:file_2601271437263867484239620 object:spark output_file_id: request_counts:map[completed:45 failed:0 total:50] sid:bat000ded0d@dx19bfe2d2dfc0000572 status:in_progress]
[INFO] 2026/01/27 14:38:55 logger.go:71: 查询批量任务结果：&{ID: Object: Endpoint: InputFileID:file_2601271437263867484239620 CompletionWindow: Status:in_progress OutputFileID: ErrorFileID:<nil> CreatedAt:0 InProgressAt:0 ExpiresAt:0 FinalizingAt:0 CompletedAt:0 FailedAt:0 CancelledAt:0 RequestCounts:{Total:0 Completed:0 Failed:0} Metadata:map[] BatchID:batch_2601271437294305960060519 TotalCount:50 CompletedCount:45 FailedCount:0}
[INFO] 2026/01/27 14:38:55 logger.go:71: 查询批量任务结果：map[cancelled_at:<nil> cancelling_at:<nil> completed_at:<nil> completion_window:24h created_at:1.769524649e+09 endpoint:/v1/chat/completions errors:<nil> expired_at:1.769611049e+09 expires_at:1.769611049e+09 failed_at:<nil> finalizing_at:<nil> id:batch_2601271437295182036360521 in_process_at:1.769524649e+09 input_file_id:file_2601271437265181433960510 object:spark output_file_id: request_counts:map[completed:20 failed:0 total:50] sid:bat000ded0e@dx19bfe2d2e3f0000572 status:in_progress]
[INFO] 2026/01/27 14:38:55 logger.go:71: 查询批量任务结果：&{ID: Object: Endpoint: InputFileID:file_2601271437265181433960510 CompletionWindow: Status:in_progress OutputFileID: ErrorFileID:<nil> CreatedAt:0 InProgressAt:0 ExpiresAt:0 FinalizingAt:0 CompletedAt:0 FailedAt:0 CancelledAt:0 RequestCounts:{Total:0 Completed:0 Failed:0} Metadata:map[] BatchID:batch_2601271437295182036360521 TotalCount:50 CompletedCount:20 FailedCount:0}
[INFO] 2026/01/27 14:38:55 logger.go:71: 查询批量任务结果：map[cancelled_at:<nil> cancelling_at:<nil> completed_at:<nil> completion_window:24h created_at:1.769524649e+09 endpoint:/v1/chat/completions errors:<nil> expired_at:1.769611049e+09 expires_at:1.769611049e+09 failed_at:<nil> finalizing_at:<nil> id:batch_2601271437296035759860523 in_process_at:1.769524649e+09 input_file_id:file_2601271437266136083639622 object:spark output_file_id: request_counts:map[completed:21 failed:0 total:50] sid:bat000ded0f@dx19bfe2d2e7b0000572 status:in_progress]
[INFO] 2026/01/27 14:38:55 logger.go:71: 查询批量任务结果：&{ID: Object: Endpoint: InputFileID:file_2601271437266136083639622 CompletionWindow: Status:in_progress OutputFileID: ErrorFileID:<nil> CreatedAt:0 InProgressAt:0 ExpiresAt:0 FinalizingAt:0 CompletedAt:0 FailedAt:0 CancelledAt:0 RequestCounts:{Total:0 Completed:0 Failed:0} Metadata:map[] BatchID:batch_2601271437296035759860523 TotalCount:50 CompletedCount:21 FailedCount:0}
[INFO] 2026/01/27 14:38:55 logger.go:71: 查询批量任务结果：map[cancelled_at:<nil> cancelling_at:<nil> completed_at:<nil> completion_window:24h created_at:1.769524649e+09 endpoint:/v1/chat/completions errors:<nil> expired_at:1.769611049e+09 expires_at:1.769611049e+09 failed_at:<nil> finalizing_at:<nil> id:batch_2601271437296801125960525 in_process_at:1.769524649e+09 input_file_id:file_2601271437267207140660512 object:spark output_file_id: request_counts:map[completed:25 failed:0 total:50] sid:bat000d9b6e@dx19bfe2d2ebb0000572 status:in_progress]
[INFO] 2026/01/27 14:38:55 logger.go:71: 查询批量任务结果：&{ID: Object: Endpoint: InputFileID:file_2601271437267207140660512 CompletionWindow: Status:in_progress OutputFileID: ErrorFileID:<nil> CreatedAt:0 InProgressAt:0 ExpiresAt:0 FinalizingAt:0 CompletedAt:0 FailedAt:0 CancelledAt:0 RequestCounts:{Total:0 Completed:0 Failed:0} Metadata:map[] BatchID:batch_2601271437296801125960525 TotalCount:50 CompletedCount:25 FailedCount:0}
[INFO] 2026/01/27 14:38:55 logger.go:71: 查询批量任务结果：map[cancelled_at:<nil> cancelling_at:<nil> completed_at:<nil> completion_window:24h created_at:1.769524649e+09 endpoint:/v1/chat/completions errors:<nil> expired_at:1.769611049e+09 expires_at:1.769611049e+09 failed_at:<nil> finalizing_at:<nil> id:batch_2601271437297563553539629 in_process_at:1.769524649e+09 input_file_id:file_2601271437268218054539624 object:spark output_file_id: request_counts:map[completed:22 failed:0 total:50] sid:bat000d9b6f@dx19bfe2d2efb0000572 status:in_progress]
[INFO] 2026/01/27 14:38:55 logger.go:71: 查询批量任务结果：&{ID: Object: Endpoint: InputFileID:file_2601271437268218054539624 CompletionWindow: Status:in_progress OutputFileID: ErrorFileID:<nil> CreatedAt:0 InProgressAt:0 ExpiresAt:0 FinalizingAt:0 CompletedAt:0 FailedAt:0 CancelledAt:0 RequestCounts:{Total:0 Completed:0 Failed:0} Metadata:map[] BatchID:batch_2601271437297563553539629 TotalCount:50 CompletedCount:22 FailedCount:0}
[INFO] 2026/01/27 14:38:55 logger.go:71: 查询批量任务结果：map[cancelled_at:<nil> cancelling_at:<nil> completed_at:<nil> completion_window:24h created_at:1.769524649e+09 endpoint:/v1/chat/completions errors:<nil> expired_at:1.769611049e+09 expires_at:1.769611049e+09 failed_at:<nil> finalizing_at:<nil> id:batch_2601271437298336628039631 in_process_at:1.769524649e+09 input_file_id:file_2601271437269237987139626 object:spark output_file_id: request_counts:map[completed:24 failed:0 total:50] sid:bat000d9b70@dx19bfe2d2f3b0000572 status:in_progress]
[INFO] 2026/01/27 14:38:55 logger.go:71: 查询批量任务结果：&{ID: Object: Endpoint: InputFileID:file_2601271437269237987139626 CompletionWindow: Status:in_progress OutputFileID: ErrorFileID:<nil> CreatedAt:0 InProgressAt:0 ExpiresAt:0 FinalizingAt:0 CompletedAt:0 FailedAt:0 CancelledAt:0 RequestCounts:{Total:0 Completed:0 Failed:0} Metadata:map[] BatchID:batch_2601271437298336628039631 TotalCount:50 CompletedCount:24 FailedCount:0}
[INFO] 2026/01/27 14:38:55 logger.go:71: 查询批量任务结果：map[cancelled_at:<nil> cancelling_at:<nil> completed_at:<nil> completion_window:24h created_at:1.769524649e+09 endpoint:/v1/chat/completions errors:<nil> expired_at:1.769611049e+09 expires_at:1.769611049e+09 failed_at:<nil> finalizing_at:<nil> id:batch_2601271437299793491460527 in_process_at:1.769524649e+09 input_file_id:file_2601271437270362743539628 object:spark output_file_id: request_counts:map[completed:19 failed:0 total:50] sid:bat000d9b71@dx19bfe2d2f7d0000572 status:in_progress]
[INFO] 2026/01/27 14:38:55 logger.go:71: 查询批量任务结果：&{ID: Object: Endpoint: InputFileID:file_2601271437270362743539628 CompletionWindow: Status:in_progress OutputFileID: ErrorFileID:<nil> CreatedAt:0 InProgressAt:0 ExpiresAt:0 FinalizingAt:0 CompletedAt:0 FailedAt:0 CancelledAt:0 RequestCounts:{Total:0 Completed:0 Failed:0} Metadata:map[] BatchID:batch_2601271437299793491460527 TotalCount:50 CompletedCount:19 FailedCount:0}
[INFO] 2026/01/27 14:38:55 logger.go:71: 查询批量任务结果：map[cancelled_at:<nil> cancelling_at:<nil> completed_at:<nil> completion_window:24h created_at:1.76952465e+09 endpoint:/v1/chat/completions errors:<nil> expired_at:1.76961105e+09 expires_at:1.76961105e+09 failed_at:<nil> finalizing_at:<nil> id:batch_2601271437300616387039633 in_process_at:1.76952465e+09 input_file_id:file_2601271437271321801860514 object:spark output_file_id: request_counts:map[completed:21 failed:0 total:50] sid:bat000d9b72@dx19bfe2d2fbc0000572 status:in_progress]
[INFO] 2026/01/27 14:38:55 logger.go:71: 查询批量任务结果：&{ID: Object: Endpoint: InputFileID:file_2601271437271321801860514 CompletionWindow: Status:in_progress OutputFileID: ErrorFileID:<nil> CreatedAt:0 InProgressAt:0 ExpiresAt:0 FinalizingAt:0 CompletedAt:0 FailedAt:0 CancelledAt:0 RequestCounts:{Total:0 Completed:0 Failed:0} Metadata:map[] BatchID:batch_2601271437300616387039633 TotalCount:50 CompletedCount:21 FailedCount:0}
[INFO] 2026/01/27 14:38:55 logger.go:71: 查询批量任务结果：map[cancelled_at:<nil> cancelling_at:<nil> completed_at:<nil> completion_window:24h created_at:1.76952465e+09 endpoint:/v1/chat/completions errors:<nil> expired_at:1.76961105e+09 expires_at:1.76961105e+09 failed_at:<nil> finalizing_at:<nil> id:batch_2601271437301485741539635 in_process_at:1.76952465e+09 input_file_id:file_2601271437272346589160516 object:spark output_file_id: request_counts:map[completed:25 failed:0 total:50] sid:bat000d9b73@dx19bfe2d30000000572 status:in_progress]
[INFO] 2026/01/27 14:38:55 logger.go:71: 查询批量任务结果：&{ID: Object: Endpoint: InputFileID:file_2601271437272346589160516 CompletionWindow: Status:in_progress OutputFileID: ErrorFileID:<nil> CreatedAt:0 InProgressAt:0 ExpiresAt:0 FinalizingAt:0 CompletedAt:0 FailedAt:0 CancelledAt:0 RequestCounts:{Total:0 Completed:0 Failed:0} Metadata:map[] BatchID:batch_2601271437301485741539635 TotalCount:50 CompletedCount:25 FailedCount:0}
[INFO] 2026/01/27 14:38:55 logger.go:71: 查询批量任务结果：map[cancelled_at:<nil> cancelling_at:<nil> completed_at:<nil> completion_window:24h created_at:1.76952465e+09 endpoint:/v1/chat/completions errors:<nil> expired_at:1.76961105e+09 expires_at:1.76961105e+09 failed_at:<nil> finalizing_at:<nil> id:batch_2601271437302283550339637 in_process_at:1.76952465e+09 input_file_id:file_2601271437273433781560518 object:spark output_file_id: request_counts:map[completed:15 failed:0 total:50] sid:bat000d9b74@dx19bfe2d30440000572 status:in_progress]
[INFO] 2026/01/27 14:38:55 logger.go:71: 查询批量任务结果：&{ID: Object: Endpoint: InputFileID:file_2601271437273433781560518 CompletionWindow: Status:in_progress OutputFileID: ErrorFileID:<nil> CreatedAt:0 InProgressAt:0 ExpiresAt:0 FinalizingAt:0 CompletedAt:0 FailedAt:0 CancelledAt:0 RequestCounts:{Total:0 Completed:0 Failed:0} Metadata:map[] BatchID:batch_2601271437302283550339637 TotalCount:50 CompletedCount:15 FailedCount:0}
[INFO] 2026/01/27 14:38:57 logger.go:71: 查询批量任务结果：map[cancelled_at:<nil> cancelling_at:<nil> completed_at:<nil> completion_window:24h created_at:1.769524649e+09 endpoint:/v1/chat/completions errors:<nil> expired_at:1.769611049e+09 expires_at:1.769611049e+09 failed_at:<nil> finalizing_at:<nil> id:batch_2601271437294305960060519 in_process_at:1.769524649e+09 input_file_id:file_2601271437263867484239620 object:spark output_file_id: request_counts:map[completed:50 failed:0 total:50] sid:bat000d9b75@dx19bfe2d38640000572 status:in_progress]
[INFO] 2026/01/27 14:38:57 logger.go:71: 查询批量任务结果：&{ID: Object: Endpoint: InputFileID:file_2601271437263867484239620 CompletionWindow: Status:in_progress OutputFileID: ErrorFileID:<nil> CreatedAt:0 InProgressAt:0 ExpiresAt:0 FinalizingAt:0 CompletedAt:0 FailedAt:0 CancelledAt:0 RequestCounts:{Total:0 Completed:0 Failed:0} Metadata:map[] BatchID:batch_2601271437294305960060519 TotalCount:50 CompletedCount:50 FailedCount:0}
[INFO] 2026/01/27 14:38:58 logger.go:71: 查询批量任务结果：map[cancelled_at:<nil> cancelling_at:<nil> completed_at:<nil> completion_window:24h created_at:1.769524649e+09 endpoint:/v1/chat/completions errors:<nil> expired_at:1.769611049e+09 expires_at:1.769611049e+09 failed_at:<nil> finalizing_at:<nil> id:batch_2601271437295182036360521 in_process_at:1.769524649e+09 input_file_id:file_2601271437265181433960510 object:spark output_file_id: request_counts:map[completed:22 failed:0 total:50] sid:bat000ded10@dx19bfe2d38b80000572 status:in_progress]
[INFO] 2026/01/27 14:38:58 logger.go:71: 查询批量任务结果：&{ID: Object: Endpoint: InputFileID:file_2601271437265181433960510 CompletionWindow: Status:in_progress OutputFileID: ErrorFileID:<nil> CreatedAt:0 InProgressAt:0 ExpiresAt:0 FinalizingAt:0 CompletedAt:0 FailedAt:0 CancelledAt:0 RequestCounts:{Total:0 Completed:0 Failed:0} Metadata:map[] BatchID:batch_2601271437295182036360521 TotalCount:50 CompletedCount:22 FailedCount:0}
[INFO] 2026/01/27 14:38:58 logger.go:71: 查询批量任务结果：map[cancelled_at:<nil> cancelling_at:<nil> completed_at:<nil> completion_window:24h created_at:1.769524649e+09 endpoint:/v1/chat/completions errors:<nil> expired_at:1.769611049e+09 expires_at:1.769611049e+09 failed_at:<nil> finalizing_at:<nil> id:batch_2601271437296035759860523 in_process_at:1.769524649e+09 input_file_id:file_2601271437266136083639622 object:spark output_file_id: request_counts:map[completed:22 failed:0 total:50] sid:bat000d9b76@dx19bfe2d39040000572 status:in_progress]
[INFO] 2026/01/27 14:38:58 logger.go:71: 查询批量任务结果：&{ID: Object: Endpoint: InputFileID:file_2601271437266136083639622 CompletionWindow: Status:in_progress OutputFileID: ErrorFileID:<nil> CreatedAt:0 InProgressAt:0 ExpiresAt:0 FinalizingAt:0 CompletedAt:0 FailedAt:0 CancelledAt:0 RequestCounts:{Total:0 Completed:0 Failed:0} Metadata:map[] BatchID:batch_2601271437296035759860523 TotalCount:50 CompletedCount:22 FailedCount:0}
[INFO] 2026/01/27 14:38:58 logger.go:71: 查询批量任务结果：map[cancelled_at:<nil> cancelling_at:<nil> completed_at:<nil> completion_window:24h created_at:1.769524649e+09 endpoint:/v1/chat/completions errors:<nil> expired_at:1.769611049e+09 expires_at:1.769611049e+09 failed_at:<nil> finalizing_at:<nil> id:batch_2601271437296801125960525 in_process_at:1.769524649e+09 input_file_id:file_2601271437267207140660512 object:spark output_file_id: request_counts:map[completed:27 failed:0 total:50] sid:bat000ded11@dx19bfe2d39500000572 status:in_progress]
[INFO] 2026/01/27 14:38:58 logger.go:71: 查询批量任务结果：&{ID: Object: Endpoint: InputFileID:file_2601271437267207140660512 CompletionWindow: Status:in_progress OutputFileID: ErrorFileID:<nil> CreatedAt:0 InProgressAt:0 ExpiresAt:0 FinalizingAt:0 CompletedAt:0 FailedAt:0 CancelledAt:0 RequestCounts:{Total:0 Completed:0 Failed:0} Metadata:map[] BatchID:batch_2601271437296801125960525 TotalCount:50 CompletedCount:27 FailedCount:0}
[INFO] 2026/01/27 14:38:58 logger.go:71: 查询批量任务结果：map[cancelled_at:<nil> cancelling_at:<nil> completed_at:<nil> completion_window:24h created_at:1.769524649e+09 endpoint:/v1/chat/completions errors:<nil> expired_at:1.769611049e+09 expires_at:1.769611049e+09 failed_at:<nil> finalizing_at:<nil> id:batch_2601271437297563553539629 in_process_at:1.769524649e+09 input_file_id:file_2601271437268218054539624 object:spark output_file_id: request_counts:map[completed:22 failed:0 total:50] sid:bat000d9b77@dx19bfe2d39a90000572 status:in_progress]
[INFO] 2026/01/27 14:38:58 logger.go:71: 查询批量任务结果：&{ID: Object: Endpoint: InputFileID:file_2601271437268218054539624 CompletionWindow: Status:in_progress OutputFileID: ErrorFileID:<nil> CreatedAt:0 InProgressAt:0 ExpiresAt:0 FinalizingAt:0 CompletedAt:0 FailedAt:0 CancelledAt:0 RequestCounts:{Total:0 Completed:0 Failed:0} Metadata:map[] BatchID:batch_2601271437297563553539629 TotalCount:50 CompletedCount:22 FailedCount:0}
[INFO] 2026/01/27 14:38:58 logger.go:71: 查询批量任务结果：map[cancelled_at:<nil> cancelling_at:<nil> completed_at:<nil> completion_window:24h created_at:1.769524649e+09 endpoint:/v1/chat/completions errors:<nil> expired_at:1.769611049e+09 expires_at:1.769611049e+09 failed_at:<nil> finalizing_at:<nil> id:batch_2601271437298336628039631 in_process_at:1.769524649e+09 input_file_id:file_2601271437269237987139626 object:spark output_file_id: request_counts:map[completed:26 failed:0 total:50] sid:bat000d9b78@dx19bfe2d39f80000572 status:in_progress]
[INFO] 2026/01/27 14:38:58 logger.go:71: 查询批量任务结果：&{ID: Object: Endpoint: InputFileID:file_2601271437269237987139626 CompletionWindow: Status:in_progress OutputFileID: ErrorFileID:<nil> CreatedAt:0 InProgressAt:0 ExpiresAt:0 FinalizingAt:0 CompletedAt:0 FailedAt:0 CancelledAt:0 RequestCounts:{Total:0 Completed:0 Failed:0} Metadata:map[] BatchID:batch_2601271437298336628039631 TotalCount:50 CompletedCount:26 FailedCount:0}
[INFO] 2026/01/27 14:38:58 logger.go:71: 查询批量任务结果：map[cancelled_at:<nil> cancelling_at:<nil> completed_at:<nil> completion_window:24h created_at:1.769524649e+09 endpoint:/v1/chat/completions errors:<nil> expired_at:1.769611049e+09 expires_at:1.769611049e+09 failed_at:<nil> finalizing_at:<nil> id:batch_2601271437299793491460527 in_process_at:1.769524649e+09 input_file_id:file_2601271437270362743539628 object:spark output_file_id: request_counts:map[completed:20 failed:0 total:50] sid:bat000ded12@dx19bfe2d3a5a0000572 status:in_progress]
[INFO] 2026/01/27 14:38:58 logger.go:71: 查询批量任务结果：&{ID: Object: Endpoint: InputFileID:file_2601271437270362743539628 CompletionWindow: Status:in_progress OutputFileID: ErrorFileID:<nil> CreatedAt:0 InProgressAt:0 ExpiresAt:0 FinalizingAt:0 CompletedAt:0 FailedAt:0 CancelledAt:0 RequestCounts:{Total:0 Completed:0 Failed:0} Metadata:map[] BatchID:batch_2601271437299793491460527 TotalCount:50 CompletedCount:20 FailedCount:0}
[INFO] 2026/01/27 14:38:58 logger.go:71: 查询批量任务结果：map[cancelled_at:<nil> cancelling_at:<nil> completed_at:<nil> completion_window:24h created_at:1.76952465e+09 endpoint:/v1/chat/completions errors:<nil> expired_at:1.76961105e+09 expires_at:1.76961105e+09 failed_at:<nil> finalizing_at:<nil> id:batch_2601271437300616387039633 in_process_at:1.76952465e+09 input_file_id:file_2601271437271321801860514 object:spark output_file_id: request_counts:map[completed:23 failed:0 total:50] sid:bat000ded13@dx19bfe2d3ba80000572 status:in_progress]
[INFO] 2026/01/27 14:38:58 logger.go:71: 查询批量任务结果：&{ID: Object: Endpoint: InputFileID:file_2601271437271321801860514 CompletionWindow: Status:in_progress OutputFileID: ErrorFileID:<nil> CreatedAt:0 InProgressAt:0 ExpiresAt:0 FinalizingAt:0 CompletedAt:0 FailedAt:0 CancelledAt:0 RequestCounts:{Total:0 Completed:0 Failed:0} Metadata:map[] BatchID:batch_2601271437300616387039633 TotalCount:50 CompletedCount:23 FailedCount:0}
[INFO] 2026/01/27 14:38:58 logger.go:71: 查询批量任务结果：map[cancelled_at:<nil> cancelling_at:<nil> completed_at:<nil> completion_window:24h created_at:1.76952465e+09 endpoint:/v1/chat/completions errors:<nil> expired_at:1.76961105e+09 expires_at:1.76961105e+09 failed_at:<nil> finalizing_at:<nil> id:batch_2601271437301485741539635 in_process_at:1.76952465e+09 input_file_id:file_2601271437272346589160516 object:spark output_file_id: request_counts:map[completed:25 failed:0 total:50] sid:bat000ded14@dx19bfe2d3c070000572 status:in_progress]
[INFO] 2026/01/27 14:38:58 logger.go:71: 查询批量任务结果：&{ID: Object: Endpoint: InputFileID:file_2601271437272346589160516 CompletionWindow: Status:in_progress OutputFileID: ErrorFileID:<nil> CreatedAt:0 InProgressAt:0 ExpiresAt:0 FinalizingAt:0 CompletedAt:0 FailedAt:0 CancelledAt:0 RequestCounts:{Total:0 Completed:0 Failed:0} Metadata:map[] BatchID:batch_2601271437301485741539635 TotalCount:50 CompletedCount:25 FailedCount:0}
[INFO] 2026/01/27 14:38:58 logger.go:71: 查询批量任务结果：map[cancelled_at:<nil> cancelling_at:<nil> completed_at:<nil> completion_window:24h created_at:1.76952465e+09 endpoint:/v1/chat/completions errors:<nil> expired_at:1.76961105e+09 expires_at:1.76961105e+09 failed_at:<nil> finalizing_at:<nil> id:batch_2601271437302283550339637 in_process_at:1.76952465e+09 input_file_id:file_2601271437273433781560518 object:spark output_file_id: request_counts:map[completed:16 failed:0 total:50] sid:bat000ded15@dx19bfe2d3c610000572 status:in_progress]
[INFO] 2026/01/27 14:38:58 logger.go:71: 查询批量任务结果：&{ID: Object: Endpoint: InputFileID:file_2601271437273433781560518 CompletionWindow: Status:in_progress OutputFileID: ErrorFileID:<nil> CreatedAt:0 InProgressAt:0 ExpiresAt:0 FinalizingAt:0 CompletedAt:0 FailedAt:0 CancelledAt:0 RequestCounts:{Total:0 Completed:0 Failed:0} Metadata:map[] BatchID:batch_2601271437302283550339637 TotalCount:50 CompletedCount:16 FailedCount:0}
[INFO] 2026/01/27 14:39:01 logger.go:71: 查询批量任务结果：map[cancelled_at:<nil> cancelling_at:<nil> completed_at:<nil> completion_window:24h created_at:1.769524649e+09 endpoint:/v1/chat/completions errors:<nil> expired_at:1.769611049e+09 expires_at:1.769611049e+09 failed_at:<nil> finalizing_at:1.769524735e+09 id:batch_2601271437294305960060519 in_process_at:1.769524649e+09 input_file_id:file_2601271437263867484239620 object:spark output_file_id:file_2601271438555408689139801 request_counts:map[completed:50 failed:0 total:50] sid:bat000ded16@dx19bfe2d44970000572 status:completed]
[INFO] 2026/01/27 14:39:01 logger.go:71: 查询批量任务结果：&{ID: Object: Endpoint: InputFileID:file_2601271437263867484239620 CompletionWindow: Status:completed OutputFileID:file_2601271438555408689139801 ErrorFileID:<nil> CreatedAt:0 InProgressAt:0 ExpiresAt:0 FinalizingAt:0 CompletedAt:0 FailedAt:0 CancelledAt:0 RequestCounts:{Total:0 Completed:0 Failed:0} Metadata:map[] BatchID:batch_2601271437294305960060519 TotalCount:50 CompletedCount:50 FailedCount:0}
[INFO] 2026/01/27 14:39:01 logger.go:71: 查询批量任务结果：map[cancelled_at:<nil> cancelling_at:<nil> completed_at:<nil> completion_window:24h created_at:1.769524649e+09 endpoint:/v1/chat/completions errors:<nil> expired_at:1.769611049e+09 expires_at:1.769611049e+09 failed_at:<nil> finalizing_at:<nil> id:batch_2601271437295182036360521 in_process_at:1.769524649e+09 input_file_id:file_2601271437265181433960510 object:spark output_file_id: request_counts:map[completed:24 failed:0 total:50] sid:bat000ded18@dx19bfe2d46a70000572 status:in_progress]
[INFO] 2026/01/27 14:39:01 logger.go:71: 查询批量任务结果：&{ID: Object: Endpoint: InputFileID:file_2601271437265181433960510 CompletionWindow: Status:in_progress OutputFileID: ErrorFileID:<nil> CreatedAt:0 InProgressAt:0 ExpiresAt:0 FinalizingAt:0 CompletedAt:0 FailedAt:0 CancelledAt:0 RequestCounts:{Total:0 Completed:0 Failed:0} Metadata:map[] BatchID:batch_2601271437295182036360521 TotalCount:50 CompletedCount:24 FailedCount:0}
[INFO] 2026/01/27 14:39:01 logger.go:71: 查询批量任务结果：map[cancelled_at:<nil> cancelling_at:<nil> completed_at:<nil> completion_window:24h created_at:1.769524649e+09 endpoint:/v1/chat/completions errors:<nil> expired_at:1.769611049e+09 expires_at:1.769611049e+09 failed_at:<nil> finalizing_at:<nil> id:batch_2601271437296035759860523 in_process_at:1.769524649e+09 input_file_id:file_2601271437266136083639622 object:spark output_file_id: request_counts:map[completed:24 failed:0 total:50] sid:bat000ded19@dx19bfe2d46f20000572 status:in_progress]
[INFO] 2026/01/27 14:39:01 logger.go:71: 查询批量任务结果：&{ID: Object: Endpoint: InputFileID:file_2601271437266136083639622 CompletionWindow: Status:in_progress OutputFileID: ErrorFileID:<nil> CreatedAt:0 InProgressAt:0 ExpiresAt:0 FinalizingAt:0 CompletedAt:0 FailedAt:0 CancelledAt:0 RequestCounts:{Total:0 Completed:0 Failed:0} Metadata:map[] BatchID:batch_2601271437296035759860523 TotalCount:50 CompletedCount:24 FailedCount:0}
[INFO] 2026/01/27 14:39:01 logger.go:71: 查询批量任务结果：map[cancelled_at:<nil> cancelling_at:<nil> completed_at:<nil> completion_window:24h created_at:1.769524649e+09 endpoint:/v1/chat/completions errors:<nil> expired_at:1.769611049e+09 expires_at:1.769611049e+09 failed_at:<nil> finalizing_at:<nil> id:batch_2601271437296801125960525 in_process_at:1.769524649e+09 input_file_id:file_2601271437267207140660512 object:spark output_file_id: request_counts:map[completed:28 failed:0 total:50] sid:bat000ded1a@dx19bfe2d47350000572 status:in_progress]
[INFO] 2026/01/27 14:39:01 logger.go:71: 查询批量任务结果：&{ID: Object: Endpoint: InputFileID:file_2601271437267207140660512 CompletionWindow: Status:in_progress OutputFileID: ErrorFileID:<nil> CreatedAt:0 InProgressAt:0 ExpiresAt:0 FinalizingAt:0 CompletedAt:0 FailedAt:0 CancelledAt:0 RequestCounts:{Total:0 Completed:0 Failed:0} Metadata:map[] BatchID:batch_2601271437296801125960525 TotalCount:50 CompletedCount:28 FailedCount:0}
[INFO] 2026/01/27 14:39:01 logger.go:71: 查询批量任务结果：map[cancelled_at:<nil> cancelling_at:<nil> completed_at:<nil> completion_window:24h created_at:1.769524649e+09 endpoint:/v1/chat/completions errors:<nil> expired_at:1.769611049e+09 expires_at:1.769611049e+09 failed_at:<nil> finalizing_at:<nil> id:batch_2601271437297563553539629 in_process_at:1.769524649e+09 input_file_id:file_2601271437268218054539624 object:spark output_file_id: request_counts:map[completed:26 failed:0 total:50] sid:bat000ded1b@dx19bfe2d477c0000572 status:in_progress]
[INFO] 2026/01/27 14:39:01 logger.go:71: 查询批量任务结果：&{ID: Object: Endpoint: InputFileID:file_2601271437268218054539624 CompletionWindow: Status:in_progress OutputFileID: ErrorFileID:<nil> CreatedAt:0 InProgressAt:0 ExpiresAt:0 FinalizingAt:0 CompletedAt:0 FailedAt:0 CancelledAt:0 RequestCounts:{Total:0 Completed:0 Failed:0} Metadata:map[] BatchID:batch_2601271437297563553539629 TotalCount:50 CompletedCount:26 FailedCount:0}
[INFO] 2026/01/27 14:39:02 logger.go:71: 查询批量任务结果：map[cancelled_at:<nil> cancelling_at:<nil> completed_at:<nil> completion_window:24h created_at:1.769524649e+09 endpoint:/v1/chat/completions errors:<nil> expired_at:1.769611049e+09 expires_at:1.769611049e+09 failed_at:<nil> finalizing_at:<nil> id:batch_2601271437298336628039631 in_process_at:1.769524649e+09 input_file_id:file_2601271437269237987139626 object:spark output_file_id: request_counts:map[completed:26 failed:0 total:50] sid:bat000ded1c@dx19bfe2d48b20000572 status:in_progress]
[INFO] 2026/01/27 14:39:02 logger.go:71: 查询批量任务结果：&{ID: Object: Endpoint: InputFileID:file_2601271437269237987139626 CompletionWindow: Status:in_progress OutputFileID: ErrorFileID:<nil> CreatedAt:0 InProgressAt:0 ExpiresAt:0 FinalizingAt:0 CompletedAt:0 FailedAt:0 CancelledAt:0 RequestCounts:{Total:0 Completed:0 Failed:0} Metadata:map[] BatchID:batch_2601271437298336628039631 TotalCount:50 CompletedCount:26 FailedCount:0}
[INFO] 2026/01/27 14:39:02 logger.go:71: 查询批量任务结果：map[cancelled_at:<nil> cancelling_at:<nil> completed_at:<nil> completion_window:24h created_at:1.769524649e+09 endpoint:/v1/chat/completions errors:<nil> expired_at:1.769611049e+09 expires_at:1.769611049e+09 failed_at:<nil> finalizing_at:<nil> id:batch_2601271437299793491460527 in_process_at:1.769524649e+09 input_file_id:file_2601271437270362743539628 object:spark output_file_id: request_counts:map[completed:22 failed:0 total:50] sid:bat000ded1d@dx19bfe2d49050000572 status:in_progress]
[INFO] 2026/01/27 14:39:02 logger.go:71: 查询批量任务结果：&{ID: Object: Endpoint: InputFileID:file_2601271437270362743539628 CompletionWindow: Status:in_progress OutputFileID: ErrorFileID:<nil> CreatedAt:0 InProgressAt:0 ExpiresAt:0 FinalizingAt:0 CompletedAt:0 FailedAt:0 CancelledAt:0 RequestCounts:{Total:0 Completed:0 Failed:0} Metadata:map[] BatchID:batch_2601271437299793491460527 TotalCount:50 CompletedCount:22 FailedCount:0}
[INFO] 2026/01/27 14:39:02 logger.go:71: 查询批量任务结果：map[cancelled_at:<nil> cancelling_at:<nil> completed_at:<nil> completion_window:24h created_at:1.76952465e+09 endpoint:/v1/chat/completions errors:<nil> expired_at:1.76961105e+09 expires_at:1.76961105e+09 failed_at:<nil> finalizing_at:<nil> id:batch_2601271437300616387039633 in_process_at:1.76952465e+09 input_file_id:file_2601271437271321801860514 object:spark output_file_id: request_counts:map[completed:24 failed:0 total:50] sid:bat000ded1e@dx19bfe2d49550000572 status:in_progress]
[INFO] 2026/01/27 14:39:02 logger.go:71: 查询批量任务结果：&{ID: Object: Endpoint: InputFileID:file_2601271437271321801860514 CompletionWindow: Status:in_progress OutputFileID: ErrorFileID:<nil> CreatedAt:0 InProgressAt:0 ExpiresAt:0 FinalizingAt:0 CompletedAt:0 FailedAt:0 CancelledAt:0 RequestCounts:{Total:0 Completed:0 Failed:0} Metadata:map[] BatchID:batch_2601271437300616387039633 TotalCount:50 CompletedCount:24 FailedCount:0}
[INFO] 2026/01/27 14:39:02 logger.go:71: 查询批量任务结果：map[cancelled_at:<nil> cancelling_at:<nil> completed_at:<nil> completion_window:24h created_at:1.76952465e+09 endpoint:/v1/chat/completions errors:<nil> expired_at:1.76961105e+09 expires_at:1.76961105e+09 failed_at:<nil> finalizing_at:<nil> id:batch_2601271437301485741539635 in_process_at:1.76952465e+09 input_file_id:file_2601271437272346589160516 object:spark output_file_id: request_counts:map[completed:28 failed:0 total:50] sid:bat000ded1f@dx19bfe2d49a50000572 status:in_progress]
[INFO] 2026/01/27 14:39:02 logger.go:71: 查询批量任务结果：&{ID: Object: Endpoint: InputFileID:file_2601271437272346589160516 CompletionWindow: Status:in_progress OutputFileID: ErrorFileID:<nil> CreatedAt:0 InProgressAt:0 ExpiresAt:0 FinalizingAt:0 CompletedAt:0 FailedAt:0 CancelledAt:0 RequestCounts:{Total:0 Completed:0 Failed:0} Metadata:map[] BatchID:batch_2601271437301485741539635 TotalCount:50 CompletedCount:28 FailedCount:0}
[INFO] 2026/01/27 14:39:02 logger.go:71: 查询批量任务结果：map[cancelled_at:<nil> cancelling_at:<nil> completed_at:<nil> completion_window:24h created_at:1.76952465e+09 endpoint:/v1/chat/completions errors:<nil> expired_at:1.76961105e+09 expires_at:1.76961105e+09 failed_at:<nil> finalizing_at:<nil> id:batch_2601271437302283550339637 in_process_at:1.76952465e+09 input_file_id:file_2601271437273433781560518 object:spark output_file_id: request_counts:map[completed:18 failed:0 total:50] sid:bat000d9b7b@dx19bfe2d49f70000572 status:in_progress]
[INFO] 2026/01/27 14:39:02 logger.go:71: 查询批量任务结果：&{ID: Object: Endpoint: InputFileID:file_2601271437273433781560518 CompletionWindow: Status:in_progress OutputFileID: ErrorFileID:<nil> CreatedAt:0 InProgressAt:0 ExpiresAt:0 FinalizingAt:0 CompletedAt:0 FailedAt:0 CancelledAt:0 RequestCounts:{Total:0 Completed:0 Failed:0} Metadata:map[] BatchID:batch_2601271437302283550339637 TotalCount:50 CompletedCount:18 FailedCount:0}
[INFO] 2026/01/27 14:39:04 logger.go:71: 查询批量任务结果：map[cancelled_at:<nil> cancelling_at:<nil> completed_at:<nil> completion_window:24h created_at:1.769524649e+09 endpoint:/v1/chat/completions errors:<nil> expired_at:1.769611049e+09 expires_at:1.769611049e+09 failed_at:<nil> finalizing_at:<nil> id:batch_2601271437295182036360521 in_process_at:1.769524649e+09 input_file_id:file_2601271437265181433960510 object:spark output_file_id: request_counts:map[completed:25 failed:0 total:50] sid:bat000d9b7c@dx19bfe2d522f0000572 status:in_progress]
[INFO] 2026/01/27 14:39:04 logger.go:71: 查询批量任务结果：&{ID: Object: Endpoint: InputFileID:file_2601271437265181433960510 CompletionWindow: Status:in_progress OutputFileID: ErrorFileID:<nil> CreatedAt:0 InProgressAt:0 ExpiresAt:0 FinalizingAt:0 CompletedAt:0 FailedAt:0 CancelledAt:0 RequestCounts:{Total:0 Completed:0 Failed:0} Metadata:map[] BatchID:batch_2601271437295182036360521 TotalCount:50 CompletedCount:25 FailedCount:0}
[INFO] 2026/01/27 14:39:04 logger.go:71: 查询批量任务结果：map[cancelled_at:<nil> cancelling_at:<nil> completed_at:<nil> completion_window:24h created_at:1.769524649e+09 endpoint:/v1/chat/completions errors:<nil> expired_at:1.769611049e+09 expires_at:1.769611049e+09 failed_at:<nil> finalizing_at:<nil> id:batch_2601271437296035759860523 in_process_at:1.769524649e+09 input_file_id:file_2601271437266136083639622 object:spark output_file_id: request_counts:map[completed:27 failed:0 total:50] sid:bat000d9b7d@dx19bfe2d52810000572 status:in_progress]
[INFO] 2026/01/27 14:39:04 logger.go:71: 查询批量任务结果：&{ID: Object: Endpoint: InputFileID:file_2601271437266136083639622 CompletionWindow: Status:in_progress OutputFileID: ErrorFileID:<nil> CreatedAt:0 InProgressAt:0 ExpiresAt:0 FinalizingAt:0 CompletedAt:0 FailedAt:0 CancelledAt:0 RequestCounts:{Total:0 Completed:0 Failed:0} Metadata:map[] BatchID:batch_2601271437296035759860523 TotalCount:50 CompletedCount:27 FailedCount:0}
[INFO] 2026/01/27 14:39:04 logger.go:71: 查询批量任务结果：map[cancelled_at:<nil> cancelling_at:<nil> completed_at:<nil> completion_window:24h created_at:1.769524649e+09 endpoint:/v1/chat/completions errors:<nil> expired_at:1.769611049e+09 expires_at:1.769611049e+09 failed_at:<nil> finalizing_at:<nil> id:batch_2601271437296801125960525 in_process_at:1.769524649e+09 input_file_id:file_2601271437267207140660512 object:spark output_file_id: request_counts:map[completed:28 failed:0 total:50] sid:bat000d9b7e@dx19bfe2d52cf0000572 status:in_progress]
[INFO] 2026/01/27 14:39:04 logger.go:71: 查询批量任务结果：&{ID: Object: Endpoint: InputFileID:file_2601271437267207140660512 CompletionWindow: Status:in_progress OutputFileID: ErrorFileID:<nil> CreatedAt:0 InProgressAt:0 ExpiresAt:0 FinalizingAt:0 CompletedAt:0 FailedAt:0 CancelledAt:0 RequestCounts:{Total:0 Completed:0 Failed:0} Metadata:map[] BatchID:batch_2601271437296801125960525 TotalCount:50 CompletedCount:28 FailedCount:0}
[INFO] 2026/01/27 14:39:04 logger.go:71: 查询批量任务结果：map[cancelled_at:<nil> cancelling_at:<nil> completed_at:<nil> completion_window:24h created_at:1.769524649e+09 endpoint:/v1/chat/completions errors:<nil> expired_at:1.769611049e+09 expires_at:1.769611049e+09 failed_at:<nil> finalizing_at:<nil> id:batch_2601271437297563553539629 in_process_at:1.769524649e+09 input_file_id:file_2601271437268218054539624 object:spark output_file_id: request_counts:map[completed:28 failed:0 total:50] sid:bat000ded22@dx19bfe2d531b0000572 status:in_progress]
[INFO] 2026/01/27 14:39:04 logger.go:71: 查询批量任务结果：&{ID: Object: Endpoint: InputFileID:file_2601271437268218054539624 CompletionWindow: Status:in_progress OutputFileID: ErrorFileID:<nil> CreatedAt:0 InProgressAt:0 ExpiresAt:0 FinalizingAt:0 CompletedAt:0 FailedAt:0 CancelledAt:0 RequestCounts:{Total:0 Completed:0 Failed:0} Metadata:map[] BatchID:batch_2601271437297563553539629 TotalCount:50 CompletedCount:28 FailedCount:0}
[INFO] 2026/01/27 14:39:04 logger.go:71: 查询批量任务结果：map[cancelled_at:<nil> cancelling_at:<nil> completed_at:<nil> completion_window:24h created_at:1.769524649e+09 endpoint:/v1/chat/completions errors:<nil> expired_at:1.769611049e+09 expires_at:1.769611049e+09 failed_at:<nil> finalizing_at:<nil> id:batch_2601271437298336628039631 in_process_at:1.769524649e+09 input_file_id:file_2601271437269237987139626 object:spark output_file_id: request_counts:map[completed:27 failed:0 total:50] sid:bat000d9b7f@dx19bfe2d53640000572 status:in_progress]
[INFO] 2026/01/27 14:39:04 logger.go:71: 查询批量任务结果：&{ID: Object: Endpoint: InputFileID:file_2601271437269237987139626 CompletionWindow: Status:in_progress OutputFileID: ErrorFileID:<nil> CreatedAt:0 InProgressAt:0 ExpiresAt:0 FinalizingAt:0 CompletedAt:0 FailedAt:0 CancelledAt:0 RequestCounts:{Total:0 Completed:0 Failed:0} Metadata:map[] BatchID:batch_2601271437298336628039631 TotalCount:50 CompletedCount:27 FailedCount:0}
[INFO] 2026/01/27 14:39:04 logger.go:71: 查询批量任务结果：map[cancelled_at:<nil> cancelling_at:<nil> completed_at:<nil> completion_window:24h created_at:1.769524649e+09 endpoint:/v1/chat/completions errors:<nil> expired_at:1.769611049e+09 expires_at:1.769611049e+09 failed_at:<nil> finalizing_at:<nil> id:batch_2601271437299793491460527 in_process_at:1.769524649e+09 input_file_id:file_2601271437270362743539628 object:spark output_file_id: request_counts:map[completed:24 failed:0 total:50] sid:bat000d9b80@dx19bfe2d53a80000572 status:in_progress]
[INFO] 2026/01/27 14:39:04 logger.go:71: 查询批量任务结果：&{ID: Object: Endpoint: InputFileID:file_2601271437270362743539628 CompletionWindow: Status:in_progress OutputFileID: ErrorFileID:<nil> CreatedAt:0 InProgressAt:0 ExpiresAt:0 FinalizingAt:0 CompletedAt:0 FailedAt:0 CancelledAt:0 RequestCounts:{Total:0 Completed:0 Failed:0} Metadata:map[] BatchID:batch_2601271437299793491460527 TotalCount:50 CompletedCount:24 FailedCount:0}
[INFO] 2026/01/27 14:39:04 logger.go:71: 查询批量任务结果：map[cancelled_at:<nil> cancelling_at:<nil> completed_at:<nil> completion_window:24h created_at:1.76952465e+09 endpoint:/v1/chat/completions errors:<nil> expired_at:1.76961105e+09 expires_at:1.76961105e+09 failed_at:<nil> finalizing_at:<nil> id:batch_2601271437300616387039633 in_process_at:1.76952465e+09 input_file_id:file_2601271437271321801860514 object:spark output_file_id: request_counts:map[completed:24 failed:0 total:50] sid:bat000d9b81@dx19bfe2d53ec0000572 status:in_progress]
[INFO] 2026/01/27 14:39:04 logger.go:71: 查询批量任务结果：&{ID: Object: Endpoint: InputFileID:file_2601271437271321801860514 CompletionWindow: Status:in_progress OutputFileID: ErrorFileID:<nil> CreatedAt:0 InProgressAt:0 ExpiresAt:0 FinalizingAt:0 CompletedAt:0 FailedAt:0 CancelledAt:0 RequestCounts:{Total:0 Completed:0 Failed:0} Metadata:map[] BatchID:batch_2601271437300616387039633 TotalCount:50 CompletedCount:24 FailedCount:0}
[INFO] 2026/01/27 14:39:05 logger.go:71: 查询批量任务结果：map[cancelled_at:<nil> cancelling_at:<nil> completed_at:<nil> completion_window:24h created_at:1.76952465e+09 endpoint:/v1/chat/completions errors:<nil> expired_at:1.76961105e+09 expires_at:1.76961105e+09 failed_at:<nil> finalizing_at:<nil> id:batch_2601271437301485741539635 in_process_at:1.76952465e+09 input_file_id:file_2601271437272346589160516 object:spark output_file_id: request_counts:map[completed:29 failed:0 total:50] sid:bat000ded23@dx19bfe2d54320000572 status:in_progress]
[INFO] 2026/01/27 14:39:05 logger.go:71: 查询批量任务结果：&{ID: Object: Endpoint: InputFileID:file_2601271437272346589160516 CompletionWindow: Status:in_progress OutputFileID: ErrorFileID:<nil> CreatedAt:0 InProgressAt:0 ExpiresAt:0 FinalizingAt:0 CompletedAt:0 FailedAt:0 CancelledAt:0 RequestCounts:{Total:0 Completed:0 Failed:0} Metadata:map[] BatchID:batch_2601271437301485741539635 TotalCount:50 CompletedCount:29 FailedCount:0}
[INFO] 2026/01/27 14:39:05 logger.go:71: 查询批量任务结果：map[cancelled_at:<nil> cancelling_at:<nil> completed_at:<nil> completion_window:24h created_at:1.76952465e+09 endpoint:/v1/chat/completions errors:<nil> expired_at:1.76961105e+09 expires_at:1.76961105e+09 failed_at:<nil> finalizing_at:<nil> id:batch_2601271437302283550339637 in_process_at:1.76952465e+09 input_file_id:file_2601271437273433781560518 object:spark output_file_id: request_counts:map[completed:20 failed:0 total:50] sid:bat000d9b82@dx19bfe2d54760000572 status:in_progress]
[INFO] 2026/01/27 14:39:05 logger.go:71: 查询批量任务结果：&{ID: Object: Endpoint: InputFileID:file_2601271437273433781560518 CompletionWindow: Status:in_progress OutputFileID: ErrorFileID:<nil> CreatedAt:0 InProgressAt:0 ExpiresAt:0 FinalizingAt:0 CompletedAt:0 FailedAt:0 CancelledAt:0 RequestCounts:{Total:0 Completed:0 Failed:0} Metadata:map[] BatchID:batch_2601271437302283550339637 TotalCount:50 CompletedCount:20 FailedCount:0}
[INFO] 2026/01/27 14:39:07 logger.go:71: 查询批量任务结果：map[cancelled_at:<nil> cancelling_at:<nil> completed_at:<nil> completion_window:24h created_at:1.769524649e+09 endpoint:/v1/chat/completions errors:<nil> expired_at:1.769611049e+09 expires_at:1.769611049e+09 failed_at:<nil> finalizing_at:<nil> id:batch_2601271437295182036360521 in_process_at:1.769524649e+09 input_file_id:file_2601271437265181433960510 object:spark output_file_id: request_counts:map[completed:26 failed:0 total:50] sid:bat000d9b83@dx19bfe2d5cc00000572 status:in_progress]
[INFO] 2026/01/27 14:39:07 logger.go:71: 查询批量任务结果：&{ID: Object: Endpoint: InputFileID:file_2601271437265181433960510 CompletionWindow: Status:in_progress OutputFileID: ErrorFileID:<nil> CreatedAt:0 InProgressAt:0 ExpiresAt:0 FinalizingAt:0 CompletedAt:0 FailedAt:0 CancelledAt:0 RequestCounts:{Total:0 Completed:0 Failed:0} Metadata:map[] BatchID:batch_2601271437295182036360521 TotalCount:50 CompletedCount:26 FailedCount:0}
[INFO] 2026/01/27 14:39:07 logger.go:71: 查询批量任务结果：map[cancelled_at:<nil> cancelling_at:<nil> completed_at:<nil> completion_window:24h created_at:1.769524649e+09 endpoint:/v1/chat/completions errors:<nil> expired_at:1.769611049e+09 expires_at:1.769611049e+09 failed_at:<nil> finalizing_at:<nil> id:batch_2601271437296035759860523 in_process_at:1.769524649e+09 input_file_id:file_2601271437266136083639622 object:spark output_file_id: request_counts:map[completed:27 failed:0 total:50] sid:bat000d9b84@dx19bfe2d5d200000572 status:in_progress]
[INFO] 2026/01/27 14:39:07 logger.go:71: 查询批量任务结果：&{ID: Object: Endpoint: InputFileID:file_2601271437266136083639622 CompletionWindow: Status:in_progress OutputFileID: ErrorFileID:<nil> CreatedAt:0 InProgressAt:0 ExpiresAt:0 FinalizingAt:0 CompletedAt:0 FailedAt:0 CancelledAt:0 RequestCounts:{Total:0 Completed:0 Failed:0} Metadata:map[] BatchID:batch_2601271437296035759860523 TotalCount:50 CompletedCount:27 FailedCount:0}
[INFO] 2026/01/27 14:39:07 logger.go:71: 查询批量任务结果：map[cancelled_at:<nil> cancelling_at:<nil> completed_at:<nil> completion_window:24h created_at:1.769524649e+09 endpoint:/v1/chat/completions errors:<nil> expired_at:1.769611049e+09 expires_at:1.769611049e+09 failed_at:<nil> finalizing_at:<nil> id:batch_2601271437296801125960525 in_process_at:1.769524649e+09 input_file_id:file_2601271437267207140660512 object:spark output_file_id: request_counts:map[completed:29 failed:0 total:50] sid:bat000d9b85@dx19bfe2d5d600000572 status:in_progress]
[INFO] 2026/01/27 14:39:07 logger.go:71: 查询批量任务结果：&{ID: Object: Endpoint: InputFileID:file_2601271437267207140660512 CompletionWindow: Status:in_progress OutputFileID: ErrorFileID:<nil> CreatedAt:0 InProgressAt:0 ExpiresAt:0 FinalizingAt:0 CompletedAt:0 FailedAt:0 CancelledAt:0 RequestCounts:{Total:0 Completed:0 Failed:0} Metadata:map[] BatchID:batch_2601271437296801125960525 TotalCount:50 CompletedCount:29 FailedCount:0}
[INFO] 2026/01/27 14:39:07 logger.go:71: 查询批量任务结果：map[cancelled_at:<nil> cancelling_at:<nil> completed_at:<nil> completion_window:24h created_at:1.769524649e+09 endpoint:/v1/chat/completions errors:<nil> expired_at:1.769611049e+09 expires_at:1.769611049e+09 failed_at:<nil> finalizing_at:<nil> id:batch_2601271437297563553539629 in_process_at:1.769524649e+09 input_file_id:file_2601271437268218054539624 object:spark output_file_id: request_counts:map[completed:28 failed:0 total:50] sid:bat000ded24@dx19bfe2d5da20000572 status:in_progress]
[INFO] 2026/01/27 14:39:07 logger.go:71: 查询批量任务结果：&{ID: Object: Endpoint: InputFileID:file_2601271437268218054539624 CompletionWindow: Status:in_progress OutputFileID: ErrorFileID:<nil> CreatedAt:0 InProgressAt:0 ExpiresAt:0 FinalizingAt:0 CompletedAt:0 FailedAt:0 CancelledAt:0 RequestCounts:{Total:0 Completed:0 Failed:0} Metadata:map[] BatchID:batch_2601271437297563553539629 TotalCount:50 CompletedCount:28 FailedCount:0}
[INFO] 2026/01/27 14:39:07 logger.go:71: 查询批量任务结果：map[cancelled_at:<nil> cancelling_at:<nil> completed_at:<nil> completion_window:24h created_at:1.769524649e+09 endpoint:/v1/chat/completions errors:<nil> expired_at:1.769611049e+09 expires_at:1.769611049e+09 failed_at:<nil> finalizing_at:<nil> id:batch_2601271437298336628039631 in_process_at:1.769524649e+09 input_file_id:file_2601271437269237987139626 object:spark output_file_id: request_counts:map[completed:27 failed:0 total:50] sid:bat000ded25@dx19bfe2d5de50000572 status:in_progress]
[INFO] 2026/01/27 14:39:07 logger.go:71: 查询批量任务结果：&{ID: Object: Endpoint: InputFileID:file_2601271437269237987139626 CompletionWindow: Status:in_progress OutputFileID: ErrorFileID:<nil> CreatedAt:0 InProgressAt:0 ExpiresAt:0 FinalizingAt:0 CompletedAt:0 FailedAt:0 CancelledAt:0 RequestCounts:{Total:0 Completed:0 Failed:0} Metadata:map[] BatchID:batch_2601271437298336628039631 TotalCount:50 CompletedCount:27 FailedCount:0}
[INFO] 2026/01/27 14:39:07 logger.go:71: 查询批量任务结果：map[cancelled_at:<nil> cancelling_at:<nil> completed_at:<nil> completion_window:24h created_at:1.769524649e+09 endpoint:/v1/chat/completions errors:<nil> expired_at:1.769611049e+09 expires_at:1.769611049e+09 failed_at:<nil> finalizing_at:<nil> id:batch_2601271437299793491460527 in_process_at:1.769524649e+09 input_file_id:file_2601271437270362743539628 object:spark output_file_id: request_counts:map[completed:24 failed:0 total:50] sid:bat000ded26@dx19bfe2d5e230000572 status:in_progress]
[INFO] 2026/01/27 14:39:07 logger.go:71: 查询批量任务结果：&{ID: Object: Endpoint: InputFileID:file_2601271437270362743539628 CompletionWindow: Status:in_progress OutputFileID: ErrorFileID:<nil> CreatedAt:0 InProgressAt:0 ExpiresAt:0 FinalizingAt:0 CompletedAt:0 FailedAt:0 CancelledAt:0 RequestCounts:{Total:0 Completed:0 Failed:0} Metadata:map[] BatchID:batch_2601271437299793491460527 TotalCount:50 CompletedCount:24 FailedCount:0}
[INFO] 2026/01/27 14:39:07 logger.go:71: 查询批量任务结果：map[cancelled_at:<nil> cancelling_at:<nil> completed_at:<nil> completion_window:24h created_at:1.76952465e+09 endpoint:/v1/chat/completions errors:<nil> expired_at:1.76961105e+09 expires_at:1.76961105e+09 failed_at:<nil> finalizing_at:<nil> id:batch_2601271437300616387039633 in_process_at:1.76952465e+09 input_file_id:file_2601271437271321801860514 object:spark output_file_id: request_counts:map[completed:26 failed:0 total:50] sid:bat000d9b86@dx19bfe2d5e6f0000572 status:in_progress]
[INFO] 2026/01/27 14:39:07 logger.go:71: 查询批量任务结果：&{ID: Object: Endpoint: InputFileID:file_2601271437271321801860514 CompletionWindow: Status:in_progress OutputFileID: ErrorFileID:<nil> CreatedAt:0 InProgressAt:0 ExpiresAt:0 FinalizingAt:0 CompletedAt:0 FailedAt:0 CancelledAt:0 RequestCounts:{Total:0 Completed:0 Failed:0} Metadata:map[] BatchID:batch_2601271437300616387039633 TotalCount:50 CompletedCount:26 FailedCount:0}
[INFO] 2026/01/27 14:39:07 logger.go:71: 查询批量任务结果：map[cancelled_at:<nil> cancelling_at:<nil> completed_at:<nil> completion_window:24h created_at:1.76952465e+09 endpoint:/v1/chat/completions errors:<nil> expired_at:1.76961105e+09 expires_at:1.76961105e+09 failed_at:<nil> finalizing_at:<nil> id:batch_2601271437301485741539635 in_process_at:1.76952465e+09 input_file_id:file_2601271437272346589160516 object:spark output_file_id: request_counts:map[completed:29 failed:0 total:50] sid:bat000d9b87@dx19bfe2d5eb30000572 status:in_progress]
[INFO] 2026/01/27 14:39:07 logger.go:71: 查询批量任务结果：&{ID: Object: Endpoint: InputFileID:file_2601271437272346589160516 CompletionWindow: Status:in_progress OutputFileID: ErrorFileID:<nil> CreatedAt:0 InProgressAt:0 ExpiresAt:0 FinalizingAt:0 CompletedAt:0 FailedAt:0 CancelledAt:0 RequestCounts:{Total:0 Completed:0 Failed:0} Metadata:map[] BatchID:batch_2601271437301485741539635 TotalCount:50 CompletedCount:29 FailedCount:0}
[INFO] 2026/01/27 14:39:07 logger.go:71: 查询批量任务结果：map[cancelled_at:<nil> cancelling_at:<nil> completed_at:<nil> completion_window:24h created_at:1.76952465e+09 endpoint:/v1/chat/completions errors:<nil> expired_at:1.76961105e+09 expires_at:1.76961105e+09 failed_at:<nil> finalizing_at:<nil> id:batch_2601271437302283550339637 in_process_at:1.76952465e+09 input_file_id:file_2601271437273433781560518 object:spark output_file_id: request_counts:map[completed:20 failed:0 total:50] sid:bat000d9b88@dx19bfe2d5efd0000572 status:in_progress]
[INFO] 2026/01/27 14:39:07 logger.go:71: 查询批量任务结果：&{ID: Object: Endpoint: InputFileID:file_2601271437273433781560518 CompletionWindow: Status:in_progress OutputFileID: ErrorFileID:<nil> CreatedAt:0 InProgressAt:0 ExpiresAt:0 FinalizingAt:0 CompletedAt:0 FailedAt:0 CancelledAt:0 RequestCounts:{Total:0 Completed:0 Failed:0} Metadata:map[] BatchID:batch_2601271437302283550339637 TotalCount:50 CompletedCount:20 FailedCount:0}
[INFO] 2026/01/27 14:39:09 logger.go:71: 查询批量任务结果：map[cancelled_at:<nil> cancelling_at:<nil> completed_at:<nil> completion_window:24h created_at:1.769524649e+09 endpoint:/v1/chat/completions errors:<nil> expired_at:1.769611049e+09 expires_at:1.769611049e+09 failed_at:<nil> finalizing_at:<nil> id:batch_2601271437295182036360521 in_process_at:1.769524649e+09 input_file_id:file_2601271437265181433960510 object:spark output_file_id: request_counts:map[completed:26 failed:0 total:50] sid:bat000ded27@dx19bfe2d671c0000572 status:in_progress]
[INFO] 2026/01/27 14:39:09 logger.go:71: 查询批量任务结果：&{ID: Object: Endpoint: InputFileID:file_2601271437265181433960510 CompletionWindow: Status:in_progress OutputFileID: ErrorFileID:<nil> CreatedAt:0 InProgressAt:0 ExpiresAt:0 FinalizingAt:0 CompletedAt:0 FailedAt:0 CancelledAt:0 RequestCounts:{Total:0 Completed:0 Failed:0} Metadata:map[] BatchID:batch_2601271437295182036360521 TotalCount:50 CompletedCount:26 FailedCount:0}
[INFO] 2026/01/27 14:39:09 logger.go:71: 查询批量任务结果：map[cancelled_at:<nil> cancelling_at:<nil> completed_at:<nil> completion_window:24h created_at:1.769524649e+09 endpoint:/v1/chat/completions errors:<nil> expired_at:1.769611049e+09 expires_at:1.769611049e+09 failed_at:<nil> finalizing_at:<nil> id:batch_2601271437296035759860523 in_process_at:1.769524649e+09 input_file_id:file_2601271437266136083639622 object:spark output_file_id: request_counts:map[completed:27 failed:0 total:50] sid:bat000d9b89@dx19bfe2d676b0000572 status:in_progress]
[INFO] 2026/01/27 14:39:09 logger.go:71: 查询批量任务结果：&{ID: Object: Endpoint: InputFileID:file_2601271437266136083639622 CompletionWindow: Status:in_progress OutputFileID: ErrorFileID:<nil> CreatedAt:0 InProgressAt:0 ExpiresAt:0 FinalizingAt:0 CompletedAt:0 FailedAt:0 CancelledAt:0 RequestCounts:{Total:0 Completed:0 Failed:0} Metadata:map[] BatchID:batch_2601271437296035759860523 TotalCount:50 CompletedCount:27 FailedCount:0}
[INFO] 2026/01/27 14:39:10 logger.go:71: 查询批量任务结果：map[cancelled_at:<nil> cancelling_at:<nil> completed_at:<nil> completion_window:24h created_at:1.769524649e+09 endpoint:/v1/chat/completions errors:<nil> expired_at:1.769611049e+09 expires_at:1.769611049e+09 failed_at:<nil> finalizing_at:<nil> id:batch_2601271437296801125960525 in_process_at:1.769524649e+09 input_file_id:file_2601271437267207140660512 object:spark output_file_id: request_counts:map[completed:30 failed:0 total:50] sid:bat000ded28@dx19bfe2d67ab0000572 status:in_progress]
[INFO] 2026/01/27 14:39:10 logger.go:71: 查询批量任务结果：&{ID: Object: Endpoint: InputFileID:file_2601271437267207140660512 CompletionWindow: Status:in_progress OutputFileID: ErrorFileID:<nil> CreatedAt:0 InProgressAt:0 ExpiresAt:0 FinalizingAt:0 CompletedAt:0 FailedAt:0 CancelledAt:0 RequestCounts:{Total:0 Completed:0 Failed:0} Metadata:map[] BatchID:batch_2601271437296801125960525 TotalCount:50 CompletedCount:30 FailedCount:0}
[INFO] 2026/01/27 14:39:10 logger.go:71: 查询批量任务结果：map[cancelled_at:<nil> cancelling_at:<nil> completed_at:<nil> completion_window:24h created_at:1.769524649e+09 endpoint:/v1/chat/completions errors:<nil> expired_at:1.769611049e+09 expires_at:1.769611049e+09 failed_at:<nil> finalizing_at:<nil> id:batch_2601271437297563553539629 in_process_at:1.769524649e+09 input_file_id:file_2601271437268218054539624 object:spark output_file_id: request_counts:map[completed:28 failed:0 total:50] sid:bat000d9b8a@dx19bfe2d67f00000572 status:in_progress]
[INFO] 2026/01/27 14:39:10 logger.go:71: 查询批量任务结果：&{ID: Object: Endpoint: InputFileID:file_2601271437268218054539624 CompletionWindow: Status:in_progress OutputFileID: ErrorFileID:<nil> CreatedAt:0 InProgressAt:0 ExpiresAt:0 FinalizingAt:0 CompletedAt:0 FailedAt:0 CancelledAt:0 RequestCounts:{Total:0 Completed:0 Failed:0} Metadata:map[] BatchID:batch_2601271437297563553539629 TotalCount:50 CompletedCount:28 FailedCount:0}
[INFO] 2026/01/27 14:39:10 logger.go:71: 查询批量任务结果：map[cancelled_at:<nil> cancelling_at:<nil> completed_at:<nil> completion_window:24h created_at:1.769524649e+09 endpoint:/v1/chat/completions errors:<nil> expired_at:1.769611049e+09 expires_at:1.769611049e+09 failed_at:<nil> finalizing_at:<nil> id:batch_2601271437298336628039631 in_process_at:1.769524649e+09 input_file_id:file_2601271437269237987139626 object:spark output_file_id: request_counts:map[completed:27 failed:0 total:50] sid:bat000d9b8b@dx19bfe2d68340000572 status:in_progress]
[INFO] 2026/01/27 14:39:10 logger.go:71: 查询批量任务结果：&{ID: Object: Endpoint: InputFileID:file_2601271437269237987139626 CompletionWindow: Status:in_progress OutputFileID: ErrorFileID:<nil> CreatedAt:0 InProgressAt:0 ExpiresAt:0 FinalizingAt:0 CompletedAt:0 FailedAt:0 CancelledAt:0 RequestCounts:{Total:0 Completed:0 Failed:0} Metadata:map[] BatchID:batch_2601271437298336628039631 TotalCount:50 CompletedCount:27 FailedCount:0}
[INFO] 2026/01/27 14:39:10 logger.go:71: 查询批量任务结果：map[cancelled_at:<nil> cancelling_at:<nil> completed_at:<nil> completion_window:24h created_at:1.769524649e+09 endpoint:/v1/chat/completions errors:<nil> expired_at:1.769611049e+09 expires_at:1.769611049e+09 failed_at:<nil> finalizing_at:<nil> id:batch_2601271437299793491460527 in_process_at:1.769524649e+09 input_file_id:file_2601271437270362743539628 object:spark output_file_id: request_counts:map[completed:24 failed:0 total:50] sid:bat000ded29@dx19bfe2d68780000572 status:in_progress]
[INFO] 2026/01/27 14:39:10 logger.go:71: 查询批量任务结果：&{ID: Object: Endpoint: InputFileID:file_2601271437270362743539628 CompletionWindow: Status:in_progress OutputFileID: ErrorFileID:<nil> CreatedAt:0 InProgressAt:0 ExpiresAt:0 FinalizingAt:0 CompletedAt:0 FailedAt:0 CancelledAt:0 RequestCounts:{Total:0 Completed:0 Failed:0} Metadata:map[] BatchID:batch_2601271437299793491460527 TotalCount:50 CompletedCount:24 FailedCount:0}
[INFO] 2026/01/27 14:39:10 logger.go:71: 查询批量任务结果：map[cancelled_at:<nil> cancelling_at:<nil> completed_at:<nil> completion_window:24h created_at:1.76952465e+09 endpoint:/v1/chat/completions errors:<nil> expired_at:1.76961105e+09 expires_at:1.76961105e+09 failed_at:<nil> finalizing_at:<nil> id:batch_2601271437300616387039633 in_process_at:1.76952465e+09 input_file_id:file_2601271437271321801860514 object:spark output_file_id: request_counts:map[completed:26 failed:0 total:50] sid:bat000d9b8c@dx19bfe2d68bf0000572 status:in_progress]
[INFO] 2026/01/27 14:39:10 logger.go:71: 查询批量任务结果：&{ID: Object: Endpoint: InputFileID:file_2601271437271321801860514 CompletionWindow: Status:in_progress OutputFileID: ErrorFileID:<nil> CreatedAt:0 InProgressAt:0 ExpiresAt:0 FinalizingAt:0 CompletedAt:0 FailedAt:0 CancelledAt:0 RequestCounts:{Total:0 Completed:0 Failed:0} Metadata:map[] BatchID:batch_2601271437300616387039633 TotalCount:50 CompletedCount:26 FailedCount:0}
[INFO] 2026/01/27 14:39:10 logger.go:71: 查询批量任务结果：map[cancelled_at:<nil> cancelling_at:<nil> completed_at:<nil> completion_window:24h created_at:1.76952465e+09 endpoint:/v1/chat/completions errors:<nil> expired_at:1.76961105e+09 expires_at:1.76961105e+09 failed_at:<nil> finalizing_at:<nil> id:batch_2601271437301485741539635 in_process_at:1.76952465e+09 input_file_id:file_2601271437272346589160516 object:spark output_file_id: request_counts:map[completed:29 failed:0 total:50] sid:bat000d9b8d@dx19bfe2d69360000572 status:in_progress]
[INFO] 2026/01/27 14:39:10 logger.go:71: 查询批量任务结果：&{ID: Object: Endpoint: InputFileID:file_2601271437272346589160516 CompletionWindow: Status:in_progress OutputFileID: ErrorFileID:<nil> CreatedAt:0 InProgressAt:0 ExpiresAt:0 FinalizingAt:0 CompletedAt:0 FailedAt:0 CancelledAt:0 RequestCounts:{Total:0 Completed:0 Failed:0} Metadata:map[] BatchID:batch_2601271437301485741539635 TotalCount:50 CompletedCount:29 FailedCount:0}
[INFO] 2026/01/27 14:39:10 logger.go:71: 查询批量任务结果：map[cancelled_at:<nil> cancelling_at:<nil> completed_at:<nil> completion_window:24h created_at:1.76952465e+09 endpoint:/v1/chat/completions errors:<nil> expired_at:1.76961105e+09 expires_at:1.76961105e+09 failed_at:<nil> finalizing_at:<nil> id:batch_2601271437302283550339637 in_process_at:1.76952465e+09 input_file_id:file_2601271437273433781560518 object:spark output_file_id: request_counts:map[completed:20 failed:0 total:50] sid:bat000d9b8e@dx19bfe2d697a0000572 status:in_progress]
[INFO] 2026/01/27 14:39:10 logger.go:71: 查询批量任务结果：&{ID: Object: Endpoint: InputFileID:file_2601271437273433781560518 CompletionWindow: Status:in_progress OutputFileID: ErrorFileID:<nil> CreatedAt:0 InProgressAt:0 ExpiresAt:0 FinalizingAt:0 CompletedAt:0 FailedAt:0 CancelledAt:0 RequestCounts:{Total:0 Completed:0 Failed:0} Metadata:map[] BatchID:batch_2601271437302283550339637 TotalCount:50 CompletedCount:20 FailedCount:0}
[INFO] 2026/01/27 14:39:12 logger.go:71: 查询批量任务结果：map[cancelled_at:<nil> cancelling_at:<nil> completed_at:<nil> completion_window:24h created_at:1.769524649e+09 endpoint:/v1/chat/completions errors:<nil> expired_at:1.769611049e+09 expires_at:1.769611049e+09 failed_at:<nil> finalizing_at:<nil> id:batch_2601271437295182036360521 in_process_at:1.769524649e+09 input_file_id:file_2601271437265181433960510 object:spark output_file_id: request_counts:map[completed:26 failed:0 total:50] sid:bat000d9b8f@dx19bfe2d71ac0000572 status:in_progress]
[INFO] 2026/01/27 14:39:12 logger.go:71: 查询批量任务结果：&{ID: Object: Endpoint: InputFileID:file_2601271437265181433960510 CompletionWindow: Status:in_progress OutputFileID: ErrorFileID:<nil> CreatedAt:0 InProgressAt:0 ExpiresAt:0 FinalizingAt:0 CompletedAt:0 FailedAt:0 CancelledAt:0 RequestCounts:{Total:0 Completed:0 Failed:0} Metadata:map[] BatchID:batch_2601271437295182036360521 TotalCount:50 CompletedCount:26 FailedCount:0}
[INFO] 2026/01/27 14:39:12 logger.go:71: 查询批量任务结果：map[cancelled_at:<nil> cancelling_at:<nil> completed_at:<nil> completion_window:24h created_at:1.769524649e+09 endpoint:/v1/chat/completions errors:<nil> expired_at:1.769611049e+09 expires_at:1.769611049e+09 failed_at:<nil> finalizing_at:<nil> id:batch_2601271437296035759860523 in_process_at:1.769524649e+09 input_file_id:file_2601271437266136083639622 object:spark output_file_id: request_counts:map[completed:27 failed:0 total:50] sid:bat000ded2a@dx19bfe2d720f0000572 status:in_progress]
[INFO] 2026/01/27 14:39:12 logger.go:71: 查询批量任务结果：&{ID: Object: Endpoint: InputFileID:file_2601271437266136083639622 CompletionWindow: Status:in_progress OutputFileID: ErrorFileID:<nil> CreatedAt:0 InProgressAt:0 ExpiresAt:0 FinalizingAt:0 CompletedAt:0 FailedAt:0 CancelledAt:0 RequestCounts:{Total:0 Completed:0 Failed:0} Metadata:map[] BatchID:batch_2601271437296035759860523 TotalCount:50 CompletedCount:27 FailedCount:0}
[INFO] 2026/01/27 14:39:12 logger.go:71: 查询批量任务结果：map[cancelled_at:<nil> cancelling_at:<nil> completed_at:<nil> completion_window:24h created_at:1.769524649e+09 endpoint:/v1/chat/completions errors:<nil> expired_at:1.769611049e+09 expires_at:1.769611049e+09 failed_at:<nil> finalizing_at:<nil> id:batch_2601271437296801125960525 in_process_at:1.769524649e+09 input_file_id:file_2601271437267207140660512 object:spark output_file_id: request_counts:map[completed:30 failed:0 total:50] sid:bat000ded2b@dx19bfe2d72580000572 status:in_progress]
[INFO] 2026/01/27 14:39:12 logger.go:71: 查询批量任务结果：&{ID: Object: Endpoint: InputFileID:file_2601271437267207140660512 CompletionWindow: Status:in_progress OutputFileID: ErrorFileID:<nil> CreatedAt:0 InProgressAt:0 ExpiresAt:0 FinalizingAt:0 CompletedAt:0 FailedAt:0 CancelledAt:0 RequestCounts:{Total:0 Completed:0 Failed:0} Metadata:map[] BatchID:batch_2601271437296801125960525 TotalCount:50 CompletedCount:30 FailedCount:0}
[INFO] 2026/01/27 14:39:12 logger.go:71: 查询批量任务结果：map[cancelled_at:<nil> cancelling_at:<nil> completed_at:<nil> completion_window:24h created_at:1.769524649e+09 endpoint:/v1/chat/completions errors:<nil> expired_at:1.769611049e+09 expires_at:1.769611049e+09 failed_at:<nil> finalizing_at:<nil> id:batch_2601271437297563553539629 in_process_at:1.769524649e+09 input_file_id:file_2601271437268218054539624 object:spark output_file_id: request_counts:map[completed:28 failed:0 total:50] sid:bat000d9b90@dx19bfe2d729b0000572 status:in_progress]
[INFO] 2026/01/27 14:39:12 logger.go:71: 查询批量任务结果：&{ID: Object: Endpoint: InputFileID:file_2601271437268218054539624 CompletionWindow: Status:in_progress OutputFileID: ErrorFileID:<nil> CreatedAt:0 InProgressAt:0 ExpiresAt:0 FinalizingAt:0 CompletedAt:0 FailedAt:0 CancelledAt:0 RequestCounts:{Total:0 Completed:0 Failed:0} Metadata:map[] BatchID:batch_2601271437297563553539629 TotalCount:50 CompletedCount:28 FailedCount:0}
[INFO] 2026/01/27 14:39:12 logger.go:71: 查询批量任务结果：map[cancelled_at:<nil> cancelling_at:<nil> completed_at:<nil> completion_window:24h created_at:1.769524649e+09 endpoint:/v1/chat/completions errors:<nil> expired_at:1.769611049e+09 expires_at:1.769611049e+09 failed_at:<nil> finalizing_at:<nil> id:batch_2601271437298336628039631 in_process_at:1.769524649e+09 input_file_id:file_2601271437269237987139626 object:spark output_file_id: request_counts:map[completed:27 failed:0 total:50] sid:bat000ded2c@dx19bfe2d72df0000572 status:in_progress]
[INFO] 2026/01/27 14:39:12 logger.go:71: 查询批量任务结果：&{ID: Object: Endpoint: InputFileID:file_2601271437269237987139626 CompletionWindow: Status:in_progress OutputFileID: ErrorFileID:<nil> CreatedAt:0 InProgressAt:0 ExpiresAt:0 FinalizingAt:0 CompletedAt:0 FailedAt:0 CancelledAt:0 RequestCounts:{Total:0 Completed:0 Failed:0} Metadata:map[] BatchID:batch_2601271437298336628039631 TotalCount:50 CompletedCount:27 FailedCount:0}
[INFO] 2026/01/27 14:39:13 logger.go:71: 查询批量任务结果：map[cancelled_at:<nil> cancelling_at:<nil> completed_at:<nil> completion_window:24h created_at:1.769524649e+09 endpoint:/v1/chat/completions errors:<nil> expired_at:1.769611049e+09 expires_at:1.769611049e+09 failed_at:<nil> finalizing_at:<nil> id:batch_2601271437299793491460527 in_process_at:1.769524649e+09 input_file_id:file_2601271437270362743539628 object:spark output_file_id: request_counts:map[completed:24 failed:0 total:50] sid:bat000d9b91@dx19bfe2d73270000572 status:in_progress]
[INFO] 2026/01/27 14:39:13 logger.go:71: 查询批量任务结果：&{ID: Object: Endpoint: InputFileID:file_2601271437270362743539628 CompletionWindow: Status:in_progress OutputFileID: ErrorFileID:<nil> CreatedAt:0 InProgressAt:0 ExpiresAt:0 FinalizingAt:0 CompletedAt:0 FailedAt:0 CancelledAt:0 RequestCounts:{Total:0 Completed:0 Failed:0} Metadata:map[] BatchID:batch_2601271437299793491460527 TotalCount:50 CompletedCount:24 FailedCount:0}
[INFO] 2026/01/27 14:39:13 logger.go:71: 查询批量任务结果：map[cancelled_at:<nil> cancelling_at:<nil> completed_at:<nil> completion_window:24h created_at:1.76952465e+09 endpoint:/v1/chat/completions errors:<nil> expired_at:1.76961105e+09 expires_at:1.76961105e+09 failed_at:<nil> finalizing_at:<nil> id:batch_2601271437300616387039633 in_process_at:1.76952465e+09 input_file_id:file_2601271437271321801860514 object:spark output_file_id: request_counts:map[completed:26 failed:0 total:50] sid:bat000d9b92@dx19bfe2d737b0000572 status:in_progress]
[INFO] 2026/01/27 14:39:13 logger.go:71: 查询批量任务结果：&{ID: Object: Endpoint: InputFileID:file_2601271437271321801860514 CompletionWindow: Status:in_progress OutputFileID: ErrorFileID:<nil> CreatedAt:0 InProgressAt:0 ExpiresAt:0 FinalizingAt:0 CompletedAt:0 FailedAt:0 CancelledAt:0 RequestCounts:{Total:0 Completed:0 Failed:0} Metadata:map[] BatchID:batch_2601271437300616387039633 TotalCount:50 CompletedCount:26 FailedCount:0}
[INFO] 2026/01/27 14:39:13 logger.go:71: 查询批量任务结果：map[cancelled_at:<nil> cancelling_at:<nil> completed_at:<nil> completion_window:24h created_at:1.76952465e+09 endpoint:/v1/chat/completions errors:<nil> expired_at:1.76961105e+09 expires_at:1.76961105e+09 failed_at:<nil> finalizing_at:<nil> id:batch_2601271437301485741539635 in_process_at:1.76952465e+09 input_file_id:file_2601271437272346589160516 object:spark output_file_id: request_counts:map[completed:29 failed:0 total:50] sid:bat000d9b93@dx19bfe2d73bd0000572 status:in_progress]
[INFO] 2026/01/27 14:39:13 logger.go:71: 查询批量任务结果：&{ID: Object: Endpoint: InputFileID:file_2601271437272346589160516 CompletionWindow: Status:in_progress OutputFileID: ErrorFileID:<nil> CreatedAt:0 InProgressAt:0 ExpiresAt:0 FinalizingAt:0 CompletedAt:0 FailedAt:0 CancelledAt:0 RequestCounts:{Total:0 Completed:0 Failed:0} Metadata:map[] BatchID:batch_2601271437301485741539635 TotalCount:50 CompletedCount:29 FailedCount:0}
[INFO] 2026/01/27 14:39:13 logger.go:71: 查询批量任务结果：map[cancelled_at:<nil> cancelling_at:<nil> completed_at:<nil> completion_window:24h created_at:1.76952465e+09 endpoint:/v1/chat/completions errors:<nil> expired_at:1.76961105e+09 expires_at:1.76961105e+09 failed_at:<nil> finalizing_at:<nil> id:batch_2601271437302283550339637 in_process_at:1.76952465e+09 input_file_id:file_2601271437273433781560518 object:spark output_file_id: request_counts:map[completed:20 failed:0 total:50] sid:bat000ded2d@dx19bfe2d74350000572 status:in_progress]
[INFO] 2026/01/27 14:39:13 logger.go:71: 查询批量任务结果：&{ID: Object: Endpoint: InputFileID:file_2601271437273433781560518 CompletionWindow: Status:in_progress OutputFileID: ErrorFileID:<nil> CreatedAt:0 InProgressAt:0 ExpiresAt:0 FinalizingAt:0 CompletedAt:0 FailedAt:0 CancelledAt:0 RequestCounts:{Total:0 Completed:0 Failed:0} Metadata:map[] BatchID:batch_2601271437302283550339637 TotalCount:50 CompletedCount:20 FailedCount:0}
[INFO] 2026/01/27 14:39:15 logger.go:71: 查询批量任务结果：map[cancelled_at:<nil> cancelling_at:<nil> completed_at:<nil> completion_window:24h created_at:1.769524649e+09 endpoint:/v1/chat/completions errors:<nil> expired_at:1.769611049e+09 expires_at:1.769611049e+09 failed_at:<nil> finalizing_at:<nil> id:batch_2601271437295182036360521 in_process_at:1.769524649e+09 input_file_id:file_2601271437265181433960510 object:spark output_file_id: request_counts:map[completed:26 failed:0 total:50] sid:bat000ded30@dx19bfe2d7c670000572 status:in_progress]
[INFO] 2026/01/27 14:39:15 logger.go:71: 查询批量任务结果：&{ID: Object: Endpoint: InputFileID:file_2601271437265181433960510 CompletionWindow: Status:in_progress OutputFileID: ErrorFileID:<nil> CreatedAt:0 InProgressAt:0 ExpiresAt:0 FinalizingAt:0 CompletedAt:0 FailedAt:0 CancelledAt:0 RequestCounts:{Total:0 Completed:0 Failed:0} Metadata:map[] BatchID:batch_2601271437295182036360521 TotalCount:50 CompletedCount:26 FailedCount:0}
[INFO] 2026/01/27 14:39:15 logger.go:71: 查询批量任务结果：map[cancelled_at:<nil> cancelling_at:<nil> completed_at:<nil> completion_window:24h created_at:1.769524649e+09 endpoint:/v1/chat/completions errors:<nil> expired_at:1.769611049e+09 expires_at:1.769611049e+09 failed_at:<nil> finalizing_at:<nil> id:batch_2601271437296035759860523 in_process_at:1.769524649e+09 input_file_id:file_2601271437266136083639622 object:spark output_file_id: request_counts:map[completed:27 failed:0 total:50] sid:bat000d9b96@dx19bfe2d7cc90000572 status:in_progress]
[INFO] 2026/01/27 14:39:15 logger.go:71: 查询批量任务结果：&{ID: Object: Endpoint: InputFileID:file_2601271437266136083639622 CompletionWindow: Status:in_progress OutputFileID: ErrorFileID:<nil> CreatedAt:0 InProgressAt:0 ExpiresAt:0 FinalizingAt:0 CompletedAt:0 FailedAt:0 CancelledAt:0 RequestCounts:{Total:0 Completed:0 Failed:0} Metadata:map[] BatchID:batch_2601271437296035759860523 TotalCount:50 CompletedCount:27 FailedCount:0}
[INFO] 2026/01/27 14:39:15 logger.go:71: 查询批量任务结果：map[cancelled_at:<nil> cancelling_at:<nil> completed_at:<nil> completion_window:24h created_at:1.769524649e+09 endpoint:/v1/chat/completions errors:<nil> expired_at:1.769611049e+09 expires_at:1.769611049e+09 failed_at:<nil> finalizing_at:<nil> id:batch_2601271437296801125960525 in_process_at:1.769524649e+09 input_file_id:file_2601271437267207140660512 object:spark output_file_id: request_counts:map[completed:30 failed:0 total:50] sid:bat000ded31@dx19bfe2d7d140000572 status:in_progress]
[INFO] 2026/01/27 14:39:15 logger.go:71: 查询批量任务结果：&{ID: Object: Endpoint: InputFileID:file_2601271437267207140660512 CompletionWindow: Status:in_progress OutputFileID: ErrorFileID:<nil> CreatedAt:0 InProgressAt:0 ExpiresAt:0 FinalizingAt:0 CompletedAt:0 FailedAt:0 CancelledAt:0 RequestCounts:{Total:0 Completed:0 Failed:0} Metadata:map[] BatchID:batch_2601271437296801125960525 TotalCount:50 CompletedCount:30 FailedCount:0}
[INFO] 2026/01/27 14:39:15 logger.go:71: 查询批量任务结果：map[cancelled_at:<nil> cancelling_at:<nil> completed_at:<nil> completion_window:24h created_at:1.769524649e+09 endpoint:/v1/chat/completions errors:<nil> expired_at:1.769611049e+09 expires_at:1.769611049e+09 failed_at:<nil> finalizing_at:<nil> id:batch_2601271437297563553539629 in_process_at:1.769524649e+09 input_file_id:file_2601271437268218054539624 object:spark output_file_id: request_counts:map[completed:28 failed:0 total:50] sid:bat000d9b98@dx19bfe2d7d560000572 status:in_progress]
[INFO] 2026/01/27 14:39:15 logger.go:71: 查询批量任务结果：&{ID: Object: Endpoint: InputFileID:file_2601271437268218054539624 CompletionWindow: Status:in_progress OutputFileID: ErrorFileID:<nil> CreatedAt:0 InProgressAt:0 ExpiresAt:0 FinalizingAt:0 CompletedAt:0 FailedAt:0 CancelledAt:0 RequestCounts:{Total:0 Completed:0 Failed:0} Metadata:map[] BatchID:batch_2601271437297563553539629 TotalCount:50 CompletedCount:28 FailedCount:0}
[INFO] 2026/01/27 14:39:15 logger.go:71: 查询批量任务结果：map[cancelled_at:<nil> cancelling_at:<nil> completed_at:<nil> completion_window:24h created_at:1.769524649e+09 endpoint:/v1/chat/completions errors:<nil> expired_at:1.769611049e+09 expires_at:1.769611049e+09 failed_at:<nil> finalizing_at:<nil> id:batch_2601271437298336628039631 in_process_at:1.769524649e+09 input_file_id:file_2601271437269237987139626 object:spark output_file_id: request_counts:map[completed:28 failed:0 total:50] sid:bat000d9b9a@dx19bfe2d7d960000572 status:in_progress]
[INFO] 2026/01/27 14:39:15 logger.go:71: 查询批量任务结果：&{ID: Object: Endpoint: InputFileID:file_2601271437269237987139626 CompletionWindow: Status:in_progress OutputFileID: ErrorFileID:<nil> CreatedAt:0 InProgressAt:0 ExpiresAt:0 FinalizingAt:0 CompletedAt:0 FailedAt:0 CancelledAt:0 RequestCounts:{Total:0 Completed:0 Failed:0} Metadata:map[] BatchID:batch_2601271437298336628039631 TotalCount:50 CompletedCount:28 FailedCount:0}
[INFO] 2026/01/27 14:39:15 logger.go:71: 查询批量任务结果：map[cancelled_at:<nil> cancelling_at:<nil> completed_at:<nil> completion_window:24h created_at:1.769524649e+09 endpoint:/v1/chat/completions errors:<nil> expired_at:1.769611049e+09 expires_at:1.769611049e+09 failed_at:<nil> finalizing_at:<nil> id:batch_2601271437299793491460527 in_process_at:1.769524649e+09 input_file_id:file_2601271437270362743539628 object:spark output_file_id: request_counts:map[completed:24 failed:0 total:50] sid:bat000ded32@dx19bfe2d7dcf0000572 status:in_progress]
[INFO] 2026/01/27 14:39:15 logger.go:71: 查询批量任务结果：&{ID: Object: Endpoint: InputFileID:file_2601271437270362743539628 CompletionWindow: Status:in_progress OutputFileID: ErrorFileID:<nil> CreatedAt:0 InProgressAt:0 ExpiresAt:0 FinalizingAt:0 CompletedAt:0 FailedAt:0 CancelledAt:0 RequestCounts:{Total:0 Completed:0 Failed:0} Metadata:map[] BatchID:batch_2601271437299793491460527 TotalCount:50 CompletedCount:24 FailedCount:0}
[INFO] 2026/01/27 14:39:15 logger.go:71: 查询批量任务结果：map[cancelled_at:<nil> cancelling_at:<nil> completed_at:<nil> completion_window:24h created_at:1.76952465e+09 endpoint:/v1/chat/completions errors:<nil> expired_at:1.76961105e+09 expires_at:1.76961105e+09 failed_at:<nil> finalizing_at:<nil> id:batch_2601271437300616387039633 in_process_at:1.76952465e+09 input_file_id:file_2601271437271321801860514 object:spark output_file_id: request_counts:map[completed:26 failed:0 total:50] sid:bat000d9b9b@dx19bfe2d7e1c0000572 status:in_progress]
[INFO] 2026/01/27 14:39:15 logger.go:71: 查询批量任务结果：&{ID: Object: Endpoint: InputFileID:file_2601271437271321801860514 CompletionWindow: Status:in_progress OutputFileID: ErrorFileID:<nil> CreatedAt:0 InProgressAt:0 ExpiresAt:0 FinalizingAt:0 CompletedAt:0 FailedAt:0 CancelledAt:0 RequestCounts:{Total:0 Completed:0 Failed:0} Metadata:map[] BatchID:batch_2601271437300616387039633 TotalCount:50 CompletedCount:26 FailedCount:0}
[INFO] 2026/01/27 14:39:15 logger.go:71: 查询批量任务结果：map[cancelled_at:<nil> cancelling_at:<nil> completed_at:<nil> completion_window:24h created_at:1.76952465e+09 endpoint:/v1/chat/completions errors:<nil> expired_at:1.76961105e+09 expires_at:1.76961105e+09 failed_at:<nil> finalizing_at:<nil> id:batch_2601271437301485741539635 in_process_at:1.76952465e+09 input_file_id:file_2601271437272346589160516 object:spark output_file_id: request_counts:map[completed:29 failed:0 total:50] sid:bat000ded33@dx19bfe2d7e5c0000572 status:in_progress]
[INFO] 2026/01/27 14:39:15 logger.go:71: 查询批量任务结果：&{ID: Object: Endpoint: InputFileID:file_2601271437272346589160516 CompletionWindow: Status:in_progress OutputFileID: ErrorFileID:<nil> CreatedAt:0 InProgressAt:0 ExpiresAt:0 FinalizingAt:0 CompletedAt:0 FailedAt:0 CancelledAt:0 RequestCounts:{Total:0 Completed:0 Failed:0} Metadata:map[] BatchID:batch_2601271437301485741539635 TotalCount:50 CompletedCount:29 FailedCount:0}
[INFO] 2026/01/27 14:39:15 logger.go:71: 查询批量任务结果：map[cancelled_at:<nil> cancelling_at:<nil> completed_at:<nil> completion_window:24h created_at:1.76952465e+09 endpoint:/v1/chat/completions errors:<nil> expired_at:1.76961105e+09 expires_at:1.76961105e+09 failed_at:<nil> finalizing_at:<nil> id:batch_2601271437302283550339637 in_process_at:1.76952465e+09 input_file_id:file_2601271437273433781560518 object:spark output_file_id: request_counts:map[completed:20 failed:0 total:50] sid:bat000ded34@dx19bfe2d7eaf0000572 status:in_progress]
[INFO] 2026/01/27 14:39:15 logger.go:71: 查询批量任务结果：&{ID: Object: Endpoint: InputFileID:file_2601271437273433781560518 CompletionWindow: Status:in_progress OutputFileID: ErrorFileID:<nil> CreatedAt:0 InProgressAt:0 ExpiresAt:0 FinalizingAt:0 CompletedAt:0 FailedAt:0 CancelledAt:0 RequestCounts:{Total:0 Completed:0 Failed:0} Metadata:map[] BatchID:batch_2601271437302283550339637 TotalCount:50 CompletedCount:20 FailedCount:0}
[INFO] 2026/01/27 14:39:18 logger.go:71: 查询批量任务结果：map[cancelled_at:<nil> cancelling_at:<nil> completed_at:<nil> completion_window:24h created_at:1.769524649e+09 endpoint:/v1/chat/completions errors:<nil> expired_at:1.769611049e+09 expires_at:1.769611049e+09 failed_at:<nil> finalizing_at:<nil> id:batch_2601271437295182036360521 in_process_at:1.769524649e+09 input_file_id:file_2601271437265181433960510 object:spark output_file_id: request_counts:map[completed:27 failed:0 total:50] sid:bat000ded37@dx19bfe2d86d00000572 status:in_progress]
[INFO] 2026/01/27 14:39:18 logger.go:71: 查询批量任务结果：&{ID: Object: Endpoint: InputFileID:file_2601271437265181433960510 CompletionWindow: Status:in_progress OutputFileID: ErrorFileID:<nil> CreatedAt:0 InProgressAt:0 ExpiresAt:0 FinalizingAt:0 CompletedAt:0 FailedAt:0 CancelledAt:0 RequestCounts:{Total:0 Completed:0 Failed:0} Metadata:map[] BatchID:batch_2601271437295182036360521 TotalCount:50 CompletedCount:27 FailedCount:0}
[INFO] 2026/01/27 14:39:18 logger.go:71: 查询批量任务结果：map[cancelled_at:<nil> cancelling_at:<nil> completed_at:<nil> completion_window:24h created_at:1.769524649e+09 endpoint:/v1/chat/completions errors:<nil> expired_at:1.769611049e+09 expires_at:1.769611049e+09 failed_at:<nil> finalizing_at:<nil> id:batch_2601271437296035759860523 in_process_at:1.769524649e+09 input_file_id:file_2601271437266136083639622 object:spark output_file_id: request_counts:map[completed:27 failed:0 total:50] sid:bat000ded38@dx19bfe2d87160000572 status:in_progress]
[INFO] 2026/01/27 14:39:18 logger.go:71: 查询批量任务结果：&{ID: Object: Endpoint: InputFileID:file_2601271437266136083639622 CompletionWindow: Status:in_progress OutputFileID: ErrorFileID:<nil> CreatedAt:0 InProgressAt:0 ExpiresAt:0 FinalizingAt:0 CompletedAt:0 FailedAt:0 CancelledAt:0 RequestCounts:{Total:0 Completed:0 Failed:0} Metadata:map[] BatchID:batch_2601271437296035759860523 TotalCount:50 CompletedCount:27 FailedCount:0}
[INFO] 2026/01/27 14:39:18 logger.go:71: 查询批量任务结果：map[cancelled_at:<nil> cancelling_at:<nil> completed_at:<nil> completion_window:24h created_at:1.769524649e+09 endpoint:/v1/chat/completions errors:<nil> expired_at:1.769611049e+09 expires_at:1.769611049e+09 failed_at:<nil> finalizing_at:<nil> id:batch_2601271437296801125960525 in_process_at:1.769524649e+09 input_file_id:file_2601271437267207140660512 object:spark output_file_id: request_counts:map[completed:30 failed:0 total:50] sid:bat000d9b9c@dx19bfe2d875d0000572 status:in_progress]
[INFO] 2026/01/27 14:39:18 logger.go:71: 查询批量任务结果：&{ID: Object: Endpoint: InputFileID:file_2601271437267207140660512 CompletionWindow: Status:in_progress OutputFileID: ErrorFileID:<nil> CreatedAt:0 InProgressAt:0 ExpiresAt:0 FinalizingAt:0 CompletedAt:0 FailedAt:0 CancelledAt:0 RequestCounts:{Total:0 Completed:0 Failed:0} Metadata:map[] BatchID:batch_2601271437296801125960525 TotalCount:50 CompletedCount:30 FailedCount:0}
[INFO] 2026/01/27 14:39:18 logger.go:71: 查询批量任务结果：map[cancelled_at:<nil> cancelling_at:<nil> completed_at:<nil> completion_window:24h created_at:1.769524649e+09 endpoint:/v1/chat/completions errors:<nil> expired_at:1.769611049e+09 expires_at:1.769611049e+09 failed_at:<nil> finalizing_at:<nil> id:batch_2601271437297563553539629 in_process_at:1.769524649e+09 input_file_id:file_2601271437268218054539624 object:spark output_file_id: request_counts:map[completed:28 failed:0 total:50] sid:bat000d9b9d@dx19bfe2d87da0000572 status:in_progress]
[INFO] 2026/01/27 14:39:18 logger.go:71: 查询批量任务结果：&{ID: Object: Endpoint: InputFileID:file_2601271437268218054539624 CompletionWindow: Status:in_progress OutputFileID: ErrorFileID:<nil> CreatedAt:0 InProgressAt:0 ExpiresAt:0 FinalizingAt:0 CompletedAt:0 FailedAt:0 CancelledAt:0 RequestCounts:{Total:0 Completed:0 Failed:0} Metadata:map[] BatchID:batch_2601271437297563553539629 TotalCount:50 CompletedCount:28 FailedCount:0}
[INFO] 2026/01/27 14:39:18 logger.go:71: 查询批量任务结果：map[cancelled_at:<nil> cancelling_at:<nil> completed_at:<nil> completion_window:24h created_at:1.769524649e+09 endpoint:/v1/chat/completions errors:<nil> expired_at:1.769611049e+09 expires_at:1.769611049e+09 failed_at:<nil> finalizing_at:<nil> id:batch_2601271437298336628039631 in_process_at:1.769524649e+09 input_file_id:file_2601271437269237987139626 object:spark output_file_id: request_counts:map[completed:28 failed:0 total:50] sid:bat000d9b9e@dx19bfe2d881a0000572 status:in_progress]
[INFO] 2026/01/27 14:39:18 logger.go:71: 查询批量任务结果：&{ID: Object: Endpoint: InputFileID:file_2601271437269237987139626 CompletionWindow: Status:in_progress OutputFileID: ErrorFileID:<nil> CreatedAt:0 InProgressAt:0 ExpiresAt:0 FinalizingAt:0 CompletedAt:0 FailedAt:0 CancelledAt:0 RequestCounts:{Total:0 Completed:0 Failed:0} Metadata:map[] BatchID:batch_2601271437298336628039631 TotalCount:50 CompletedCount:28 FailedCount:0}
[INFO] 2026/01/27 14:39:18 logger.go:71: 查询批量任务结果：map[cancelled_at:<nil> cancelling_at:<nil> completed_at:<nil> completion_window:24h created_at:1.769524649e+09 endpoint:/v1/chat/completions errors:<nil> expired_at:1.769611049e+09 expires_at:1.769611049e+09 failed_at:<nil> finalizing_at:<nil> id:batch_2601271437299793491460527 in_process_at:1.769524649e+09 input_file_id:file_2601271437270362743539628 object:spark output_file_id: request_counts:map[completed:24 failed:0 total:50] sid:bat000ded39@dx19bfe2d88710000572 status:in_progress]
[INFO] 2026/01/27 14:39:18 logger.go:71: 查询批量任务结果：&{ID: Object: Endpoint: InputFileID:file_2601271437270362743539628 CompletionWindow: Status:in_progress OutputFileID: ErrorFileID:<nil> CreatedAt:0 InProgressAt:0 ExpiresAt:0 FinalizingAt:0 CompletedAt:0 FailedAt:0 CancelledAt:0 RequestCounts:{Total:0 Completed:0 Failed:0} Metadata:map[] BatchID:batch_2601271437299793491460527 TotalCount:50 CompletedCount:24 FailedCount:0}
[INFO] 2026/01/27 14:39:18 logger.go:71: 查询批量任务结果：map[cancelled_at:<nil> cancelling_at:<nil> completed_at:<nil> completion_window:24h created_at:1.76952465e+09 endpoint:/v1/chat/completions errors:<nil> expired_at:1.76961105e+09 expires_at:1.76961105e+09 failed_at:<nil> finalizing_at:<nil> id:batch_2601271437300616387039633 in_process_at:1.76952465e+09 input_file_id:file_2601271437271321801860514 object:spark output_file_id: request_counts:map[completed:26 failed:0 total:50] sid:bat000ded3a@dx19bfe2d88b40000572 status:in_progress]
[INFO] 2026/01/27 14:39:18 logger.go:71: 查询批量任务结果：&{ID: Object: Endpoint: InputFileID:file_2601271437271321801860514 CompletionWindow: Status:in_progress OutputFileID: ErrorFileID:<nil> CreatedAt:0 InProgressAt:0 ExpiresAt:0 FinalizingAt:0 CompletedAt:0 FailedAt:0 CancelledAt:0 RequestCounts:{Total:0 Completed:0 Failed:0} Metadata:map[] BatchID:batch_2601271437300616387039633 TotalCount:50 CompletedCount:26 FailedCount:0}
[INFO] 2026/01/27 14:39:18 logger.go:71: 查询批量任务结果：map[cancelled_at:<nil> cancelling_at:<nil> completed_at:<nil> completion_window:24h created_at:1.76952465e+09 endpoint:/v1/chat/completions errors:<nil> expired_at:1.76961105e+09 expires_at:1.76961105e+09 failed_at:<nil> finalizing_at:<nil> id:batch_2601271437301485741539635 in_process_at:1.76952465e+09 input_file_id:file_2601271437272346589160516 object:spark output_file_id: request_counts:map[completed:29 failed:0 total:50] sid:bat000d9b9f@dx19bfe2d89010000572 status:in_progress]
[INFO] 2026/01/27 14:39:18 logger.go:71: 查询批量任务结果：&{ID: Object: Endpoint: InputFileID:file_2601271437272346589160516 CompletionWindow: Status:in_progress OutputFileID: ErrorFileID:<nil> CreatedAt:0 InProgressAt:0 ExpiresAt:0 FinalizingAt:0 CompletedAt:0 FailedAt:0 CancelledAt:0 RequestCounts:{Total:0 Completed:0 Failed:0} Metadata:map[] BatchID:batch_2601271437301485741539635 TotalCount:50 CompletedCount:29 FailedCount:0}
[INFO] 2026/01/27 14:39:18 logger.go:71: 查询批量任务结果：map[cancelled_at:<nil> cancelling_at:<nil> completed_at:<nil> completion_window:24h created_at:1.76952465e+09 endpoint:/v1/chat/completions errors:<nil> expired_at:1.76961105e+09 expires_at:1.76961105e+09 failed_at:<nil> finalizing_at:<nil> id:batch_2601271437302283550339637 in_process_at:1.76952465e+09 input_file_id:file_2601271437273433781560518 object:spark output_file_id: request_counts:map[completed:20 failed:0 total:50] sid:bat000d9ba0@dx19bfe2d895c0000572 status:in_progress]
[INFO] 2026/01/27 14:39:18 logger.go:71: 查询批量任务结果：&{ID: Object: Endpoint: InputFileID:file_2601271437273433781560518 CompletionWindow: Status:in_progress OutputFileID: ErrorFileID:<nil> CreatedAt:0 InProgressAt:0 ExpiresAt:0 FinalizingAt:0 CompletedAt:0 FailedAt:0 CancelledAt:0 RequestCounts:{Total:0 Completed:0 Failed:0} Metadata:map[] BatchID:batch_2601271437302283550339637 TotalCount:50 CompletedCount:20 FailedCount:0}
[INFO] 2026/01/27 14:39:20 logger.go:71: 查询批量任务结果：map[cancelled_at:<nil> cancelling_at:<nil> completed_at:<nil> completion_window:24h created_at:1.769524649e+09 endpoint:/v1/chat/completions errors:<nil> expired_at:1.769611049e+09 expires_at:1.769611049e+09 failed_at:<nil> finalizing_at:<nil> id:batch_2601271437295182036360521 in_process_at:1.769524649e+09 input_file_id:file_2601271437265181433960510 object:spark output_file_id: request_counts:map[completed:29 failed:0 total:50] sid:bat000d9ba3@dx19bfe2d91720000572 status:in_progress]
[INFO] 2026/01/27 14:39:20 logger.go:71: 查询批量任务结果：&{ID: Object: Endpoint: InputFileID:file_2601271437265181433960510 CompletionWindow: Status:in_progress OutputFileID: ErrorFileID:<nil> CreatedAt:0 InProgressAt:0 ExpiresAt:0 FinalizingAt:0 CompletedAt:0 FailedAt:0 CancelledAt:0 RequestCounts:{Total:0 Completed:0 Failed:0} Metadata:map[] BatchID:batch_2601271437295182036360521 TotalCount:50 CompletedCount:29 FailedCount:0}
[INFO] 2026/01/27 14:39:20 logger.go:71: 查询批量任务结果：map[cancelled_at:<nil> cancelling_at:<nil> completed_at:<nil> completion_window:24h created_at:1.769524649e+09 endpoint:/v1/chat/completions errors:<nil> expired_at:1.769611049e+09 expires_at:1.769611049e+09 failed_at:<nil> finalizing_at:<nil> id:batch_2601271437296035759860523 in_process_at:1.769524649e+09 input_file_id:file_2601271437266136083639622 object:spark output_file_id: request_counts:map[completed:28 failed:0 total:50] sid:bat000d9ba4@dx19bfe2d91d10000572 status:in_progress]
[INFO] 2026/01/27 14:39:20 logger.go:71: 查询批量任务结果：&{ID: Object: Endpoint: InputFileID:file_2601271437266136083639622 CompletionWindow: Status:in_progress OutputFileID: ErrorFileID:<nil> CreatedAt:0 InProgressAt:0 ExpiresAt:0 FinalizingAt:0 CompletedAt:0 FailedAt:0 CancelledAt:0 RequestCounts:{Total:0 Completed:0 Failed:0} Metadata:map[] BatchID:batch_2601271437296035759860523 TotalCount:50 CompletedCount:28 FailedCount:0}
[INFO] 2026/01/27 14:39:20 logger.go:71: 查询批量任务结果：map[cancelled_at:<nil> cancelling_at:<nil> completed_at:<nil> completion_window:24h created_at:1.769524649e+09 endpoint:/v1/chat/completions errors:<nil> expired_at:1.769611049e+09 expires_at:1.769611049e+09 failed_at:<nil> finalizing_at:<nil> id:batch_2601271437296801125960525 in_process_at:1.769524649e+09 input_file_id:file_2601271437267207140660512 object:spark output_file_id: request_counts:map[completed:32 failed:0 total:50] sid:bat000ded3c@dx19bfe2d92140000572 status:in_progress]
[INFO] 2026/01/27 14:39:20 logger.go:71: 查询批量任务结果：&{ID: Object: Endpoint: InputFileID:file_2601271437267207140660512 CompletionWindow: Status:in_progress OutputFileID: ErrorFileID:<nil> CreatedAt:0 InProgressAt:0 ExpiresAt:0 FinalizingAt:0 CompletedAt:0 FailedAt:0 CancelledAt:0 RequestCounts:{Total:0 Completed:0 Failed:0} Metadata:map[] BatchID:batch_2601271437296801125960525 TotalCount:50 CompletedCount:32 FailedCount:0}
[INFO] 2026/01/27 14:39:20 logger.go:71: 查询批量任务结果：map[cancelled_at:<nil> cancelling_at:<nil> completed_at:<nil> completion_window:24h created_at:1.769524649e+09 endpoint:/v1/chat/completions errors:<nil> expired_at:1.769611049e+09 expires_at:1.769611049e+09 failed_at:<nil> finalizing_at:<nil> id:batch_2601271437297563553539629 in_process_at:1.769524649e+09 input_file_id:file_2601271437268218054539624 object:spark output_file_id: request_counts:map[completed:30 failed:0 total:50] sid:bat000ded3d@dx19bfe2d92590000572 status:in_progress]
[INFO] 2026/01/27 14:39:20 logger.go:71: 查询批量任务结果：&{ID: Object: Endpoint: InputFileID:file_2601271437268218054539624 CompletionWindow: Status:in_progress OutputFileID: ErrorFileID:<nil> CreatedAt:0 InProgressAt:0 ExpiresAt:0 FinalizingAt:0 CompletedAt:0 FailedAt:0 CancelledAt:0 RequestCounts:{Total:0 Completed:0 Failed:0} Metadata:map[] BatchID:batch_2601271437297563553539629 TotalCount:50 CompletedCount:30 FailedCount:0}
[INFO] 2026/01/27 14:39:21 logger.go:71: 查询批量任务结果：map[cancelled_at:<nil> cancelling_at:<nil> completed_at:<nil> completion_window:24h created_at:1.769524649e+09 endpoint:/v1/chat/completions errors:<nil> expired_at:1.769611049e+09 expires_at:1.769611049e+09 failed_at:<nil> finalizing_at:<nil> id:batch_2601271437298336628039631 in_process_at:1.769524649e+09 input_file_id:file_2601271437269237987139626 object:spark output_file_id: request_counts:map[completed:31 failed:0 total:50] sid:bat000ded3e@dx19bfe2d92b00000572 status:in_progress]
[INFO] 2026/01/27 14:39:21 logger.go:71: 查询批量任务结果：&{ID: Object: Endpoint: InputFileID:file_2601271437269237987139626 CompletionWindow: Status:in_progress OutputFileID: ErrorFileID:<nil> CreatedAt:0 InProgressAt:0 ExpiresAt:0 FinalizingAt:0 CompletedAt:0 FailedAt:0 CancelledAt:0 RequestCounts:{Total:0 Completed:0 Failed:0} Metadata:map[] BatchID:batch_2601271437298336628039631 TotalCount:50 CompletedCount:31 FailedCount:0}
[INFO] 2026/01/27 14:39:21 logger.go:71: 查询批量任务结果：map[cancelled_at:<nil> cancelling_at:<nil> completed_at:<nil> completion_window:24h created_at:1.769524649e+09 endpoint:/v1/chat/completions errors:<nil> expired_at:1.769611049e+09 expires_at:1.769611049e+09 failed_at:<nil> finalizing_at:<nil> id:batch_2601271437299793491460527 in_process_at:1.769524649e+09 input_file_id:file_2601271437270362743539628 object:spark output_file_id: request_counts:map[completed:26 failed:0 total:50] sid:bat000d9ba5@dx19bfe2d92fe0000572 status:in_progress]
[INFO] 2026/01/27 14:39:21 logger.go:71: 查询批量任务结果：&{ID: Object: Endpoint: InputFileID:file_2601271437270362743539628 CompletionWindow: Status:in_progress OutputFileID: ErrorFileID:<nil> CreatedAt:0 InProgressAt:0 ExpiresAt:0 FinalizingAt:0 CompletedAt:0 FailedAt:0 CancelledAt:0 RequestCounts:{Total:0 Completed:0 Failed:0} Metadata:map[] BatchID:batch_2601271437299793491460527 TotalCount:50 CompletedCount:26 FailedCount:0}
[INFO] 2026/01/27 14:39:21 logger.go:71: 查询批量任务结果：map[cancelled_at:<nil> cancelling_at:<nil> completed_at:<nil> completion_window:24h created_at:1.76952465e+09 endpoint:/v1/chat/completions errors:<nil> expired_at:1.76961105e+09 expires_at:1.76961105e+09 failed_at:<nil> finalizing_at:<nil> id:batch_2601271437300616387039633 in_process_at:1.76952465e+09 input_file_id:file_2601271437271321801860514 object:spark output_file_id: request_counts:map[completed:28 failed:0 total:50] sid:bat000d9ba6@dx19bfe2d93460000572 status:in_progress]
[INFO] 2026/01/27 14:39:21 logger.go:71: 查询批量任务结果：&{ID: Object: Endpoint: InputFileID:file_2601271437271321801860514 CompletionWindow: Status:in_progress OutputFileID: ErrorFileID:<nil> CreatedAt:0 InProgressAt:0 ExpiresAt:0 FinalizingAt:0 CompletedAt:0 FailedAt:0 CancelledAt:0 RequestCounts:{Total:0 Completed:0 Failed:0} Metadata:map[] BatchID:batch_2601271437300616387039633 TotalCount:50 CompletedCount:28 FailedCount:0}
[INFO] 2026/01/27 14:39:21 logger.go:71: 查询批量任务结果：map[cancelled_at:<nil> cancelling_at:<nil> completed_at:<nil> completion_window:24h created_at:1.76952465e+09 endpoint:/v1/chat/completions errors:<nil> expired_at:1.76961105e+09 expires_at:1.76961105e+09 failed_at:<nil> finalizing_at:<nil> id:batch_2601271437301485741539635 in_process_at:1.76952465e+09 input_file_id:file_2601271437272346589160516 object:spark output_file_id: request_counts:map[completed:30 failed:0 total:50] sid:bat000ded3f@dx19bfe2d93890000572 status:in_progress]
[INFO] 2026/01/27 14:39:21 logger.go:71: 查询批量任务结果：&{ID: Object: Endpoint: InputFileID:file_2601271437272346589160516 CompletionWindow: Status:in_progress OutputFileID: ErrorFileID:<nil> CreatedAt:0 InProgressAt:0 ExpiresAt:0 FinalizingAt:0 CompletedAt:0 FailedAt:0 CancelledAt:0 RequestCounts:{Total:0 Completed:0 Failed:0} Metadata:map[] BatchID:batch_2601271437301485741539635 TotalCount:50 CompletedCount:30 FailedCount:0}
[INFO] 2026/01/27 14:39:21 logger.go:71: 查询批量任务结果：map[cancelled_at:<nil> cancelling_at:<nil> completed_at:<nil> completion_window:24h created_at:1.76952465e+09 endpoint:/v1/chat/completions errors:<nil> expired_at:1.76961105e+09 expires_at:1.76961105e+09 failed_at:<nil> finalizing_at:<nil> id:batch_2601271437302283550339637 in_process_at:1.76952465e+09 input_file_id:file_2601271437273433781560518 object:spark output_file_id: request_counts:map[completed:20 failed:0 total:50] sid:bat000ded40@dx19bfe2d93cb0000572 status:in_progress]
[INFO] 2026/01/27 14:39:21 logger.go:71: 查询批量任务结果：&{ID: Object: Endpoint: InputFileID:file_2601271437273433781560518 CompletionWindow: Status:in_progress OutputFileID: ErrorFileID:<nil> CreatedAt:0 InProgressAt:0 ExpiresAt:0 FinalizingAt:0 CompletedAt:0 FailedAt:0 CancelledAt:0 RequestCounts:{Total:0 Completed:0 Failed:0} Metadata:map[] BatchID:batch_2601271437302283550339637 TotalCount:50 CompletedCount:20 FailedCount:0}
[INFO] 2026/01/27 14:39:23 logger.go:71: 查询批量任务结果：map[cancelled_at:<nil> cancelling_at:<nil> completed_at:<nil> completion_window:24h created_at:1.769524649e+09 endpoint:/v1/chat/completions errors:<nil> expired_at:1.769611049e+09 expires_at:1.769611049e+09 failed_at:<nil> finalizing_at:<nil> id:batch_2601271437295182036360521 in_process_at:1.769524649e+09 input_file_id:file_2601271437265181433960510 object:spark output_file_id: request_counts:map[completed:31 failed:0 total:50] sid:bat000ded41@dx19bfe2d9bee0000572 status:in_progress]
[INFO] 2026/01/27 14:39:23 logger.go:71: 查询批量任务结果：&{ID: Object: Endpoint: InputFileID:file_2601271437265181433960510 CompletionWindow: Status:in_progress OutputFileID: ErrorFileID:<nil> CreatedAt:0 InProgressAt:0 ExpiresAt:0 FinalizingAt:0 CompletedAt:0 FailedAt:0 CancelledAt:0 RequestCounts:{Total:0 Completed:0 Failed:0} Metadata:map[] BatchID:batch_2601271437295182036360521 TotalCount:50 CompletedCount:31 FailedCount:0}
[INFO] 2026/01/27 14:39:23 logger.go:71: 查询批量任务结果：map[cancelled_at:<nil> cancelling_at:<nil> completed_at:<nil> completion_window:24h created_at:1.769524649e+09 endpoint:/v1/chat/completions errors:<nil> expired_at:1.769611049e+09 expires_at:1.769611049e+09 failed_at:<nil> finalizing_at:<nil> id:batch_2601271437296035759860523 in_process_at:1.769524649e+09 input_file_id:file_2601271437266136083639622 object:spark output_file_id: request_counts:map[completed:30 failed:0 total:50] sid:bat000ded42@dx19bfe2d9c470000572 status:in_progress]
[INFO] 2026/01/27 14:39:23 logger.go:71: 查询批量任务结果：&{ID: Object: Endpoint: InputFileID:file_2601271437266136083639622 CompletionWindow: Status:in_progress OutputFileID: ErrorFileID:<nil> CreatedAt:0 InProgressAt:0 ExpiresAt:0 FinalizingAt:0 CompletedAt:0 FailedAt:0 CancelledAt:0 RequestCounts:{Total:0 Completed:0 Failed:0} Metadata:map[] BatchID:batch_2601271437296035759860523 TotalCount:50 CompletedCount:30 FailedCount:0}
[INFO] 2026/01/27 14:39:23 logger.go:71: 查询批量任务结果：map[cancelled_at:<nil> cancelling_at:<nil> completed_at:<nil> completion_window:24h created_at:1.769524649e+09 endpoint:/v1/chat/completions errors:<nil> expired_at:1.769611049e+09 expires_at:1.769611049e+09 failed_at:<nil> finalizing_at:<nil> id:batch_2601271437296801125960525 in_process_at:1.769524649e+09 input_file_id:file_2601271437267207140660512 object:spark output_file_id: request_counts:map[completed:35 failed:0 total:50] sid:bat000ded43@dx19bfe2d9c890000572 status:in_progress]
[INFO] 2026/01/27 14:39:23 logger.go:71: 查询批量任务结果：&{ID: Object: Endpoint: InputFileID:file_2601271437267207140660512 CompletionWindow: Status:in_progress OutputFileID: ErrorFileID:<nil> CreatedAt:0 InProgressAt:0 ExpiresAt:0 FinalizingAt:0 CompletedAt:0 FailedAt:0 CancelledAt:0 RequestCounts:{Total:0 Completed:0 Failed:0} Metadata:map[] BatchID:batch_2601271437296801125960525 TotalCount:50 CompletedCount:35 FailedCount:0}
[INFO] 2026/01/27 14:39:23 logger.go:71: 查询批量任务结果：map[cancelled_at:<nil> cancelling_at:<nil> completed_at:<nil> completion_window:24h created_at:1.769524649e+09 endpoint:/v1/chat/completions errors:<nil> expired_at:1.769611049e+09 expires_at:1.769611049e+09 failed_at:<nil> finalizing_at:<nil> id:batch_2601271437297563553539629 in_process_at:1.769524649e+09 input_file_id:file_2601271437268218054539624 object:spark output_file_id: request_counts:map[completed:32 failed:0 total:50] sid:bat000d9ba7@dx19bfe2d9cd30000572 status:in_progress]
[INFO] 2026/01/27 14:39:23 logger.go:71: 查询批量任务结果：&{ID: Object: Endpoint: InputFileID:file_2601271437268218054539624 CompletionWindow: Status:in_progress OutputFileID: ErrorFileID:<nil> CreatedAt:0 InProgressAt:0 ExpiresAt:0 FinalizingAt:0 CompletedAt:0 FailedAt:0 CancelledAt:0 RequestCounts:{Total:0 Completed:0 Failed:0} Metadata:map[] BatchID:batch_2601271437297563553539629 TotalCount:50 CompletedCount:32 FailedCount:0}
[INFO] 2026/01/27 14:39:23 logger.go:71: 查询批量任务结果：map[cancelled_at:<nil> cancelling_at:<nil> completed_at:<nil> completion_window:24h created_at:1.769524649e+09 endpoint:/v1/chat/completions errors:<nil> expired_at:1.769611049e+09 expires_at:1.769611049e+09 failed_at:<nil> finalizing_at:<nil> id:batch_2601271437298336628039631 in_process_at:1.769524649e+09 input_file_id:file_2601271437269237987139626 object:spark output_file_id: request_counts:map[completed:32 failed:0 total:50] sid:bat000ded44@dx19bfe2d9d170000572 status:in_progress]
[INFO] 2026/01/27 14:39:23 logger.go:71: 查询批量任务结果：&{ID: Object: Endpoint: InputFileID:file_2601271437269237987139626 CompletionWindow: Status:in_progress OutputFileID: ErrorFileID:<nil> CreatedAt:0 InProgressAt:0 ExpiresAt:0 FinalizingAt:0 CompletedAt:0 FailedAt:0 CancelledAt:0 RequestCounts:{Total:0 Completed:0 Failed:0} Metadata:map[] BatchID:batch_2601271437298336628039631 TotalCount:50 CompletedCount:32 FailedCount:0}
[INFO] 2026/01/27 14:39:23 logger.go:71: 查询批量任务结果：map[cancelled_at:<nil> cancelling_at:<nil> completed_at:<nil> completion_window:24h created_at:1.769524649e+09 endpoint:/v1/chat/completions errors:<nil> expired_at:1.769611049e+09 expires_at:1.769611049e+09 failed_at:<nil> finalizing_at:<nil> id:batch_2601271437299793491460527 in_process_at:1.769524649e+09 input_file_id:file_2601271437270362743539628 object:spark output_file_id: request_counts:map[completed:26 failed:0 total:50] sid:bat000d9ba8@dx19bfe2d9d590000572 status:in_progress]
[INFO] 2026/01/27 14:39:23 logger.go:71: 查询批量任务结果：&{ID: Object: Endpoint: InputFileID:file_2601271437270362743539628 CompletionWindow: Status:in_progress OutputFileID: ErrorFileID:<nil> CreatedAt:0 InProgressAt:0 ExpiresAt:0 FinalizingAt:0 CompletedAt:0 FailedAt:0 CancelledAt:0 RequestCounts:{Total:0 Completed:0 Failed:0} Metadata:map[] BatchID:batch_2601271437299793491460527 TotalCount:50 CompletedCount:26 FailedCount:0}
[INFO] 2026/01/27 14:39:23 logger.go:71: 查询批量任务结果：map[cancelled_at:<nil> cancelling_at:<nil> completed_at:<nil> completion_window:24h created_at:1.76952465e+09 endpoint:/v1/chat/completions errors:<nil> expired_at:1.76961105e+09 expires_at:1.76961105e+09 failed_at:<nil> finalizing_at:<nil> id:batch_2601271437300616387039633 in_process_at:1.76952465e+09 input_file_id:file_2601271437271321801860514 object:spark output_file_id: request_counts:map[completed:30 failed:0 total:50] sid:bat000ded45@dx19bfe2d9e150000572 status:in_progress]
[INFO] 2026/01/27 14:39:23 logger.go:71: 查询批量任务结果：&{ID: Object: Endpoint: InputFileID:file_2601271437271321801860514 CompletionWindow: Status:in_progress OutputFileID: ErrorFileID:<nil> CreatedAt:0 InProgressAt:0 ExpiresAt:0 FinalizingAt:0 CompletedAt:0 FailedAt:0 CancelledAt:0 RequestCounts:{Total:0 Completed:0 Failed:0} Metadata:map[] BatchID:batch_2601271437300616387039633 TotalCount:50 CompletedCount:30 FailedCount:0}
[INFO] 2026/01/27 14:39:24 logger.go:71: 查询批量任务结果：map[cancelled_at:<nil> cancelling_at:<nil> completed_at:<nil> completion_window:24h created_at:1.76952465e+09 endpoint:/v1/chat/completions errors:<nil> expired_at:1.76961105e+09 expires_at:1.76961105e+09 failed_at:<nil> finalizing_at:<nil> id:batch_2601271437301485741539635 in_process_at:1.76952465e+09 input_file_id:file_2601271437272346589160516 object:spark output_file_id: request_counts:map[completed:32 failed:0 total:50] sid:bat000ded46@dx19bfe2d9e5d0000572 status:in_progress]
[INFO] 2026/01/27 14:39:24 logger.go:71: 查询批量任务结果：&{ID: Object: Endpoint: InputFileID:file_2601271437272346589160516 CompletionWindow: Status:in_progress OutputFileID: ErrorFileID:<nil> CreatedAt:0 InProgressAt:0 ExpiresAt:0 FinalizingAt:0 CompletedAt:0 FailedAt:0 CancelledAt:0 RequestCounts:{Total:0 Completed:0 Failed:0} Metadata:map[] BatchID:batch_2601271437301485741539635 TotalCount:50 CompletedCount:32 FailedCount:0}
[INFO] 2026/01/27 14:39:24 logger.go:71: 查询批量任务结果：map[cancelled_at:<nil> cancelling_at:<nil> completed_at:<nil> completion_window:24h created_at:1.76952465e+09 endpoint:/v1/chat/completions errors:<nil> expired_at:1.76961105e+09 expires_at:1.76961105e+09 failed_at:<nil> finalizing_at:<nil> id:batch_2601271437302283550339637 in_process_at:1.76952465e+09 input_file_id:file_2601271437273433781560518 object:spark output_file_id: request_counts:map[completed:21 failed:0 total:50] sid:bat000ded47@dx19bfe2d9ea50000572 status:in_progress]
[INFO] 2026/01/27 14:39:24 logger.go:71: 查询批量任务结果：&{ID: Object: Endpoint: InputFileID:file_2601271437273433781560518 CompletionWindow: Status:in_progress OutputFileID: ErrorFileID:<nil> CreatedAt:0 InProgressAt:0 ExpiresAt:0 FinalizingAt:0 CompletedAt:0 FailedAt:0 CancelledAt:0 RequestCounts:{Total:0 Completed:0 Failed:0} Metadata:map[] BatchID:batch_2601271437302283550339637 TotalCount:50 CompletedCount:21 FailedCount:0}
[INFO] 2026/01/27 14:39:26 logger.go:71: 查询批量任务结果：map[cancelled_at:<nil> cancelling_at:<nil> completed_at:<nil> completion_window:24h created_at:1.769524649e+09 endpoint:/v1/chat/completions errors:<nil> expired_at:1.769611049e+09 expires_at:1.769611049e+09 failed_at:<nil> finalizing_at:<nil> id:batch_2601271437295182036360521 in_process_at:1.769524649e+09 input_file_id:file_2601271437265181433960510 object:spark output_file_id: request_counts:map[completed:32 failed:0 total:50] sid:bat000d9ba9@dx19bfe2da6c40000572 status:in_progress]
[INFO] 2026/01/27 14:39:26 logger.go:71: 查询批量任务结果：&{ID: Object: Endpoint: InputFileID:file_2601271437265181433960510 CompletionWindow: Status:in_progress OutputFileID: ErrorFileID:<nil> CreatedAt:0 InProgressAt:0 ExpiresAt:0 FinalizingAt:0 CompletedAt:0 FailedAt:0 CancelledAt:0 RequestCounts:{Total:0 Completed:0 Failed:0} Metadata:map[] BatchID:batch_2601271437295182036360521 TotalCount:50 CompletedCount:32 FailedCount:0}
[INFO] 2026/01/27 14:39:26 logger.go:71: 查询批量任务结果：map[cancelled_at:<nil> cancelling_at:<nil> completed_at:<nil> completion_window:24h created_at:1.769524649e+09 endpoint:/v1/chat/completions errors:<nil> expired_at:1.769611049e+09 expires_at:1.769611049e+09 failed_at:<nil> finalizing_at:<nil> id:batch_2601271437296035759860523 in_process_at:1.769524649e+09 input_file_id:file_2601271437266136083639622 object:spark output_file_id: request_counts:map[completed:31 failed:0 total:50] sid:bat000d9baa@dx19bfe2da70b0000572 status:in_progress]
[INFO] 2026/01/27 14:39:26 logger.go:71: 查询批量任务结果：&{ID: Object: Endpoint: InputFileID:file_2601271437266136083639622 CompletionWindow: Status:in_progress OutputFileID: ErrorFileID:<nil> CreatedAt:0 InProgressAt:0 ExpiresAt:0 FinalizingAt:0 CompletedAt:0 FailedAt:0 CancelledAt:0 RequestCounts:{Total:0 Completed:0 Failed:0} Metadata:map[] BatchID:batch_2601271437296035759860523 TotalCount:50 CompletedCount:31 FailedCount:0}
[INFO] 2026/01/27 14:39:26 logger.go:71: 查询批量任务结果：map[cancelled_at:<nil> cancelling_at:<nil> completed_at:<nil> completion_window:24h created_at:1.769524649e+09 endpoint:/v1/chat/completions errors:<nil> expired_at:1.769611049e+09 expires_at:1.769611049e+09 failed_at:<nil> finalizing_at:<nil> id:batch_2601271437296801125960525 in_process_at:1.769524649e+09 input_file_id:file_2601271437267207140660512 object:spark output_file_id: request_counts:map[completed:37 failed:0 total:50] sid:bat000d9bab@dx19bfe2da7540000572 status:in_progress]
[INFO] 2026/01/27 14:39:26 logger.go:71: 查询批量任务结果：&{ID: Object: Endpoint: InputFileID:file_2601271437267207140660512 CompletionWindow: Status:in_progress OutputFileID: ErrorFileID:<nil> CreatedAt:0 InProgressAt:0 ExpiresAt:0 FinalizingAt:0 CompletedAt:0 FailedAt:0 CancelledAt:0 RequestCounts:{Total:0 Completed:0 Failed:0} Metadata:map[] BatchID:batch_2601271437296801125960525 TotalCount:50 CompletedCount:37 FailedCount:0}
[INFO] 2026/01/27 14:39:26 logger.go:71: 查询批量任务结果：map[cancelled_at:<nil> cancelling_at:<nil> completed_at:<nil> completion_window:24h created_at:1.769524649e+09 endpoint:/v1/chat/completions errors:<nil> expired_at:1.769611049e+09 expires_at:1.769611049e+09 failed_at:<nil> finalizing_at:<nil> id:batch_2601271437297563553539629 in_process_at:1.769524649e+09 input_file_id:file_2601271437268218054539624 object:spark output_file_id: request_counts:map[completed:35 failed:0 total:50] sid:bat000d9bac@dx19bfe2da79d0000572 status:in_progress]
[INFO] 2026/01/27 14:39:26 logger.go:71: 查询批量任务结果：&{ID: Object: Endpoint: InputFileID:file_2601271437268218054539624 CompletionWindow: Status:in_progress OutputFileID: ErrorFileID:<nil> CreatedAt:0 InProgressAt:0 ExpiresAt:0 FinalizingAt:0 CompletedAt:0 FailedAt:0 CancelledAt:0 RequestCounts:{Total:0 Completed:0 Failed:0} Metadata:map[] BatchID:batch_2601271437297563553539629 TotalCount:50 CompletedCount:35 FailedCount:0}
[INFO] 2026/01/27 14:39:26 logger.go:71: 查询批量任务结果：map[cancelled_at:<nil> cancelling_at:<nil> completed_at:<nil> completion_window:24h created_at:1.769524649e+09 endpoint:/v1/chat/completions errors:<nil> expired_at:1.769611049e+09 expires_at:1.769611049e+09 failed_at:<nil> finalizing_at:<nil> id:batch_2601271437298336628039631 in_process_at:1.769524649e+09 input_file_id:file_2601271437269237987139626 object:spark output_file_id: request_counts:map[completed:33 failed:0 total:50] sid:bat000ded48@dx19bfe2da7e40000572 status:in_progress]
[INFO] 2026/01/27 14:39:26 logger.go:71: 查询批量任务结果：&{ID: Object: Endpoint: InputFileID:file_2601271437269237987139626 CompletionWindow: Status:in_progress OutputFileID: ErrorFileID:<nil> CreatedAt:0 InProgressAt:0 ExpiresAt:0 FinalizingAt:0 CompletedAt:0 FailedAt:0 CancelledAt:0 RequestCounts:{Total:0 Completed:0 Failed:0} Metadata:map[] BatchID:batch_2601271437298336628039631 TotalCount:50 CompletedCount:33 FailedCount:0}
[INFO] 2026/01/27 14:39:26 logger.go:71: 查询批量任务结果：map[cancelled_at:<nil> cancelling_at:<nil> completed_at:<nil> completion_window:24h created_at:1.769524649e+09 endpoint:/v1/chat/completions errors:<nil> expired_at:1.769611049e+09 expires_at:1.769611049e+09 failed_at:<nil> finalizing_at:<nil> id:batch_2601271437299793491460527 in_process_at:1.769524649e+09 input_file_id:file_2601271437270362743539628 object:spark output_file_id: request_counts:map[completed:28 failed:0 total:50] sid:bat000d9bad@dx19bfe2da8250000572 status:in_progress]
[INFO] 2026/01/27 14:39:26 logger.go:71: 查询批量任务结果：&{ID: Object: Endpoint: InputFileID:file_2601271437270362743539628 CompletionWindow: Status:in_progress OutputFileID: ErrorFileID:<nil> CreatedAt:0 InProgressAt:0 ExpiresAt:0 FinalizingAt:0 CompletedAt:0 FailedAt:0 CancelledAt:0 RequestCounts:{Total:0 Completed:0 Failed:0} Metadata:map[] BatchID:batch_2601271437299793491460527 TotalCount:50 CompletedCount:28 FailedCount:0}
[INFO] 2026/01/27 14:39:26 logger.go:71: 查询批量任务结果：map[cancelled_at:<nil> cancelling_at:<nil> completed_at:<nil> completion_window:24h created_at:1.76952465e+09 endpoint:/v1/chat/completions errors:<nil> expired_at:1.76961105e+09 expires_at:1.76961105e+09 failed_at:<nil> finalizing_at:<nil> id:batch_2601271437300616387039633 in_process_at:1.76952465e+09 input_file_id:file_2601271437271321801860514 object:spark output_file_id: request_counts:map[completed:32 failed:0 total:50] sid:bat000d9bae@dx19bfe2da8670000572 status:in_progress]
[INFO] 2026/01/27 14:39:26 logger.go:71: 查询批量任务结果：&{ID: Object: Endpoint: InputFileID:file_2601271437271321801860514 CompletionWindow: Status:in_progress OutputFileID: ErrorFileID:<nil> CreatedAt:0 InProgressAt:0 ExpiresAt:0 FinalizingAt:0 CompletedAt:0 FailedAt:0 CancelledAt:0 RequestCounts:{Total:0 Completed:0 Failed:0} Metadata:map[] BatchID:batch_2601271437300616387039633 TotalCount:50 CompletedCount:32 FailedCount:0}
[INFO] 2026/01/27 14:39:26 logger.go:71: 查询批量任务结果：map[cancelled_at:<nil> cancelling_at:<nil> completed_at:<nil> completion_window:24h created_at:1.76952465e+09 endpoint:/v1/chat/completions errors:<nil> expired_at:1.76961105e+09 expires_at:1.76961105e+09 failed_at:<nil> finalizing_at:<nil> id:batch_2601271437301485741539635 in_process_at:1.76952465e+09 input_file_id:file_2601271437272346589160516 object:spark output_file_id: request_counts:map[completed:33 failed:0 total:50] sid:bat000ded49@dx19bfe2da8ef0000572 status:in_progress]
[INFO] 2026/01/27 14:39:26 logger.go:71: 查询批量任务结果：&{ID: Object: Endpoint: InputFileID:file_2601271437272346589160516 CompletionWindow: Status:in_progress OutputFileID: ErrorFileID:<nil> CreatedAt:0 InProgressAt:0 ExpiresAt:0 FinalizingAt:0 CompletedAt:0 FailedAt:0 CancelledAt:0 RequestCounts:{Total:0 Completed:0 Failed:0} Metadata:map[] BatchID:batch_2601271437301485741539635 TotalCount:50 CompletedCount:33 FailedCount:0}
[INFO] 2026/01/27 14:39:26 logger.go:71: 查询批量任务结果：map[cancelled_at:<nil> cancelling_at:<nil> completed_at:<nil> completion_window:24h created_at:1.76952465e+09 endpoint:/v1/chat/completions errors:<nil> expired_at:1.76961105e+09 expires_at:1.76961105e+09 failed_at:<nil> finalizing_at:<nil> id:batch_2601271437302283550339637 in_process_at:1.76952465e+09 input_file_id:file_2601271437273433781560518 object:spark output_file_id: request_counts:map[completed:23 failed:0 total:50] sid:bat000ded4a@dx19bfe2da9450000572 status:in_progress]
[INFO] 2026/01/27 14:39:26 logger.go:71: 查询批量任务结果：&{ID: Object: Endpoint: InputFileID:file_2601271437273433781560518 CompletionWindow: Status:in_progress OutputFileID: ErrorFileID:<nil> CreatedAt:0 InProgressAt:0 ExpiresAt:0 FinalizingAt:0 CompletedAt:0 FailedAt:0 CancelledAt:0 RequestCounts:{Total:0 Completed:0 Failed:0} Metadata:map[] BatchID:batch_2601271437302283550339637 TotalCount:50 CompletedCount:23 FailedCount:0}
[INFO] 2026/01/27 14:39:28 logger.go:71: 查询批量任务结果：map[cancelled_at:<nil> cancelling_at:<nil> completed_at:<nil> completion_window:24h created_at:1.769524649e+09 endpoint:/v1/chat/completions errors:<nil> expired_at:1.769611049e+09 expires_at:1.769611049e+09 failed_at:<nil> finalizing_at:<nil> id:batch_2601271437295182036360521 in_process_at:1.769524649e+09 input_file_id:file_2601271437265181433960510 object:spark output_file_id: request_counts:map[completed:34 failed:0 total:50] sid:bat000ded4b@dx19bfe2db1640000572 status:in_progress]
[INFO] 2026/01/27 14:39:28 logger.go:71: 查询批量任务结果：&{ID: Object: Endpoint: InputFileID:file_2601271437265181433960510 CompletionWindow: Status:in_progress OutputFileID: ErrorFileID:<nil> CreatedAt:0 InProgressAt:0 ExpiresAt:0 FinalizingAt:0 CompletedAt:0 FailedAt:0 CancelledAt:0 RequestCounts:{Total:0 Completed:0 Failed:0} Metadata:map[] BatchID:batch_2601271437295182036360521 TotalCount:50 CompletedCount:34 FailedCount:0}
[INFO] 2026/01/27 14:39:29 logger.go:71: 查询批量任务结果：map[cancelled_at:<nil> cancelling_at:<nil> completed_at:<nil> completion_window:24h created_at:1.769524649e+09 endpoint:/v1/chat/completions errors:<nil> expired_at:1.769611049e+09 expires_at:1.769611049e+09 failed_at:<nil> finalizing_at:<nil> id:batch_2601271437296035759860523 in_process_at:1.769524649e+09 input_file_id:file_2601271437266136083639622 object:spark output_file_id: request_counts:map[completed:32 failed:0 total:50] sid:bat000ded4c@dx19bfe2db1c90000572 status:in_progress]
[INFO] 2026/01/27 14:39:29 logger.go:71: 查询批量任务结果：&{ID: Object: Endpoint: InputFileID:file_2601271437266136083639622 CompletionWindow: Status:in_progress OutputFileID: ErrorFileID:<nil> CreatedAt:0 InProgressAt:0 ExpiresAt:0 FinalizingAt:0 CompletedAt:0 FailedAt:0 CancelledAt:0 RequestCounts:{Total:0 Completed:0 Failed:0} Metadata:map[] BatchID:batch_2601271437296035759860523 TotalCount:50 CompletedCount:32 FailedCount:0}
[INFO] 2026/01/27 14:39:29 logger.go:71: 查询批量任务结果：map[cancelled_at:<nil> cancelling_at:<nil> completed_at:<nil> completion_window:24h created_at:1.769524649e+09 endpoint:/v1/chat/completions errors:<nil> expired_at:1.769611049e+09 expires_at:1.769611049e+09 failed_at:<nil> finalizing_at:<nil> id:batch_2601271437296801125960525 in_process_at:1.769524649e+09 input_file_id:file_2601271437267207140660512 object:spark output_file_id: request_counts:map[completed:39 failed:0 total:50] sid:bat000ded4d@dx19bfe2db21a0000572 status:in_progress]
[INFO] 2026/01/27 14:39:29 logger.go:71: 查询批量任务结果：&{ID: Object: Endpoint: InputFileID:file_2601271437267207140660512 CompletionWindow: Status:in_progress OutputFileID: ErrorFileID:<nil> CreatedAt:0 InProgressAt:0 ExpiresAt:0 FinalizingAt:0 CompletedAt:0 FailedAt:0 CancelledAt:0 RequestCounts:{Total:0 Completed:0 Failed:0} Metadata:map[] BatchID:batch_2601271437296801125960525 TotalCount:50 CompletedCount:39 FailedCount:0}
[INFO] 2026/01/27 14:39:29 logger.go:71: 查询批量任务结果：map[cancelled_at:<nil> cancelling_at:<nil> completed_at:<nil> completion_window:24h created_at:1.769524649e+09 endpoint:/v1/chat/completions errors:<nil> expired_at:1.769611049e+09 expires_at:1.769611049e+09 failed_at:<nil> finalizing_at:<nil> id:batch_2601271437297563553539629 in_process_at:1.769524649e+09 input_file_id:file_2601271437268218054539624 object:spark output_file_id: request_counts:map[completed:37 failed:0 total:50] sid:bat000d9baf@dx19bfe2db2a10000572 status:in_progress]
[INFO] 2026/01/27 14:39:29 logger.go:71: 查询批量任务结果：&{ID: Object: Endpoint: InputFileID:file_2601271437268218054539624 CompletionWindow: Status:in_progress OutputFileID: ErrorFileID:<nil> CreatedAt:0 InProgressAt:0 ExpiresAt:0 FinalizingAt:0 CompletedAt:0 FailedAt:0 CancelledAt:0 RequestCounts:{Total:0 Completed:0 Failed:0} Metadata:map[] BatchID:batch_2601271437297563553539629 TotalCount:50 CompletedCount:37 FailedCount:0}
[INFO] 2026/01/27 14:39:29 logger.go:71: 查询批量任务结果：map[cancelled_at:<nil> cancelling_at:<nil> completed_at:<nil> completion_window:24h created_at:1.769524649e+09 endpoint:/v1/chat/completions errors:<nil> expired_at:1.769611049e+09 expires_at:1.769611049e+09 failed_at:<nil> finalizing_at:<nil> id:batch_2601271437298336628039631 in_process_at:1.769524649e+09 input_file_id:file_2601271437269237987139626 object:spark output_file_id: request_counts:map[completed:35 failed:0 total:50] sid:bat000d9bb0@dx19bfe2db2f30000572 status:in_progress]
[INFO] 2026/01/27 14:39:29 logger.go:71: 查询批量任务结果：&{ID: Object: Endpoint: InputFileID:file_2601271437269237987139626 CompletionWindow: Status:in_progress OutputFileID: ErrorFileID:<nil> CreatedAt:0 InProgressAt:0 ExpiresAt:0 FinalizingAt:0 CompletedAt:0 FailedAt:0 CancelledAt:0 RequestCounts:{Total:0 Completed:0 Failed:0} Metadata:map[] BatchID:batch_2601271437298336628039631 TotalCount:50 CompletedCount:35 FailedCount:0}
[INFO] 2026/01/27 14:39:29 logger.go:71: 查询批量任务结果：map[cancelled_at:<nil> cancelling_at:<nil> completed_at:<nil> completion_window:24h created_at:1.769524649e+09 endpoint:/v1/chat/completions errors:<nil> expired_at:1.769611049e+09 expires_at:1.769611049e+09 failed_at:<nil> finalizing_at:<nil> id:batch_2601271437299793491460527 in_process_at:1.769524649e+09 input_file_id:file_2601271437270362743539628 object:spark output_file_id: request_counts:map[completed:29 failed:0 total:50] sid:bat000d9bb1@dx19bfe2db3390000572 status:in_progress]
[INFO] 2026/01/27 14:39:29 logger.go:71: 查询批量任务结果：&{ID: Object: Endpoint: InputFileID:file_2601271437270362743539628 CompletionWindow: Status:in_progress OutputFileID: ErrorFileID:<nil> CreatedAt:0 InProgressAt:0 ExpiresAt:0 FinalizingAt:0 CompletedAt:0 FailedAt:0 CancelledAt:0 RequestCounts:{Total:0 Completed:0 Failed:0} Metadata:map[] BatchID:batch_2601271437299793491460527 TotalCount:50 CompletedCount:29 FailedCount:0}
[INFO] 2026/01/27 14:39:29 logger.go:71: 查询批量任务结果：map[cancelled_at:<nil> cancelling_at:<nil> completed_at:<nil> completion_window:24h created_at:1.76952465e+09 endpoint:/v1/chat/completions errors:<nil> expired_at:1.76961105e+09 expires_at:1.76961105e+09 failed_at:<nil> finalizing_at:<nil> id:batch_2601271437300616387039633 in_process_at:1.76952465e+09 input_file_id:file_2601271437271321801860514 object:spark output_file_id: request_counts:map[completed:33 failed:0 total:50] sid:bat000d9bb2@dx19bfe2db3870000572 status:in_progress]
[INFO] 2026/01/27 14:39:29 logger.go:71: 查询批量任务结果：&{ID: Object: Endpoint: InputFileID:file_2601271437271321801860514 CompletionWindow: Status:in_progress OutputFileID: ErrorFileID:<nil> CreatedAt:0 InProgressAt:0 ExpiresAt:0 FinalizingAt:0 CompletedAt:0 FailedAt:0 CancelledAt:0 RequestCounts:{Total:0 Completed:0 Failed:0} Metadata:map[] BatchID:batch_2601271437300616387039633 TotalCount:50 CompletedCount:33 FailedCount:0}
[INFO] 2026/01/27 14:39:29 logger.go:71: 查询批量任务结果：map[cancelled_at:<nil> cancelling_at:<nil> completed_at:<nil> completion_window:24h created_at:1.76952465e+09 endpoint:/v1/chat/completions errors:<nil> expired_at:1.76961105e+09 expires_at:1.76961105e+09 failed_at:<nil> finalizing_at:<nil> id:batch_2601271437301485741539635 in_process_at:1.76952465e+09 input_file_id:file_2601271437272346589160516 object:spark output_file_id: request_counts:map[completed:35 failed:0 total:50] sid:bat000ded4e@dx19bfe2db3e10000572 status:in_progress]
[INFO] 2026/01/27 14:39:29 logger.go:71: 查询批量任务结果：&{ID: Object: Endpoint: InputFileID:file_2601271437272346589160516 CompletionWindow: Status:in_progress OutputFileID: ErrorFileID:<nil> CreatedAt:0 InProgressAt:0 ExpiresAt:0 FinalizingAt:0 CompletedAt:0 FailedAt:0 CancelledAt:0 RequestCounts:{Total:0 Completed:0 Failed:0} Metadata:map[] BatchID:batch_2601271437301485741539635 TotalCount:50 CompletedCount:35 FailedCount:0}
[INFO] 2026/01/27 14:39:29 logger.go:71: 查询批量任务结果：map[cancelled_at:<nil> cancelling_at:<nil> completed_at:<nil> completion_window:24h created_at:1.76952465e+09 endpoint:/v1/chat/completions errors:<nil> expired_at:1.76961105e+09 expires_at:1.76961105e+09 failed_at:<nil> finalizing_at:<nil> id:batch_2601271437302283550339637 in_process_at:1.76952465e+09 input_file_id:file_2601271437273433781560518 object:spark output_file_id: request_counts:map[completed:24 failed:0 total:50] sid:bat000d9bb3@dx19bfe2db42f0000572 status:in_progress]
[INFO] 2026/01/27 14:39:29 logger.go:71: 查询批量任务结果：&{ID: Object: Endpoint: InputFileID:file_2601271437273433781560518 CompletionWindow: Status:in_progress OutputFileID: ErrorFileID:<nil> CreatedAt:0 InProgressAt:0 ExpiresAt:0 FinalizingAt:0 CompletedAt:0 FailedAt:0 CancelledAt:0 RequestCounts:{Total:0 Completed:0 Failed:0} Metadata:map[] BatchID:batch_2601271437302283550339637 TotalCount:50 CompletedCount:24 FailedCount:0}
[INFO] 2026/01/27 14:39:31 logger.go:71: 查询批量任务结果：map[cancelled_at:<nil> cancelling_at:<nil> completed_at:<nil> completion_window:24h created_at:1.769524649e+09 endpoint:/v1/chat/completions errors:<nil> expired_at:1.769611049e+09 expires_at:1.769611049e+09 failed_at:<nil> finalizing_at:<nil> id:batch_2601271437295182036360521 in_process_at:1.769524649e+09 input_file_id:file_2601271437265181433960510 object:spark output_file_id: request_counts:map[completed:35 failed:0 total:50] sid:bat000d9bb4@dx19bfe2dbc550000572 status:in_progress]
[INFO] 2026/01/27 14:39:31 logger.go:71: 查询批量任务结果：&{ID: Object: Endpoint: InputFileID:file_2601271437265181433960510 CompletionWindow: Status:in_progress OutputFileID: ErrorFileID:<nil> CreatedAt:0 InProgressAt:0 ExpiresAt:0 FinalizingAt:0 CompletedAt:0 FailedAt:0 CancelledAt:0 RequestCounts:{Total:0 Completed:0 Failed:0} Metadata:map[] BatchID:batch_2601271437295182036360521 TotalCount:50 CompletedCount:35 FailedCount:0}
[INFO] 2026/01/27 14:39:31 logger.go:71: 查询批量任务结果：map[cancelled_at:<nil> cancelling_at:<nil> completed_at:<nil> completion_window:24h created_at:1.769524649e+09 endpoint:/v1/chat/completions errors:<nil> expired_at:1.769611049e+09 expires_at:1.769611049e+09 failed_at:<nil> finalizing_at:<nil> id:batch_2601271437296035759860523 in_process_at:1.769524649e+09 input_file_id:file_2601271437266136083639622 object:spark output_file_id: request_counts:map[completed:35 failed:0 total:50] sid:bat000d9bb5@dx19bfe2dbca10000572 status:in_progress]
[INFO] 2026/01/27 14:39:31 logger.go:71: 查询批量任务结果：&{ID: Object: Endpoint: InputFileID:file_2601271437266136083639622 CompletionWindow: Status:in_progress OutputFileID: ErrorFileID:<nil> CreatedAt:0 InProgressAt:0 ExpiresAt:0 FinalizingAt:0 CompletedAt:0 FailedAt:0 CancelledAt:0 RequestCounts:{Total:0 Completed:0 Failed:0} Metadata:map[] BatchID:batch_2601271437296035759860523 TotalCount:50 CompletedCount:35 FailedCount:0}
[INFO] 2026/01/27 14:39:31 logger.go:71: 查询批量任务结果：map[cancelled_at:<nil> cancelling_at:<nil> completed_at:<nil> completion_window:24h created_at:1.769524649e+09 endpoint:/v1/chat/completions errors:<nil> expired_at:1.769611049e+09 expires_at:1.769611049e+09 failed_at:<nil> finalizing_at:<nil> id:batch_2601271437296801125960525 in_process_at:1.769524649e+09 input_file_id:file_2601271437267207140660512 object:spark output_file_id: request_counts:map[completed:40 failed:0 total:50] sid:bat000d9bb6@dx19bfe2dbd3b0000572 status:in_progress]
[INFO] 2026/01/27 14:39:31 logger.go:71: 查询批量任务结果：&{ID: Object: Endpoint: InputFileID:file_2601271437267207140660512 CompletionWindow: Status:in_progress OutputFileID: ErrorFileID:<nil> CreatedAt:0 InProgressAt:0 ExpiresAt:0 FinalizingAt:0 CompletedAt:0 FailedAt:0 CancelledAt:0 RequestCounts:{Total:0 Completed:0 Failed:0} Metadata:map[] BatchID:batch_2601271437296801125960525 TotalCount:50 CompletedCount:40 FailedCount:0}
[INFO] 2026/01/27 14:39:32 logger.go:71: 查询批量任务结果：map[cancelled_at:<nil> cancelling_at:<nil> completed_at:<nil> completion_window:24h created_at:1.769524649e+09 endpoint:/v1/chat/completions errors:<nil> expired_at:1.769611049e+09 expires_at:1.769611049e+09 failed_at:<nil> finalizing_at:<nil> id:batch_2601271437297563553539629 in_process_at:1.769524649e+09 input_file_id:file_2601271437268218054539624 object:spark output_file_id: request_counts:map[completed:38 failed:0 total:50] sid:bat000ded4f@dx19bfe2dbd890000572 status:in_progress]
[INFO] 2026/01/27 14:39:32 logger.go:71: 查询批量任务结果：&{ID: Object: Endpoint: InputFileID:file_2601271437268218054539624 CompletionWindow: Status:in_progress OutputFileID: ErrorFileID:<nil> CreatedAt:0 InProgressAt:0 ExpiresAt:0 FinalizingAt:0 CompletedAt:0 FailedAt:0 CancelledAt:0 RequestCounts:{Total:0 Completed:0 Failed:0} Metadata:map[] BatchID:batch_2601271437297563553539629 TotalCount:50 CompletedCount:38 FailedCount:0}
[INFO] 2026/01/27 14:39:32 logger.go:71: 查询批量任务结果：map[cancelled_at:<nil> cancelling_at:<nil> completed_at:<nil> completion_window:24h created_at:1.769524649e+09 endpoint:/v1/chat/completions errors:<nil> expired_at:1.769611049e+09 expires_at:1.769611049e+09 failed_at:<nil> finalizing_at:<nil> id:batch_2601271437298336628039631 in_process_at:1.769524649e+09 input_file_id:file_2601271437269237987139626 object:spark output_file_id: request_counts:map[completed:35 failed:0 total:50] sid:bat000d9bb7@dx19bfe2dbde10000572 status:in_progress]
[INFO] 2026/01/27 14:39:32 logger.go:71: 查询批量任务结果：&{ID: Object: Endpoint: InputFileID:file_2601271437269237987139626 CompletionWindow: Status:in_progress OutputFileID: ErrorFileID:<nil> CreatedAt:0 InProgressAt:0 ExpiresAt:0 FinalizingAt:0 CompletedAt:0 FailedAt:0 CancelledAt:0 RequestCounts:{Total:0 Completed:0 Failed:0} Metadata:map[] BatchID:batch_2601271437298336628039631 TotalCount:50 CompletedCount:35 FailedCount:0}
[INFO] 2026/01/27 14:39:32 logger.go:71: 查询批量任务结果：map[cancelled_at:<nil> cancelling_at:<nil> completed_at:<nil> completion_window:24h created_at:1.769524649e+09 endpoint:/v1/chat/completions errors:<nil> expired_at:1.769611049e+09 expires_at:1.769611049e+09 failed_at:<nil> finalizing_at:<nil> id:batch_2601271437299793491460527 in_process_at:1.769524649e+09 input_file_id:file_2601271437270362743539628 object:spark output_file_id: request_counts:map[completed:31 failed:0 total:50] sid:bat000d9bb8@dx19bfe2dbe370000572 status:in_progress]
[INFO] 2026/01/27 14:39:32 logger.go:71: 查询批量任务结果：&{ID: Object: Endpoint: InputFileID:file_2601271437270362743539628 CompletionWindow: Status:in_progress OutputFileID: ErrorFileID:<nil> CreatedAt:0 InProgressAt:0 ExpiresAt:0 FinalizingAt:0 CompletedAt:0 FailedAt:0 CancelledAt:0 RequestCounts:{Total:0 Completed:0 Failed:0} Metadata:map[] BatchID:batch_2601271437299793491460527 TotalCount:50 CompletedCount:31 FailedCount:0}
[INFO] 2026/01/27 14:39:32 logger.go:71: 查询批量任务结果：map[cancelled_at:<nil> cancelling_at:<nil> completed_at:<nil> completion_window:24h created_at:1.76952465e+09 endpoint:/v1/chat/completions errors:<nil> expired_at:1.76961105e+09 expires_at:1.76961105e+09 failed_at:<nil> finalizing_at:<nil> id:batch_2601271437300616387039633 in_process_at:1.76952465e+09 input_file_id:file_2601271437271321801860514 object:spark output_file_id: request_counts:map[completed:36 failed:0 total:50] sid:bat000ded50@dx19bfe2dbe850000572 status:in_progress]
[INFO] 2026/01/27 14:39:32 logger.go:71: 查询批量任务结果：&{ID: Object: Endpoint: InputFileID:file_2601271437271321801860514 CompletionWindow: Status:in_progress OutputFileID: ErrorFileID:<nil> CreatedAt:0 InProgressAt:0 ExpiresAt:0 FinalizingAt:0 CompletedAt:0 FailedAt:0 CancelledAt:0 RequestCounts:{Total:0 Completed:0 Failed:0} Metadata:map[] BatchID:batch_2601271437300616387039633 TotalCount:50 CompletedCount:36 FailedCount:0}
[INFO] 2026/01/27 14:39:32 logger.go:71: 查询批量任务结果：map[cancelled_at:<nil> cancelling_at:<nil> completed_at:<nil> completion_window:24h created_at:1.76952465e+09 endpoint:/v1/chat/completions errors:<nil> expired_at:1.76961105e+09 expires_at:1.76961105e+09 failed_at:<nil> finalizing_at:<nil> id:batch_2601271437301485741539635 in_process_at:1.76952465e+09 input_file_id:file_2601271437272346589160516 object:spark output_file_id: request_counts:map[completed:37 failed:0 total:50] sid:bat000d9bb9@dx19bfe2dbece0000572 status:in_progress]
[INFO] 2026/01/27 14:39:32 logger.go:71: 查询批量任务结果：&{ID: Object: Endpoint: InputFileID:file_2601271437272346589160516 CompletionWindow: Status:in_progress OutputFileID: ErrorFileID:<nil> CreatedAt:0 InProgressAt:0 ExpiresAt:0 FinalizingAt:0 CompletedAt:0 FailedAt:0 CancelledAt:0 RequestCounts:{Total:0 Completed:0 Failed:0} Metadata:map[] BatchID:batch_2601271437301485741539635 TotalCount:50 CompletedCount:37 FailedCount:0}
[INFO] 2026/01/27 14:39:32 logger.go:71: 查询批量任务结果：map[cancelled_at:<nil> cancelling_at:<nil> completed_at:<nil> completion_window:24h created_at:1.76952465e+09 endpoint:/v1/chat/completions errors:<nil> expired_at:1.76961105e+09 expires_at:1.76961105e+09 failed_at:<nil> finalizing_at:<nil> id:batch_2601271437302283550339637 in_process_at:1.76952465e+09 input_file_id:file_2601271437273433781560518 object:spark output_file_id: request_counts:map[completed:26 failed:0 total:50] sid:bat000d9bba@dx19bfe2dbf160000572 status:in_progress]
[INFO] 2026/01/27 14:39:32 logger.go:71: 查询批量任务结果：&{ID: Object: Endpoint: InputFileID:file_2601271437273433781560518 CompletionWindow: Status:in_progress OutputFileID: ErrorFileID:<nil> CreatedAt:0 InProgressAt:0 ExpiresAt:0 FinalizingAt:0 CompletedAt:0 FailedAt:0 CancelledAt:0 RequestCounts:{Total:0 Completed:0 Failed:0} Metadata:map[] BatchID:batch_2601271437302283550339637 TotalCount:50 CompletedCount:26 FailedCount:0}
[INFO] 2026/01/27 14:39:34 logger.go:71: 查询批量任务结果：map[cancelled_at:<nil> cancelling_at:<nil> completed_at:<nil> completion_window:24h created_at:1.769524649e+09 endpoint:/v1/chat/completions errors:<nil> expired_at:1.769611049e+09 expires_at:1.769611049e+09 failed_at:<nil> finalizing_at:<nil> id:batch_2601271437295182036360521 in_process_at:1.769524649e+09 input_file_id:file_2601271437265181433960510 object:spark output_file_id: request_counts:map[completed:35 failed:0 total:50] sid:bat000d9bbf@dx19bfe2dc7400000572 status:in_progress]
[INFO] 2026/01/27 14:39:34 logger.go:71: 查询批量任务结果：&{ID: Object: Endpoint: InputFileID:file_2601271437265181433960510 CompletionWindow: Status:in_progress OutputFileID: ErrorFileID:<nil> CreatedAt:0 InProgressAt:0 ExpiresAt:0 FinalizingAt:0 CompletedAt:0 FailedAt:0 CancelledAt:0 RequestCounts:{Total:0 Completed:0 Failed:0} Metadata:map[] BatchID:batch_2601271437295182036360521 TotalCount:50 CompletedCount:35 FailedCount:0}
[INFO] 2026/01/27 14:39:34 logger.go:71: 查询批量任务结果：map[cancelled_at:<nil> cancelling_at:<nil> completed_at:<nil> completion_window:24h created_at:1.769524649e+09 endpoint:/v1/chat/completions errors:<nil> expired_at:1.769611049e+09 expires_at:1.769611049e+09 failed_at:<nil> finalizing_at:<nil> id:batch_2601271437296035759860523 in_process_at:1.769524649e+09 input_file_id:file_2601271437266136083639622 object:spark output_file_id: request_counts:map[completed:38 failed:0 total:50] sid:bat000ded51@dx19bfe2dc78b0000572 status:in_progress]
[INFO] 2026/01/27 14:39:34 logger.go:71: 查询批量任务结果：&{ID: Object: Endpoint: InputFileID:file_2601271437266136083639622 CompletionWindow: Status:in_progress OutputFileID: ErrorFileID:<nil> CreatedAt:0 InProgressAt:0 ExpiresAt:0 FinalizingAt:0 CompletedAt:0 FailedAt:0 CancelledAt:0 RequestCounts:{Total:0 Completed:0 Failed:0} Metadata:map[] BatchID:batch_2601271437296035759860523 TotalCount:50 CompletedCount:38 FailedCount:0}
[INFO] 2026/01/27 14:39:34 logger.go:71: 查询批量任务结果：map[cancelled_at:<nil> cancelling_at:<nil> completed_at:<nil> completion_window:24h created_at:1.769524649e+09 endpoint:/v1/chat/completions errors:<nil> expired_at:1.769611049e+09 expires_at:1.769611049e+09 failed_at:<nil> finalizing_at:<nil> id:batch_2601271437296801125960525 in_process_at:1.769524649e+09 input_file_id:file_2601271437267207140660512 object:spark output_file_id: request_counts:map[completed:42 failed:0 total:50] sid:bat000d9bc0@dx19bfe2dc7de0000572 status:in_progress]
[INFO] 2026/01/27 14:39:34 logger.go:71: 查询批量任务结果：&{ID: Object: Endpoint: InputFileID:file_2601271437267207140660512 CompletionWindow: Status:in_progress OutputFileID: ErrorFileID:<nil> CreatedAt:0 InProgressAt:0 ExpiresAt:0 FinalizingAt:0 CompletedAt:0 FailedAt:0 CancelledAt:0 RequestCounts:{Total:0 Completed:0 Failed:0} Metadata:map[] BatchID:batch_2601271437296801125960525 TotalCount:50 CompletedCount:42 FailedCount:0}
[INFO] 2026/01/27 14:39:34 logger.go:71: 查询批量任务结果：map[cancelled_at:<nil> cancelling_at:<nil> completed_at:<nil> completion_window:24h created_at:1.769524649e+09 endpoint:/v1/chat/completions errors:<nil> expired_at:1.769611049e+09 expires_at:1.769611049e+09 failed_at:<nil> finalizing_at:<nil> id:batch_2601271437297563553539629 in_process_at:1.769524649e+09 input_file_id:file_2601271437268218054539624 object:spark output_file_id: request_counts:map[completed:38 failed:0 total:50] sid:bat000d9bc1@dx19bfe2dc8210000572 status:in_progress]
[INFO] 2026/01/27 14:39:34 logger.go:71: 查询批量任务结果：&{ID: Object: Endpoint: InputFileID:file_2601271437268218054539624 CompletionWindow: Status:in_progress OutputFileID: ErrorFileID:<nil> CreatedAt:0 InProgressAt:0 ExpiresAt:0 FinalizingAt:0 CompletedAt:0 FailedAt:0 CancelledAt:0 RequestCounts:{Total:0 Completed:0 Failed:0} Metadata:map[] BatchID:batch_2601271437297563553539629 TotalCount:50 CompletedCount:38 FailedCount:0}
[INFO] 2026/01/27 14:39:34 logger.go:71: 查询批量任务结果：map[cancelled_at:<nil> cancelling_at:<nil> completed_at:<nil> completion_window:24h created_at:1.769524649e+09 endpoint:/v1/chat/completions errors:<nil> expired_at:1.769611049e+09 expires_at:1.769611049e+09 failed_at:<nil> finalizing_at:<nil> id:batch_2601271437298336628039631 in_process_at:1.769524649e+09 input_file_id:file_2601271437269237987139626 object:spark output_file_id: request_counts:map[completed:38 failed:0 total:50] sid:bat000d9bc2@dx19bfe2dc8690000572 status:in_progress]
[INFO] 2026/01/27 14:39:34 logger.go:71: 查询批量任务结果：&{ID: Object: Endpoint: InputFileID:file_2601271437269237987139626 CompletionWindow: Status:in_progress OutputFileID: ErrorFileID:<nil> CreatedAt:0 InProgressAt:0 ExpiresAt:0 FinalizingAt:0 CompletedAt:0 FailedAt:0 CancelledAt:0 RequestCounts:{Total:0 Completed:0 Failed:0} Metadata:map[] BatchID:batch_2601271437298336628039631 TotalCount:50 CompletedCount:38 FailedCount:0}
[INFO] 2026/01/27 14:39:34 logger.go:71: 查询批量任务结果：map[cancelled_at:<nil> cancelling_at:<nil> completed_at:<nil> completion_window:24h created_at:1.769524649e+09 endpoint:/v1/chat/completions errors:<nil> expired_at:1.769611049e+09 expires_at:1.769611049e+09 failed_at:<nil> finalizing_at:<nil> id:batch_2601271437299793491460527 in_process_at:1.769524649e+09 input_file_id:file_2601271437270362743539628 object:spark output_file_id: request_counts:map[completed:32 failed:0 total:50] sid:bat000ded52@dx19bfe2dc8af0000572 status:in_progress]
[INFO] 2026/01/27 14:39:34 logger.go:71: 查询批量任务结果：&{ID: Object: Endpoint: InputFileID:file_2601271437270362743539628 CompletionWindow: Status:in_progress OutputFileID: ErrorFileID:<nil> CreatedAt:0 InProgressAt:0 ExpiresAt:0 FinalizingAt:0 CompletedAt:0 FailedAt:0 CancelledAt:0 RequestCounts:{Total:0 Completed:0 Failed:0} Metadata:map[] BatchID:batch_2601271437299793491460527 TotalCount:50 CompletedCount:32 FailedCount:0}
[INFO] 2026/01/27 14:39:34 logger.go:71: 查询批量任务结果：map[cancelled_at:<nil> cancelling_at:<nil> completed_at:<nil> completion_window:24h created_at:1.76952465e+09 endpoint:/v1/chat/completions errors:<nil> expired_at:1.76961105e+09 expires_at:1.76961105e+09 failed_at:<nil> finalizing_at:<nil> id:batch_2601271437300616387039633 in_process_at:1.76952465e+09 input_file_id:file_2601271437271321801860514 object:spark output_file_id: request_counts:map[completed:37 failed:0 total:50] sid:bat000d9bc3@dx19bfe2dc9000000572 status:in_progress]
[INFO] 2026/01/27 14:39:34 logger.go:71: 查询批量任务结果：&{ID: Object: Endpoint: InputFileID:file_2601271437271321801860514 CompletionWindow: Status:in_progress OutputFileID: ErrorFileID:<nil> CreatedAt:0 InProgressAt:0 ExpiresAt:0 FinalizingAt:0 CompletedAt:0 FailedAt:0 CancelledAt:0 RequestCounts:{Total:0 Completed:0 Failed:0} Metadata:map[] BatchID:batch_2601271437300616387039633 TotalCount:50 CompletedCount:37 FailedCount:0}
[INFO] 2026/01/27 14:39:35 logger.go:71: 查询批量任务结果：map[cancelled_at:<nil> cancelling_at:<nil> completed_at:<nil> completion_window:24h created_at:1.76952465e+09 endpoint:/v1/chat/completions errors:<nil> expired_at:1.76961105e+09 expires_at:1.76961105e+09 failed_at:<nil> finalizing_at:<nil> id:batch_2601271437301485741539635 in_process_at:1.76952465e+09 input_file_id:file_2601271437272346589160516 object:spark output_file_id: request_counts:map[completed:39 failed:0 total:50] sid:bat000ded53@dx19bfe2dc9480000572 status:in_progress]
[INFO] 2026/01/27 14:39:35 logger.go:71: 查询批量任务结果：&{ID: Object: Endpoint: InputFileID:file_2601271437272346589160516 CompletionWindow: Status:in_progress OutputFileID: ErrorFileID:<nil> CreatedAt:0 InProgressAt:0 ExpiresAt:0 FinalizingAt:0 CompletedAt:0 FailedAt:0 CancelledAt:0 RequestCounts:{Total:0 Completed:0 Failed:0} Metadata:map[] BatchID:batch_2601271437301485741539635 TotalCount:50 CompletedCount:39 FailedCount:0}
[INFO] 2026/01/27 14:39:35 logger.go:71: 查询批量任务结果：map[cancelled_at:<nil> cancelling_at:<nil> completed_at:<nil> completion_window:24h created_at:1.76952465e+09 endpoint:/v1/chat/completions errors:<nil> expired_at:1.76961105e+09 expires_at:1.76961105e+09 failed_at:<nil> finalizing_at:<nil> id:batch_2601271437302283550339637 in_process_at:1.76952465e+09 input_file_id:file_2601271437273433781560518 object:spark output_file_id: request_counts:map[completed:28 failed:0 total:50] sid:bat000ded54@dx19bfe2dc9980000572 status:in_progress]
[INFO] 2026/01/27 14:39:35 logger.go:71: 查询批量任务结果：&{ID: Object: Endpoint: InputFileID:file_2601271437273433781560518 CompletionWindow: Status:in_progress OutputFileID: ErrorFileID:<nil> CreatedAt:0 InProgressAt:0 ExpiresAt:0 FinalizingAt:0 CompletedAt:0 FailedAt:0 CancelledAt:0 RequestCounts:{Total:0 Completed:0 Failed:0} Metadata:map[] BatchID:batch_2601271437302283550339637 TotalCount:50 CompletedCount:28 FailedCount:0}
[INFO] 2026/01/27 14:39:37 logger.go:71: 查询批量任务结果：map[cancelled_at:<nil> cancelling_at:<nil> completed_at:<nil> completion_window:24h created_at:1.769524649e+09 endpoint:/v1/chat/completions errors:<nil> expired_at:1.769611049e+09 expires_at:1.769611049e+09 failed_at:<nil> finalizing_at:<nil> id:batch_2601271437295182036360521 in_process_at:1.769524649e+09 input_file_id:file_2601271437265181433960510 object:spark output_file_id: request_counts:map[completed:37 failed:0 total:50] sid:bat000ded55@dx19bfe2dd1b70000572 status:in_progress]
[INFO] 2026/01/27 14:39:37 logger.go:71: 查询批量任务结果：&{ID: Object: Endpoint: InputFileID:file_2601271437265181433960510 CompletionWindow: Status:in_progress OutputFileID: ErrorFileID:<nil> CreatedAt:0 InProgressAt:0 ExpiresAt:0 FinalizingAt:0 CompletedAt:0 FailedAt:0 CancelledAt:0 RequestCounts:{Total:0 Completed:0 Failed:0} Metadata:map[] BatchID:batch_2601271437295182036360521 TotalCount:50 CompletedCount:37 FailedCount:0}
[INFO] 2026/01/27 14:39:37 logger.go:71: 查询批量任务结果：map[cancelled_at:<nil> cancelling_at:<nil> completed_at:<nil> completion_window:24h created_at:1.769524649e+09 endpoint:/v1/chat/completions errors:<nil> expired_at:1.769611049e+09 expires_at:1.769611049e+09 failed_at:<nil> finalizing_at:<nil> id:batch_2601271437296035759860523 in_process_at:1.769524649e+09 input_file_id:file_2601271437266136083639622 object:spark output_file_id: request_counts:map[completed:38 failed:0 total:50] sid:bat000d9bc4@dx19bfe2dd2200000572 status:in_progress]
[INFO] 2026/01/27 14:39:37 logger.go:71: 查询批量任务结果：&{ID: Object: Endpoint: InputFileID:file_2601271437266136083639622 CompletionWindow: Status:in_progress OutputFileID: ErrorFileID:<nil> CreatedAt:0 InProgressAt:0 ExpiresAt:0 FinalizingAt:0 CompletedAt:0 FailedAt:0 CancelledAt:0 RequestCounts:{Total:0 Completed:0 Failed:0} Metadata:map[] BatchID:batch_2601271437296035759860523 TotalCount:50 CompletedCount:38 FailedCount:0}
[INFO] 2026/01/27 14:39:37 logger.go:71: 查询批量任务结果：map[cancelled_at:<nil> cancelling_at:<nil> completed_at:<nil> completion_window:24h created_at:1.769524649e+09 endpoint:/v1/chat/completions errors:<nil> expired_at:1.769611049e+09 expires_at:1.769611049e+09 failed_at:<nil> finalizing_at:<nil> id:batch_2601271437296801125960525 in_process_at:1.769524649e+09 input_file_id:file_2601271437267207140660512 object:spark output_file_id: request_counts:map[completed:42 failed:0 total:50] sid:bat000ded56@dx19bfe2dd2660000572 status:in_progress]
[INFO] 2026/01/27 14:39:37 logger.go:71: 查询批量任务结果：&{ID: Object: Endpoint: InputFileID:file_2601271437267207140660512 CompletionWindow: Status:in_progress OutputFileID: ErrorFileID:<nil> CreatedAt:0 InProgressAt:0 ExpiresAt:0 FinalizingAt:0 CompletedAt:0 FailedAt:0 CancelledAt:0 RequestCounts:{Total:0 Completed:0 Failed:0} Metadata:map[] BatchID:batch_2601271437296801125960525 TotalCount:50 CompletedCount:42 FailedCount:0}
[INFO] 2026/01/27 14:39:37 logger.go:71: 查询批量任务结果：map[cancelled_at:<nil> cancelling_at:<nil> completed_at:<nil> completion_window:24h created_at:1.769524649e+09 endpoint:/v1/chat/completions errors:<nil> expired_at:1.769611049e+09 expires_at:1.769611049e+09 failed_at:<nil> finalizing_at:<nil> id:batch_2601271437297563553539629 in_process_at:1.769524649e+09 input_file_id:file_2601271437268218054539624 object:spark output_file_id: request_counts:map[completed:38 failed:0 total:50] sid:bat000ded57@dx19bfe2dd2aa0000572 status:in_progress]
[INFO] 2026/01/27 14:39:37 logger.go:71: 查询批量任务结果：&{ID: Object: Endpoint: InputFileID:file_2601271437268218054539624 CompletionWindow: Status:in_progress OutputFileID: ErrorFileID:<nil> CreatedAt:0 InProgressAt:0 ExpiresAt:0 FinalizingAt:0 CompletedAt:0 FailedAt:0 CancelledAt:0 RequestCounts:{Total:0 Completed:0 Failed:0} Metadata:map[] BatchID:batch_2601271437297563553539629 TotalCount:50 CompletedCount:38 FailedCount:0}
[INFO] 2026/01/27 14:39:37 logger.go:71: 查询批量任务结果：map[cancelled_at:<nil> cancelling_at:<nil> completed_at:<nil> completion_window:24h created_at:1.769524649e+09 endpoint:/v1/chat/completions errors:<nil> expired_at:1.769611049e+09 expires_at:1.769611049e+09 failed_at:<nil> finalizing_at:<nil> id:batch_2601271437298336628039631 in_process_at:1.769524649e+09 input_file_id:file_2601271437269237987139626 object:spark output_file_id: request_counts:map[completed:38 failed:0 total:50] sid:bat000ded58@dx19bfe2dd2ed0000572 status:in_progress]
[INFO] 2026/01/27 14:39:37 logger.go:71: 查询批量任务结果：&{ID: Object: Endpoint: InputFileID:file_2601271437269237987139626 CompletionWindow: Status:in_progress OutputFileID: ErrorFileID:<nil> CreatedAt:0 InProgressAt:0 ExpiresAt:0 FinalizingAt:0 CompletedAt:0 FailedAt:0 CancelledAt:0 RequestCounts:{Total:0 Completed:0 Failed:0} Metadata:map[] BatchID:batch_2601271437298336628039631 TotalCount:50 CompletedCount:38 FailedCount:0}
[INFO] 2026/01/27 14:39:37 logger.go:71: 查询批量任务结果：map[cancelled_at:<nil> cancelling_at:<nil> completed_at:<nil> completion_window:24h created_at:1.769524649e+09 endpoint:/v1/chat/completions errors:<nil> expired_at:1.769611049e+09 expires_at:1.769611049e+09 failed_at:<nil> finalizing_at:<nil> id:batch_2601271437299793491460527 in_process_at:1.769524649e+09 input_file_id:file_2601271437270362743539628 object:spark output_file_id: request_counts:map[completed:32 failed:0 total:50] sid:bat000ded59@dx19bfe2dd3370000572 status:in_progress]
[INFO] 2026/01/27 14:39:37 logger.go:71: 查询批量任务结果：&{ID: Object: Endpoint: InputFileID:file_2601271437270362743539628 CompletionWindow: Status:in_progress OutputFileID: ErrorFileID:<nil> CreatedAt:0 InProgressAt:0 ExpiresAt:0 FinalizingAt:0 CompletedAt:0 FailedAt:0 CancelledAt:0 RequestCounts:{Total:0 Completed:0 Failed:0} Metadata:map[] BatchID:batch_2601271437299793491460527 TotalCount:50 CompletedCount:32 FailedCount:0}
[INFO] 2026/01/27 14:39:37 logger.go:71: 查询批量任务结果：map[cancelled_at:<nil> cancelling_at:<nil> completed_at:<nil> completion_window:24h created_at:1.76952465e+09 endpoint:/v1/chat/completions errors:<nil> expired_at:1.76961105e+09 expires_at:1.76961105e+09 failed_at:<nil> finalizing_at:<nil> id:batch_2601271437300616387039633 in_process_at:1.76952465e+09 input_file_id:file_2601271437271321801860514 object:spark output_file_id: request_counts:map[completed:37 failed:0 total:50] sid:bat000d9bc5@dx19bfe2dd3820000572 status:in_progress]
[INFO] 2026/01/27 14:39:37 logger.go:71: 查询批量任务结果：&{ID: Object: Endpoint: InputFileID:file_2601271437271321801860514 CompletionWindow: Status:in_progress OutputFileID: ErrorFileID:<nil> CreatedAt:0 InProgressAt:0 ExpiresAt:0 FinalizingAt:0 CompletedAt:0 FailedAt:0 CancelledAt:0 RequestCounts:{Total:0 Completed:0 Failed:0} Metadata:map[] BatchID:batch_2601271437300616387039633 TotalCount:50 CompletedCount:37 FailedCount:0}
[INFO] 2026/01/27 14:39:37 logger.go:71: 查询批量任务结果：map[cancelled_at:<nil> cancelling_at:<nil> completed_at:<nil> completion_window:24h created_at:1.76952465e+09 endpoint:/v1/chat/completions errors:<nil> expired_at:1.76961105e+09 expires_at:1.76961105e+09 failed_at:<nil> finalizing_at:<nil> id:batch_2601271437301485741539635 in_process_at:1.76952465e+09 input_file_id:file_2601271437272346589160516 object:spark output_file_id: request_counts:map[completed:39 failed:0 total:50] sid:bat000d9bc6@dx19bfe2dd3e10000572 status:in_progress]
[INFO] 2026/01/27 14:39:37 logger.go:71: 查询批量任务结果：&{ID: Object: Endpoint: InputFileID:file_2601271437272346589160516 CompletionWindow: Status:in_progress OutputFileID: ErrorFileID:<nil> CreatedAt:0 InProgressAt:0 ExpiresAt:0 FinalizingAt:0 CompletedAt:0 FailedAt:0 CancelledAt:0 RequestCounts:{Total:0 Completed:0 Failed:0} Metadata:map[] BatchID:batch_2601271437301485741539635 TotalCount:50 CompletedCount:39 FailedCount:0}
[INFO] 2026/01/27 14:39:37 logger.go:71: 查询批量任务结果：map[cancelled_at:<nil> cancelling_at:<nil> completed_at:<nil> completion_window:24h created_at:1.76952465e+09 endpoint:/v1/chat/completions errors:<nil> expired_at:1.76961105e+09 expires_at:1.76961105e+09 failed_at:<nil> finalizing_at:<nil> id:batch_2601271437302283550339637 in_process_at:1.76952465e+09 input_file_id:file_2601271437273433781560518 object:spark output_file_id: request_counts:map[completed:28 failed:0 total:50] sid:bat000d9bc7@dx19bfe2dd4240000572 status:in_progress]
[INFO] 2026/01/27 14:39:37 logger.go:71: 查询批量任务结果：&{ID: Object: Endpoint: InputFileID:file_2601271437273433781560518 CompletionWindow: Status:in_progress OutputFileID: ErrorFileID:<nil> CreatedAt:0 InProgressAt:0 ExpiresAt:0 FinalizingAt:0 CompletedAt:0 FailedAt:0 CancelledAt:0 RequestCounts:{Total:0 Completed:0 Failed:0} Metadata:map[] BatchID:batch_2601271437302283550339637 TotalCount:50 CompletedCount:28 FailedCount:0}
[INFO] 2026/01/27 14:39:39 logger.go:71: 查询批量任务结果：map[cancelled_at:<nil> cancelling_at:<nil> completed_at:<nil> completion_window:24h created_at:1.769524649e+09 endpoint:/v1/chat/completions errors:<nil> expired_at:1.769611049e+09 expires_at:1.769611049e+09 failed_at:<nil> finalizing_at:<nil> id:batch_2601271437295182036360521 in_process_at:1.769524649e+09 input_file_id:file_2601271437265181433960510 object:spark output_file_id: request_counts:map[completed:38 failed:0 total:50] sid:bat000ded5e@dx19bfe2ddc3e0000572 status:in_progress]
[INFO] 2026/01/27 14:39:39 logger.go:71: 查询批量任务结果：&{ID: Object: Endpoint: InputFileID:file_2601271437265181433960510 CompletionWindow: Status:in_progress OutputFileID: ErrorFileID:<nil> CreatedAt:0 InProgressAt:0 ExpiresAt:0 FinalizingAt:0 CompletedAt:0 FailedAt:0 CancelledAt:0 RequestCounts:{Total:0 Completed:0 Failed:0} Metadata:map[] BatchID:batch_2601271437295182036360521 TotalCount:50 CompletedCount:38 FailedCount:0}
[INFO] 2026/01/27 14:39:39 logger.go:71: 查询批量任务结果：map[cancelled_at:<nil> cancelling_at:<nil> completed_at:<nil> completion_window:24h created_at:1.769524649e+09 endpoint:/v1/chat/completions errors:<nil> expired_at:1.769611049e+09 expires_at:1.769611049e+09 failed_at:<nil> finalizing_at:<nil> id:batch_2601271437296035759860523 in_process_at:1.769524649e+09 input_file_id:file_2601271437266136083639622 object:spark output_file_id: request_counts:map[completed:38 failed:0 total:50] sid:bat000ded5f@dx19bfe2ddc8f0000572 status:in_progress]
[INFO] 2026/01/27 14:39:39 logger.go:71: 查询批量任务结果：&{ID: Object: Endpoint: InputFileID:file_2601271437266136083639622 CompletionWindow: Status:in_progress OutputFileID: ErrorFileID:<nil> CreatedAt:0 InProgressAt:0 ExpiresAt:0 FinalizingAt:0 CompletedAt:0 FailedAt:0 CancelledAt:0 RequestCounts:{Total:0 Completed:0 Failed:0} Metadata:map[] BatchID:batch_2601271437296035759860523 TotalCount:50 CompletedCount:38 FailedCount:0}
[INFO] 2026/01/27 14:39:40 logger.go:71: 查询批量任务结果：map[cancelled_at:<nil> cancelling_at:<nil> completed_at:<nil> completion_window:24h created_at:1.769524649e+09 endpoint:/v1/chat/completions errors:<nil> expired_at:1.769611049e+09 expires_at:1.769611049e+09 failed_at:<nil> finalizing_at:<nil> id:batch_2601271437296801125960525 in_process_at:1.769524649e+09 input_file_id:file_2601271437267207140660512 object:spark output_file_id: request_counts:map[completed:42 failed:0 total:50] sid:bat000ded60@dx19bfe2ddcda0000572 status:in_progress]
[INFO] 2026/01/27 14:39:40 logger.go:71: 查询批量任务结果：&{ID: Object: Endpoint: InputFileID:file_2601271437267207140660512 CompletionWindow: Status:in_progress OutputFileID: ErrorFileID:<nil> CreatedAt:0 InProgressAt:0 ExpiresAt:0 FinalizingAt:0 CompletedAt:0 FailedAt:0 CancelledAt:0 RequestCounts:{Total:0 Completed:0 Failed:0} Metadata:map[] BatchID:batch_2601271437296801125960525 TotalCount:50 CompletedCount:42 FailedCount:0}
[INFO] 2026/01/27 14:39:40 logger.go:71: 查询批量任务结果：map[cancelled_at:<nil> cancelling_at:<nil> completed_at:<nil> completion_window:24h created_at:1.769524649e+09 endpoint:/v1/chat/completions errors:<nil> expired_at:1.769611049e+09 expires_at:1.769611049e+09 failed_at:<nil> finalizing_at:<nil> id:batch_2601271437297563553539629 in_process_at:1.769524649e+09 input_file_id:file_2601271437268218054539624 object:spark output_file_id: request_counts:map[completed:38 failed:0 total:50] sid:bat000d9bca@dx19bfe2ddd240000572 status:in_progress]
[INFO] 2026/01/27 14:39:40 logger.go:71: 查询批量任务结果：&{ID: Object: Endpoint: InputFileID:file_2601271437268218054539624 CompletionWindow: Status:in_progress OutputFileID: ErrorFileID:<nil> CreatedAt:0 InProgressAt:0 ExpiresAt:0 FinalizingAt:0 CompletedAt:0 FailedAt:0 CancelledAt:0 RequestCounts:{Total:0 Completed:0 Failed:0} Metadata:map[] BatchID:batch_2601271437297563553539629 TotalCount:50 CompletedCount:38 FailedCount:0}
[INFO] 2026/01/27 14:39:40 logger.go:71: 查询批量任务结果：map[cancelled_at:<nil> cancelling_at:<nil> completed_at:<nil> completion_window:24h created_at:1.769524649e+09 endpoint:/v1/chat/completions errors:<nil> expired_at:1.769611049e+09 expires_at:1.769611049e+09 failed_at:<nil> finalizing_at:<nil> id:batch_2601271437298336628039631 in_process_at:1.769524649e+09 input_file_id:file_2601271437269237987139626 object:spark output_file_id: request_counts:map[completed:38 failed:0 total:50] sid:bat000d9bcb@dx19bfe2ddd770000572 status:in_progress]
[INFO] 2026/01/27 14:39:40 logger.go:71: 查询批量任务结果：&{ID: Object: Endpoint: InputFileID:file_2601271437269237987139626 CompletionWindow: Status:in_progress OutputFileID: ErrorFileID:<nil> CreatedAt:0 InProgressAt:0 ExpiresAt:0 FinalizingAt:0 CompletedAt:0 FailedAt:0 CancelledAt:0 RequestCounts:{Total:0 Completed:0 Failed:0} Metadata:map[] BatchID:batch_2601271437298336628039631 TotalCount:50 CompletedCount:38 FailedCount:0}
[INFO] 2026/01/27 14:39:40 logger.go:71: 查询批量任务结果：map[cancelled_at:<nil> cancelling_at:<nil> completed_at:<nil> completion_window:24h created_at:1.769524649e+09 endpoint:/v1/chat/completions errors:<nil> expired_at:1.769611049e+09 expires_at:1.769611049e+09 failed_at:<nil> finalizing_at:<nil> id:batch_2601271437299793491460527 in_process_at:1.769524649e+09 input_file_id:file_2601271437270362743539628 object:spark output_file_id: request_counts:map[completed:32 failed:0 total:50] sid:bat000d9bcc@dx19bfe2dddbe0000572 status:in_progress]
[INFO] 2026/01/27 14:39:40 logger.go:71: 查询批量任务结果：&{ID: Object: Endpoint: InputFileID:file_2601271437270362743539628 CompletionWindow: Status:in_progress OutputFileID: ErrorFileID:<nil> CreatedAt:0 InProgressAt:0 ExpiresAt:0 FinalizingAt:0 CompletedAt:0 FailedAt:0 CancelledAt:0 RequestCounts:{Total:0 Completed:0 Failed:0} Metadata:map[] BatchID:batch_2601271437299793491460527 TotalCount:50 CompletedCount:32 FailedCount:0}
[INFO] 2026/01/27 14:39:40 logger.go:71: 查询批量任务结果：map[cancelled_at:<nil> cancelling_at:<nil> completed_at:<nil> completion_window:24h created_at:1.76952465e+09 endpoint:/v1/chat/completions errors:<nil> expired_at:1.76961105e+09 expires_at:1.76961105e+09 failed_at:<nil> finalizing_at:<nil> id:batch_2601271437300616387039633 in_process_at:1.76952465e+09 input_file_id:file_2601271437271321801860514 object:spark output_file_id: request_counts:map[completed:37 failed:0 total:50] sid:bat000d9bcd@dx19bfe2dde040000572 status:in_progress]
[INFO] 2026/01/27 14:39:40 logger.go:71: 查询批量任务结果：&{ID: Object: Endpoint: InputFileID:file_2601271437271321801860514 CompletionWindow: Status:in_progress OutputFileID: ErrorFileID:<nil> CreatedAt:0 InProgressAt:0 ExpiresAt:0 FinalizingAt:0 CompletedAt:0 FailedAt:0 CancelledAt:0 RequestCounts:{Total:0 Completed:0 Failed:0} Metadata:map[] BatchID:batch_2601271437300616387039633 TotalCount:50 CompletedCount:37 FailedCount:0}
[INFO] 2026/01/27 14:39:40 logger.go:71: 查询批量任务结果：map[cancelled_at:<nil> cancelling_at:<nil> completed_at:<nil> completion_window:24h created_at:1.76952465e+09 endpoint:/v1/chat/completions errors:<nil> expired_at:1.76961105e+09 expires_at:1.76961105e+09 failed_at:<nil> finalizing_at:<nil> id:batch_2601271437301485741539635 in_process_at:1.76952465e+09 input_file_id:file_2601271437272346589160516 object:spark output_file_id: request_counts:map[completed:39 failed:0 total:50] sid:bat000ded61@dx19bfe2dde500000572 status:in_progress]
[INFO] 2026/01/27 14:39:40 logger.go:71: 查询批量任务结果：&{ID: Object: Endpoint: InputFileID:file_2601271437272346589160516 CompletionWindow: Status:in_progress OutputFileID: ErrorFileID:<nil> CreatedAt:0 InProgressAt:0 ExpiresAt:0 FinalizingAt:0 CompletedAt:0 FailedAt:0 CancelledAt:0 RequestCounts:{Total:0 Completed:0 Failed:0} Metadata:map[] BatchID:batch_2601271437301485741539635 TotalCount:50 CompletedCount:39 FailedCount:0}
[INFO] 2026/01/27 14:39:40 logger.go:71: 查询批量任务结果：map[cancelled_at:<nil> cancelling_at:<nil> completed_at:<nil> completion_window:24h created_at:1.76952465e+09 endpoint:/v1/chat/completions errors:<nil> expired_at:1.76961105e+09 expires_at:1.76961105e+09 failed_at:<nil> finalizing_at:<nil> id:batch_2601271437302283550339637 in_process_at:1.76952465e+09 input_file_id:file_2601271437273433781560518 object:spark output_file_id: request_counts:map[completed:28 failed:0 total:50] sid:bat000ded62@dx19bfe2dde940000572 status:in_progress]
[INFO] 2026/01/27 14:39:40 logger.go:71: 查询批量任务结果：&{ID: Object: Endpoint: InputFileID:file_2601271437273433781560518 CompletionWindow: Status:in_progress OutputFileID: ErrorFileID:<nil> CreatedAt:0 InProgressAt:0 ExpiresAt:0 FinalizingAt:0 CompletedAt:0 FailedAt:0 CancelledAt:0 RequestCounts:{Total:0 Completed:0 Failed:0} Metadata:map[] BatchID:batch_2601271437302283550339637 TotalCount:50 CompletedCount:28 FailedCount:0}
[INFO] 2026/01/27 14:39:42 logger.go:71: 查询批量任务结果：map[cancelled_at:<nil> cancelling_at:<nil> completed_at:<nil> completion_window:24h created_at:1.769524649e+09 endpoint:/v1/chat/completions errors:<nil> expired_at:1.769611049e+09 expires_at:1.769611049e+09 failed_at:<nil> finalizing_at:<nil> id:batch_2601271437295182036360521 in_process_at:1.769524649e+09 input_file_id:file_2601271437265181433960510 object:spark output_file_id: request_counts:map[completed:38 failed:0 total:50] sid:bat000ded67@dx19bfe2de6ee0000572 status:in_progress]
[INFO] 2026/01/27 14:39:42 logger.go:71: 查询批量任务结果：&{ID: Object: Endpoint: InputFileID:file_2601271437265181433960510 CompletionWindow: Status:in_progress OutputFileID: ErrorFileID:<nil> CreatedAt:0 InProgressAt:0 ExpiresAt:0 FinalizingAt:0 CompletedAt:0 FailedAt:0 CancelledAt:0 RequestCounts:{Total:0 Completed:0 Failed:0} Metadata:map[] BatchID:batch_2601271437295182036360521 TotalCount:50 CompletedCount:38 FailedCount:0}
[INFO] 2026/01/27 14:39:42 logger.go:71: 查询批量任务结果：map[cancelled_at:<nil> cancelling_at:<nil> completed_at:<nil> completion_window:24h created_at:1.769524649e+09 endpoint:/v1/chat/completions errors:<nil> expired_at:1.769611049e+09 expires_at:1.769611049e+09 failed_at:<nil> finalizing_at:<nil> id:batch_2601271437296035759860523 in_process_at:1.769524649e+09 input_file_id:file_2601271437266136083639622 object:spark output_file_id: request_counts:map[completed:38 failed:0 total:50] sid:bat000ded68@dx19bfe2de7610000572 status:in_progress]
[INFO] 2026/01/27 14:39:42 logger.go:71: 查询批量任务结果：&{ID: Object: Endpoint: InputFileID:file_2601271437266136083639622 CompletionWindow: Status:in_progress OutputFileID: ErrorFileID:<nil> CreatedAt:0 InProgressAt:0 ExpiresAt:0 FinalizingAt:0 CompletedAt:0 FailedAt:0 CancelledAt:0 RequestCounts:{Total:0 Completed:0 Failed:0} Metadata:map[] BatchID:batch_2601271437296035759860523 TotalCount:50 CompletedCount:38 FailedCount:0}
[INFO] 2026/01/27 14:39:42 logger.go:71: 查询批量任务结果：map[cancelled_at:<nil> cancelling_at:<nil> completed_at:<nil> completion_window:24h created_at:1.769524649e+09 endpoint:/v1/chat/completions errors:<nil> expired_at:1.769611049e+09 expires_at:1.769611049e+09 failed_at:<nil> finalizing_at:<nil> id:batch_2601271437296801125960525 in_process_at:1.769524649e+09 input_file_id:file_2601271437267207140660512 object:spark output_file_id: request_counts:map[completed:43 failed:0 total:50] sid:bat000ded69@dx19bfe2de7ab0000572 status:in_progress]
[INFO] 2026/01/27 14:39:42 logger.go:71: 查询批量任务结果：&{ID: Object: Endpoint: InputFileID:file_2601271437267207140660512 CompletionWindow: Status:in_progress OutputFileID: ErrorFileID:<nil> CreatedAt:0 InProgressAt:0 ExpiresAt:0 FinalizingAt:0 CompletedAt:0 FailedAt:0 CancelledAt:0 RequestCounts:{Total:0 Completed:0 Failed:0} Metadata:map[] BatchID:batch_2601271437296801125960525 TotalCount:50 CompletedCount:43 FailedCount:0}
[INFO] 2026/01/27 14:39:42 logger.go:71: 查询批量任务结果：map[cancelled_at:<nil> cancelling_at:<nil> completed_at:<nil> completion_window:24h created_at:1.769524649e+09 endpoint:/v1/chat/completions errors:<nil> expired_at:1.769611049e+09 expires_at:1.769611049e+09 failed_at:<nil> finalizing_at:<nil> id:batch_2601271437297563553539629 in_process_at:1.769524649e+09 input_file_id:file_2601271437268218054539624 object:spark output_file_id: request_counts:map[completed:38 failed:0 total:50] sid:bat000ded6a@dx19bfe2de7f30000572 status:in_progress]
[INFO] 2026/01/27 14:39:42 logger.go:71: 查询批量任务结果：&{ID: Object: Endpoint: InputFileID:file_2601271437268218054539624 CompletionWindow: Status:in_progress OutputFileID: ErrorFileID:<nil> CreatedAt:0 InProgressAt:0 ExpiresAt:0 FinalizingAt:0 CompletedAt:0 FailedAt:0 CancelledAt:0 RequestCounts:{Total:0 Completed:0 Failed:0} Metadata:map[] BatchID:batch_2601271437297563553539629 TotalCount:50 CompletedCount:38 FailedCount:0}
[INFO] 2026/01/27 14:39:42 logger.go:71: 查询批量任务结果：map[cancelled_at:<nil> cancelling_at:<nil> completed_at:<nil> completion_window:24h created_at:1.769524649e+09 endpoint:/v1/chat/completions errors:<nil> expired_at:1.769611049e+09 expires_at:1.769611049e+09 failed_at:<nil> finalizing_at:<nil> id:batch_2601271437298336628039631 in_process_at:1.769524649e+09 input_file_id:file_2601271437269237987139626 object:spark output_file_id: request_counts:map[completed:38 failed:0 total:50] sid:bat000ded6d@dx19bfe2de83f0000572 status:in_progress]
[INFO] 2026/01/27 14:39:42 logger.go:71: 查询批量任务结果：&{ID: Object: Endpoint: InputFileID:file_2601271437269237987139626 CompletionWindow: Status:in_progress OutputFileID: ErrorFileID:<nil> CreatedAt:0 InProgressAt:0 ExpiresAt:0 FinalizingAt:0 CompletedAt:0 FailedAt:0 CancelledAt:0 RequestCounts:{Total:0 Completed:0 Failed:0} Metadata:map[] BatchID:batch_2601271437298336628039631 TotalCount:50 CompletedCount:38 FailedCount:0}
[INFO] 2026/01/27 14:39:43 logger.go:71: 查询批量任务结果：map[cancelled_at:<nil> cancelling_at:<nil> completed_at:<nil> completion_window:24h created_at:1.769524649e+09 endpoint:/v1/chat/completions errors:<nil> expired_at:1.769611049e+09 expires_at:1.769611049e+09 failed_at:<nil> finalizing_at:<nil> id:batch_2601271437299793491460527 in_process_at:1.769524649e+09 input_file_id:file_2601271437270362743539628 object:spark output_file_id: request_counts:map[completed:32 failed:0 total:50] sid:bat000ded6e@dx19bfe2de89e0000572 status:in_progress]
[INFO] 2026/01/27 14:39:43 logger.go:71: 查询批量任务结果：&{ID: Object: Endpoint: InputFileID:file_2601271437270362743539628 CompletionWindow: Status:in_progress OutputFileID: ErrorFileID:<nil> CreatedAt:0 InProgressAt:0 ExpiresAt:0 FinalizingAt:0 CompletedAt:0 FailedAt:0 CancelledAt:0 RequestCounts:{Total:0 Completed:0 Failed:0} Metadata:map[] BatchID:batch_2601271437299793491460527 TotalCount:50 CompletedCount:32 FailedCount:0}
[INFO] 2026/01/27 14:39:43 logger.go:71: 查询批量任务结果：map[cancelled_at:<nil> cancelling_at:<nil> completed_at:<nil> completion_window:24h created_at:1.76952465e+09 endpoint:/v1/chat/completions errors:<nil> expired_at:1.76961105e+09 expires_at:1.76961105e+09 failed_at:<nil> finalizing_at:<nil> id:batch_2601271437300616387039633 in_process_at:1.76952465e+09 input_file_id:file_2601271437271321801860514 object:spark output_file_id: request_counts:map[completed:37 failed:0 total:50] sid:bat000ded6f@dx19bfe2de8ec0000572 status:in_progress]
[INFO] 2026/01/27 14:39:43 logger.go:71: 查询批量任务结果：&{ID: Object: Endpoint: InputFileID:file_2601271437271321801860514 CompletionWindow: Status:in_progress OutputFileID: ErrorFileID:<nil> CreatedAt:0 InProgressAt:0 ExpiresAt:0 FinalizingAt:0 CompletedAt:0 FailedAt:0 CancelledAt:0 RequestCounts:{Total:0 Completed:0 Failed:0} Metadata:map[] BatchID:batch_2601271437300616387039633 TotalCount:50 CompletedCount:37 FailedCount:0}
[INFO] 2026/01/27 14:39:43 logger.go:71: 查询批量任务结果：map[cancelled_at:<nil> cancelling_at:<nil> completed_at:<nil> completion_window:24h created_at:1.76952465e+09 endpoint:/v1/chat/completions errors:<nil> expired_at:1.76961105e+09 expires_at:1.76961105e+09 failed_at:<nil> finalizing_at:<nil> id:batch_2601271437301485741539635 in_process_at:1.76952465e+09 input_file_id:file_2601271437272346589160516 object:spark output_file_id: request_counts:map[completed:39 failed:0 total:50] sid:bat000d9bdc@dx19bfe2de9350000572 status:in_progress]
[INFO] 2026/01/27 14:39:43 logger.go:71: 查询批量任务结果：&{ID: Object: Endpoint: InputFileID:file_2601271437272346589160516 CompletionWindow: Status:in_progress OutputFileID: ErrorFileID:<nil> CreatedAt:0 InProgressAt:0 ExpiresAt:0 FinalizingAt:0 CompletedAt:0 FailedAt:0 CancelledAt:0 RequestCounts:{Total:0 Completed:0 Failed:0} Metadata:map[] BatchID:batch_2601271437301485741539635 TotalCount:50 CompletedCount:39 FailedCount:0}
[INFO] 2026/01/27 14:39:43 logger.go:71: 查询批量任务结果：map[cancelled_at:<nil> cancelling_at:<nil> completed_at:<nil> completion_window:24h created_at:1.76952465e+09 endpoint:/v1/chat/completions errors:<nil> expired_at:1.76961105e+09 expires_at:1.76961105e+09 failed_at:<nil> finalizing_at:<nil> id:batch_2601271437302283550339637 in_process_at:1.76952465e+09 input_file_id:file_2601271437273433781560518 object:spark output_file_id: request_counts:map[completed:28 failed:0 total:50] sid:bat000d9bdd@dx19bfe2de9ab0000572 status:in_progress]
[INFO] 2026/01/27 14:39:43 logger.go:71: 查询批量任务结果：&{ID: Object: Endpoint: InputFileID:file_2601271437273433781560518 CompletionWindow: Status:in_progress OutputFileID: ErrorFileID:<nil> CreatedAt:0 InProgressAt:0 ExpiresAt:0 FinalizingAt:0 CompletedAt:0 FailedAt:0 CancelledAt:0 RequestCounts:{Total:0 Completed:0 Failed:0} Metadata:map[] BatchID:batch_2601271437302283550339637 TotalCount:50 CompletedCount:28 FailedCount:0}
[INFO] 2026/01/27 14:39:45 logger.go:71: 查询批量任务结果：map[cancelled_at:<nil> cancelling_at:<nil> completed_at:<nil> completion_window:24h created_at:1.769524649e+09 endpoint:/v1/chat/completions errors:<nil> expired_at:1.769611049e+09 expires_at:1.769611049e+09 failed_at:<nil> finalizing_at:<nil> id:batch_2601271437295182036360521 in_process_at:1.769524649e+09 input_file_id:file_2601271437265181433960510 object:spark output_file_id: request_counts:map[completed:39 failed:0 total:50] sid:bat000d9bde@dx19bfe2df1d40000572 status:in_progress]
[INFO] 2026/01/27 14:39:45 logger.go:71: 查询批量任务结果：&{ID: Object: Endpoint: InputFileID:file_2601271437265181433960510 CompletionWindow: Status:in_progress OutputFileID: ErrorFileID:<nil> CreatedAt:0 InProgressAt:0 ExpiresAt:0 FinalizingAt:0 CompletedAt:0 FailedAt:0 CancelledAt:0 RequestCounts:{Total:0 Completed:0 Failed:0} Metadata:map[] BatchID:batch_2601271437295182036360521 TotalCount:50 CompletedCount:39 FailedCount:0}
[INFO] 2026/01/27 14:39:45 logger.go:71: 查询批量任务结果：map[cancelled_at:<nil> cancelling_at:<nil> completed_at:<nil> completion_window:24h created_at:1.769524649e+09 endpoint:/v1/chat/completions errors:<nil> expired_at:1.769611049e+09 expires_at:1.769611049e+09 failed_at:<nil> finalizing_at:<nil> id:batch_2601271437296035759860523 in_process_at:1.769524649e+09 input_file_id:file_2601271437266136083639622 object:spark output_file_id: request_counts:map[completed:38 failed:0 total:50] sid:bat000d9bdf@dx19bfe2df2230000572 status:in_progress]
[INFO] 2026/01/27 14:39:45 logger.go:71: 查询批量任务结果：&{ID: Object: Endpoint: InputFileID:file_2601271437266136083639622 CompletionWindow: Status:in_progress OutputFileID: ErrorFileID:<nil> CreatedAt:0 InProgressAt:0 ExpiresAt:0 FinalizingAt:0 CompletedAt:0 FailedAt:0 CancelledAt:0 RequestCounts:{Total:0 Completed:0 Failed:0} Metadata:map[] BatchID:batch_2601271437296035759860523 TotalCount:50 CompletedCount:38 FailedCount:0}
[INFO] 2026/01/27 14:39:45 logger.go:71: 查询批量任务结果：map[cancelled_at:<nil> cancelling_at:<nil> completed_at:<nil> completion_window:24h created_at:1.769524649e+09 endpoint:/v1/chat/completions errors:<nil> expired_at:1.769611049e+09 expires_at:1.769611049e+09 failed_at:<nil> finalizing_at:<nil> id:batch_2601271437296801125960525 in_process_at:1.769524649e+09 input_file_id:file_2601271437267207140660512 object:spark output_file_id: request_counts:map[completed:43 failed:0 total:50] sid:bat000d9be0@dx19bfe2df2700000572 status:in_progress]
[INFO] 2026/01/27 14:39:45 logger.go:71: 查询批量任务结果：&{ID: Object: Endpoint: InputFileID:file_2601271437267207140660512 CompletionWindow: Status:in_progress OutputFileID: ErrorFileID:<nil> CreatedAt:0 InProgressAt:0 ExpiresAt:0 FinalizingAt:0 CompletedAt:0 FailedAt:0 CancelledAt:0 RequestCounts:{Total:0 Completed:0 Failed:0} Metadata:map[] BatchID:batch_2601271437296801125960525 TotalCount:50 CompletedCount:43 FailedCount:0}
[INFO] 2026/01/27 14:39:45 logger.go:71: 查询批量任务结果：map[cancelled_at:<nil> cancelling_at:<nil> completed_at:<nil> completion_window:24h created_at:1.769524649e+09 endpoint:/v1/chat/completions errors:<nil> expired_at:1.769611049e+09 expires_at:1.769611049e+09 failed_at:<nil> finalizing_at:<nil> id:batch_2601271437297563553539629 in_process_at:1.769524649e+09 input_file_id:file_2601271437268218054539624 object:spark output_file_id: request_counts:map[completed:38 failed:0 total:50] sid:bat000d9be1@dx19bfe2df2cb0000572 status:in_progress]
[INFO] 2026/01/27 14:39:45 logger.go:71: 查询批量任务结果：&{ID: Object: Endpoint: InputFileID:file_2601271437268218054539624 CompletionWindow: Status:in_progress OutputFileID: ErrorFileID:<nil> CreatedAt:0 InProgressAt:0 ExpiresAt:0 FinalizingAt:0 CompletedAt:0 FailedAt:0 CancelledAt:0 RequestCounts:{Total:0 Completed:0 Failed:0} Metadata:map[] BatchID:batch_2601271437297563553539629 TotalCount:50 CompletedCount:38 FailedCount:0}
[INFO] 2026/01/27 14:39:45 logger.go:71: 查询批量任务结果：map[cancelled_at:<nil> cancelling_at:<nil> completed_at:<nil> completion_window:24h created_at:1.769524649e+09 endpoint:/v1/chat/completions errors:<nil> expired_at:1.769611049e+09 expires_at:1.769611049e+09 failed_at:<nil> finalizing_at:<nil> id:batch_2601271437298336628039631 in_process_at:1.769524649e+09 input_file_id:file_2601271437269237987139626 object:spark output_file_id: request_counts:map[completed:38 failed:0 total:50] sid:bat000d9be2@dx19bfe2df3120000572 status:in_progress]
[INFO] 2026/01/27 14:39:45 logger.go:71: 查询批量任务结果：&{ID: Object: Endpoint: InputFileID:file_2601271437269237987139626 CompletionWindow: Status:in_progress OutputFileID: ErrorFileID:<nil> CreatedAt:0 InProgressAt:0 ExpiresAt:0 FinalizingAt:0 CompletedAt:0 FailedAt:0 CancelledAt:0 RequestCounts:{Total:0 Completed:0 Failed:0} Metadata:map[] BatchID:batch_2601271437298336628039631 TotalCount:50 CompletedCount:38 FailedCount:0}
[INFO] 2026/01/27 14:39:45 logger.go:71: 查询批量任务结果：map[cancelled_at:<nil> cancelling_at:<nil> completed_at:<nil> completion_window:24h created_at:1.769524649e+09 endpoint:/v1/chat/completions errors:<nil> expired_at:1.769611049e+09 expires_at:1.769611049e+09 failed_at:<nil> finalizing_at:<nil> id:batch_2601271437299793491460527 in_process_at:1.769524649e+09 input_file_id:file_2601271437270362743539628 object:spark output_file_id: request_counts:map[completed:32 failed:0 total:50] sid:bat000d9be3@dx19bfe2df3810000572 status:in_progress]
[INFO] 2026/01/27 14:39:45 logger.go:71: 查询批量任务结果：&{ID: Object: Endpoint: InputFileID:file_2601271437270362743539628 CompletionWindow: Status:in_progress OutputFileID: ErrorFileID:<nil> CreatedAt:0 InProgressAt:0 ExpiresAt:0 FinalizingAt:0 CompletedAt:0 FailedAt:0 CancelledAt:0 RequestCounts:{Total:0 Completed:0 Failed:0} Metadata:map[] BatchID:batch_2601271437299793491460527 TotalCount:50 CompletedCount:32 FailedCount:0}
[INFO] 2026/01/27 14:39:45 logger.go:71: 查询批量任务结果：map[cancelled_at:<nil> cancelling_at:<nil> completed_at:<nil> completion_window:24h created_at:1.76952465e+09 endpoint:/v1/chat/completions errors:<nil> expired_at:1.76961105e+09 expires_at:1.76961105e+09 failed_at:<nil> finalizing_at:<nil> id:batch_2601271437300616387039633 in_process_at:1.76952465e+09 input_file_id:file_2601271437271321801860514 object:spark output_file_id: request_counts:map[completed:37 failed:0 total:50] sid:bat000ded7a@dx19bfe2df3c80000572 status:in_progress]
[INFO] 2026/01/27 14:39:45 logger.go:71: 查询批量任务结果：&{ID: Object: Endpoint: InputFileID:file_2601271437271321801860514 CompletionWindow: Status:in_progress OutputFileID: ErrorFileID:<nil> CreatedAt:0 InProgressAt:0 ExpiresAt:0 FinalizingAt:0 CompletedAt:0 FailedAt:0 CancelledAt:0 RequestCounts:{Total:0 Completed:0 Failed:0} Metadata:map[] BatchID:batch_2601271437300616387039633 TotalCount:50 CompletedCount:37 FailedCount:0}
[INFO] 2026/01/27 14:39:45 logger.go:71: 查询批量任务结果：map[cancelled_at:<nil> cancelling_at:<nil> completed_at:<nil> completion_window:24h created_at:1.76952465e+09 endpoint:/v1/chat/completions errors:<nil> expired_at:1.76961105e+09 expires_at:1.76961105e+09 failed_at:<nil> finalizing_at:<nil> id:batch_2601271437301485741539635 in_process_at:1.76952465e+09 input_file_id:file_2601271437272346589160516 object:spark output_file_id: request_counts:map[completed:39 failed:0 total:50] sid:bat000ded7b@dx19bfe2df4100000572 status:in_progress]
[INFO] 2026/01/27 14:39:45 logger.go:71: 查询批量任务结果：&{ID: Object: Endpoint: InputFileID:file_2601271437272346589160516 CompletionWindow: Status:in_progress OutputFileID: ErrorFileID:<nil> CreatedAt:0 InProgressAt:0 ExpiresAt:0 FinalizingAt:0 CompletedAt:0 FailedAt:0 CancelledAt:0 RequestCounts:{Total:0 Completed:0 Failed:0} Metadata:map[] BatchID:batch_2601271437301485741539635 TotalCount:50 CompletedCount:39 FailedCount:0}
[INFO] 2026/01/27 14:39:46 logger.go:71: 查询批量任务结果：map[cancelled_at:<nil> cancelling_at:<nil> completed_at:<nil> completion_window:24h created_at:1.76952465e+09 endpoint:/v1/chat/completions errors:<nil> expired_at:1.76961105e+09 expires_at:1.76961105e+09 failed_at:<nil> finalizing_at:<nil> id:batch_2601271437302283550339637 in_process_at:1.76952465e+09 input_file_id:file_2601271437273433781560518 object:spark output_file_id: request_counts:map[completed:28 failed:0 total:50] sid:bat000ded7c@dx19bfe2df4610000572 status:in_progress]
[INFO] 2026/01/27 14:39:46 logger.go:71: 查询批量任务结果：&{ID: Object: Endpoint: InputFileID:file_2601271437273433781560518 CompletionWindow: Status:in_progress OutputFileID: ErrorFileID:<nil> CreatedAt:0 InProgressAt:0 ExpiresAt:0 FinalizingAt:0 CompletedAt:0 FailedAt:0 CancelledAt:0 RequestCounts:{Total:0 Completed:0 Failed:0} Metadata:map[] BatchID:batch_2601271437302283550339637 TotalCount:50 CompletedCount:28 FailedCount:0}
[INFO] 2026/01/27 14:39:48 logger.go:71: 查询批量任务结果：map[cancelled_at:<nil> cancelling_at:<nil> completed_at:<nil> completion_window:24h created_at:1.769524649e+09 endpoint:/v1/chat/completions errors:<nil> expired_at:1.769611049e+09 expires_at:1.769611049e+09 failed_at:<nil> finalizing_at:<nil> id:batch_2601271437295182036360521 in_process_at:1.769524649e+09 input_file_id:file_2601271437265181433960510 object:spark output_file_id: request_counts:map[completed:39 failed:0 total:50] sid:bat000d9be8@dx19bfe2dfc910000572 status:in_progress]
[INFO] 2026/01/27 14:39:48 logger.go:71: 查询批量任务结果：&{ID: Object: Endpoint: InputFileID:file_2601271437265181433960510 CompletionWindow: Status:in_progress OutputFileID: ErrorFileID:<nil> CreatedAt:0 InProgressAt:0 ExpiresAt:0 FinalizingAt:0 CompletedAt:0 FailedAt:0 CancelledAt:0 RequestCounts:{Total:0 Completed:0 Failed:0} Metadata:map[] BatchID:batch_2601271437295182036360521 TotalCount:50 CompletedCount:39 FailedCount:0}
[INFO] 2026/01/27 14:39:48 logger.go:71: 查询批量任务结果：map[cancelled_at:<nil> cancelling_at:<nil> completed_at:<nil> completion_window:24h created_at:1.769524649e+09 endpoint:/v1/chat/completions errors:<nil> expired_at:1.769611049e+09 expires_at:1.769611049e+09 failed_at:<nil> finalizing_at:<nil> id:batch_2601271437296035759860523 in_process_at:1.769524649e+09 input_file_id:file_2601271437266136083639622 object:spark output_file_id: request_counts:map[completed:38 failed:0 total:50] sid:bat000ded7e@dx19bfe2dfcfb0000572 status:in_progress]
[INFO] 2026/01/27 14:39:48 logger.go:71: 查询批量任务结果：&{ID: Object: Endpoint: InputFileID:file_2601271437266136083639622 CompletionWindow: Status:in_progress OutputFileID: ErrorFileID:<nil> CreatedAt:0 InProgressAt:0 ExpiresAt:0 FinalizingAt:0 CompletedAt:0 FailedAt:0 CancelledAt:0 RequestCounts:{Total:0 Completed:0 Failed:0} Metadata:map[] BatchID:batch_2601271437296035759860523 TotalCount:50 CompletedCount:38 FailedCount:0}
[INFO] 2026/01/27 14:39:48 logger.go:71: 查询批量任务结果：map[cancelled_at:<nil> cancelling_at:<nil> completed_at:<nil> completion_window:24h created_at:1.769524649e+09 endpoint:/v1/chat/completions errors:<nil> expired_at:1.769611049e+09 expires_at:1.769611049e+09 failed_at:<nil> finalizing_at:<nil> id:batch_2601271437296801125960525 in_process_at:1.769524649e+09 input_file_id:file_2601271437267207140660512 object:spark output_file_id: request_counts:map[completed:43 failed:0 total:50] sid:bat000ded7f@dx19bfe2dfd430000572 status:in_progress]
[INFO] 2026/01/27 14:39:48 logger.go:71: 查询批量任务结果：&{ID: Object: Endpoint: InputFileID:file_2601271437267207140660512 CompletionWindow: Status:in_progress OutputFileID: ErrorFileID:<nil> CreatedAt:0 InProgressAt:0 ExpiresAt:0 FinalizingAt:0 CompletedAt:0 FailedAt:0 CancelledAt:0 RequestCounts:{Total:0 Completed:0 Failed:0} Metadata:map[] BatchID:batch_2601271437296801125960525 TotalCount:50 CompletedCount:43 FailedCount:0}
[INFO] 2026/01/27 14:39:48 logger.go:71: 查询批量任务结果：map[cancelled_at:<nil> cancelling_at:<nil> completed_at:<nil> completion_window:24h created_at:1.769524649e+09 endpoint:/v1/chat/completions errors:<nil> expired_at:1.769611049e+09 expires_at:1.769611049e+09 failed_at:<nil> finalizing_at:<nil> id:batch_2601271437297563553539629 in_process_at:1.769524649e+09 input_file_id:file_2601271437268218054539624 object:spark output_file_id: request_counts:map[completed:38 failed:0 total:50] sid:bat000ded80@dx19bfe2dfd8f0000572 status:in_progress]
[INFO] 2026/01/27 14:39:48 logger.go:71: 查询批量任务结果：&{ID: Object: Endpoint: InputFileID:file_2601271437268218054539624 CompletionWindow: Status:in_progress OutputFileID: ErrorFileID:<nil> CreatedAt:0 InProgressAt:0 ExpiresAt:0 FinalizingAt:0 CompletedAt:0 FailedAt:0 CancelledAt:0 RequestCounts:{Total:0 Completed:0 Failed:0} Metadata:map[] BatchID:batch_2601271437297563553539629 TotalCount:50 CompletedCount:38 FailedCount:0}
[INFO] 2026/01/27 14:39:48 logger.go:71: 查询批量任务结果：map[cancelled_at:<nil> cancelling_at:<nil> completed_at:<nil> completion_window:24h created_at:1.769524649e+09 endpoint:/v1/chat/completions errors:<nil> expired_at:1.769611049e+09 expires_at:1.769611049e+09 failed_at:<nil> finalizing_at:<nil> id:batch_2601271437298336628039631 in_process_at:1.769524649e+09 input_file_id:file_2601271437269237987139626 object:spark output_file_id: request_counts:map[completed:38 failed:0 total:50] sid:bat000d9be9@dx19bfe2dfddb0000572 status:in_progress]
[INFO] 2026/01/27 14:39:48 logger.go:71: 查询批量任务结果：&{ID: Object: Endpoint: InputFileID:file_2601271437269237987139626 CompletionWindow: Status:in_progress OutputFileID: ErrorFileID:<nil> CreatedAt:0 InProgressAt:0 ExpiresAt:0 FinalizingAt:0 CompletedAt:0 FailedAt:0 CancelledAt:0 RequestCounts:{Total:0 Completed:0 Failed:0} Metadata:map[] BatchID:batch_2601271437298336628039631 TotalCount:50 CompletedCount:38 FailedCount:0}
[INFO] 2026/01/27 14:39:48 logger.go:71: 查询批量任务结果：map[cancelled_at:<nil> cancelling_at:<nil> completed_at:<nil> completion_window:24h created_at:1.769524649e+09 endpoint:/v1/chat/completions errors:<nil> expired_at:1.769611049e+09 expires_at:1.769611049e+09 failed_at:<nil> finalizing_at:<nil> id:batch_2601271437299793491460527 in_process_at:1.769524649e+09 input_file_id:file_2601271437270362743539628 object:spark output_file_id: request_counts:map[completed:32 failed:0 total:50] sid:bat000ded82@dx19bfe2dfe450000572 status:in_progress]
[INFO] 2026/01/27 14:39:48 logger.go:71: 查询批量任务结果：&{ID: Object: Endpoint: InputFileID:file_2601271437270362743539628 CompletionWindow: Status:in_progress OutputFileID: ErrorFileID:<nil> CreatedAt:0 InProgressAt:0 ExpiresAt:0 FinalizingAt:0 CompletedAt:0 FailedAt:0 CancelledAt:0 RequestCounts:{Total:0 Completed:0 Failed:0} Metadata:map[] BatchID:batch_2601271437299793491460527 TotalCount:50 CompletedCount:32 FailedCount:0}
[INFO] 2026/01/27 14:39:48 logger.go:71: 查询批量任务结果：map[cancelled_at:<nil> cancelling_at:<nil> completed_at:<nil> completion_window:24h created_at:1.76952465e+09 endpoint:/v1/chat/completions errors:<nil> expired_at:1.76961105e+09 expires_at:1.76961105e+09 failed_at:<nil> finalizing_at:<nil> id:batch_2601271437300616387039633 in_process_at:1.76952465e+09 input_file_id:file_2601271437271321801860514 object:spark output_file_id: request_counts:map[completed:38 failed:0 total:50] sid:bat000d9bea@dx19bfe2dfe8a0000572 status:in_progress]
[INFO] 2026/01/27 14:39:48 logger.go:71: 查询批量任务结果：&{ID: Object: Endpoint: InputFileID:file_2601271437271321801860514 CompletionWindow: Status:in_progress OutputFileID: ErrorFileID:<nil> CreatedAt:0 InProgressAt:0 ExpiresAt:0 FinalizingAt:0 CompletedAt:0 FailedAt:0 CancelledAt:0 RequestCounts:{Total:0 Completed:0 Failed:0} Metadata:map[] BatchID:batch_2601271437300616387039633 TotalCount:50 CompletedCount:38 FailedCount:0}
[INFO] 2026/01/27 14:39:48 logger.go:71: 查询批量任务结果：map[cancelled_at:<nil> cancelling_at:<nil> completed_at:<nil> completion_window:24h created_at:1.76952465e+09 endpoint:/v1/chat/completions errors:<nil> expired_at:1.76961105e+09 expires_at:1.76961105e+09 failed_at:<nil> finalizing_at:<nil> id:batch_2601271437301485741539635 in_process_at:1.76952465e+09 input_file_id:file_2601271437272346589160516 object:spark output_file_id: request_counts:map[completed:39 failed:0 total:50] sid:bat000ded83@dx19bfe2dfed30000572 status:in_progress]
[INFO] 2026/01/27 14:39:48 logger.go:71: 查询批量任务结果：&{ID: Object: Endpoint: InputFileID:file_2601271437272346589160516 CompletionWindow: Status:in_progress OutputFileID: ErrorFileID:<nil> CreatedAt:0 InProgressAt:0 ExpiresAt:0 FinalizingAt:0 CompletedAt:0 FailedAt:0 CancelledAt:0 RequestCounts:{Total:0 Completed:0 Failed:0} Metadata:map[] BatchID:batch_2601271437301485741539635 TotalCount:50 CompletedCount:39 FailedCount:0}
[INFO] 2026/01/27 14:39:48 logger.go:71: 查询批量任务结果：map[cancelled_at:<nil> cancelling_at:<nil> completed_at:<nil> completion_window:24h created_at:1.76952465e+09 endpoint:/v1/chat/completions errors:<nil> expired_at:1.76961105e+09 expires_at:1.76961105e+09 failed_at:<nil> finalizing_at:<nil> id:batch_2601271437302283550339637 in_process_at:1.76952465e+09 input_file_id:file_2601271437273433781560518 object:spark output_file_id: request_counts:map[completed:29 failed:0 total:50] sid:bat000d9beb@dx19bfe2dff250000572 status:in_progress]
[INFO] 2026/01/27 14:39:48 logger.go:71: 查询批量任务结果：&{ID: Object: Endpoint: InputFileID:file_2601271437273433781560518 CompletionWindow: Status:in_progress OutputFileID: ErrorFileID:<nil> CreatedAt:0 InProgressAt:0 ExpiresAt:0 FinalizingAt:0 CompletedAt:0 FailedAt:0 CancelledAt:0 RequestCounts:{Total:0 Completed:0 Failed:0} Metadata:map[] BatchID:batch_2601271437302283550339637 TotalCount:50 CompletedCount:29 FailedCount:0}
[INFO] 2026/01/27 14:39:50 logger.go:71: 查询批量任务结果：map[cancelled_at:<nil> cancelling_at:<nil> completed_at:<nil> completion_window:24h created_at:1.769524649e+09 endpoint:/v1/chat/completions errors:<nil> expired_at:1.769611049e+09 expires_at:1.769611049e+09 failed_at:<nil> finalizing_at:<nil> id:batch_2601271437295182036360521 in_process_at:1.769524649e+09 input_file_id:file_2601271437265181433960510 object:spark output_file_id: request_counts:map[completed:42 failed:0 total:50] sid:bat000d9bec@dx19bfe2e07480000572 status:in_progress]
[INFO] 2026/01/27 14:39:50 logger.go:71: 查询批量任务结果：&{ID: Object: Endpoint: InputFileID:file_2601271437265181433960510 CompletionWindow: Status:in_progress OutputFileID: ErrorFileID:<nil> CreatedAt:0 InProgressAt:0 ExpiresAt:0 FinalizingAt:0 CompletedAt:0 FailedAt:0 CancelledAt:0 RequestCounts:{Total:0 Completed:0 Failed:0} Metadata:map[] BatchID:batch_2601271437295182036360521 TotalCount:50 CompletedCount:42 FailedCount:0}
[INFO] 2026/01/27 14:39:51 logger.go:71: 查询批量任务结果：map[cancelled_at:<nil> cancelling_at:<nil> completed_at:<nil> completion_window:24h created_at:1.769524649e+09 endpoint:/v1/chat/completions errors:<nil> expired_at:1.769611049e+09 expires_at:1.769611049e+09 failed_at:<nil> finalizing_at:<nil> id:batch_2601271437296035759860523 in_process_at:1.769524649e+09 input_file_id:file_2601271437266136083639622 object:spark output_file_id: request_counts:map[completed:40 failed:0 total:50] sid:bat000ded84@dx19bfe2e08060000572 status:in_progress]
[INFO] 2026/01/27 14:39:51 logger.go:71: 查询批量任务结果：&{ID: Object: Endpoint: InputFileID:file_2601271437266136083639622 CompletionWindow: Status:in_progress OutputFileID: ErrorFileID:<nil> CreatedAt:0 InProgressAt:0 ExpiresAt:0 FinalizingAt:0 CompletedAt:0 FailedAt:0 CancelledAt:0 RequestCounts:{Total:0 Completed:0 Failed:0} Metadata:map[] BatchID:batch_2601271437296035759860523 TotalCount:50 CompletedCount:40 FailedCount:0}
[INFO] 2026/01/27 14:39:51 logger.go:71: 查询批量任务结果：map[cancelled_at:<nil> cancelling_at:<nil> completed_at:<nil> completion_window:24h created_at:1.769524649e+09 endpoint:/v1/chat/completions errors:<nil> expired_at:1.769611049e+09 expires_at:1.769611049e+09 failed_at:<nil> finalizing_at:<nil> id:batch_2601271437296801125960525 in_process_at:1.769524649e+09 input_file_id:file_2601271437267207140660512 object:spark output_file_id: request_counts:map[completed:45 failed:0 total:50] sid:bat000d9bed@dx19bfe2e084e0000572 status:in_progress]
[INFO] 2026/01/27 14:39:51 logger.go:71: 查询批量任务结果：&{ID: Object: Endpoint: InputFileID:file_2601271437267207140660512 CompletionWindow: Status:in_progress OutputFileID: ErrorFileID:<nil> CreatedAt:0 InProgressAt:0 ExpiresAt:0 FinalizingAt:0 CompletedAt:0 FailedAt:0 CancelledAt:0 RequestCounts:{Total:0 Completed:0 Failed:0} Metadata:map[] BatchID:batch_2601271437296801125960525 TotalCount:50 CompletedCount:45 FailedCount:0}
[INFO] 2026/01/27 14:39:51 logger.go:71: 查询批量任务结果：map[cancelled_at:<nil> cancelling_at:<nil> completed_at:<nil> completion_window:24h created_at:1.769524649e+09 endpoint:/v1/chat/completions errors:<nil> expired_at:1.769611049e+09 expires_at:1.769611049e+09 failed_at:<nil> finalizing_at:<nil> id:batch_2601271437297563553539629 in_process_at:1.769524649e+09 input_file_id:file_2601271437268218054539624 object:spark output_file_id: request_counts:map[completed:40 failed:0 total:50] sid:bat000ded85@dx19bfe2e08910000572 status:in_progress]
[INFO] 2026/01/27 14:39:51 logger.go:71: 查询批量任务结果：&{ID: Object: Endpoint: InputFileID:file_2601271437268218054539624 CompletionWindow: Status:in_progress OutputFileID: ErrorFileID:<nil> CreatedAt:0 InProgressAt:0 ExpiresAt:0 FinalizingAt:0 CompletedAt:0 FailedAt:0 CancelledAt:0 RequestCounts:{Total:0 Completed:0 Failed:0} Metadata:map[] BatchID:batch_2601271437297563553539629 TotalCount:50 CompletedCount:40 FailedCount:0}
[INFO] 2026/01/27 14:39:51 logger.go:71: 查询批量任务结果：map[cancelled_at:<nil> cancelling_at:<nil> completed_at:<nil> completion_window:24h created_at:1.769524649e+09 endpoint:/v1/chat/completions errors:<nil> expired_at:1.769611049e+09 expires_at:1.769611049e+09 failed_at:<nil> finalizing_at:<nil> id:batch_2601271437298336628039631 in_process_at:1.769524649e+09 input_file_id:file_2601271437269237987139626 object:spark output_file_id: request_counts:map[completed:41 failed:0 total:50] sid:bat000ded86@dx19bfe2e08df0000572 status:in_progress]
[INFO] 2026/01/27 14:39:51 logger.go:71: 查询批量任务结果：&{ID: Object: Endpoint: InputFileID:file_2601271437269237987139626 CompletionWindow: Status:in_progress OutputFileID: ErrorFileID:<nil> CreatedAt:0 InProgressAt:0 ExpiresAt:0 FinalizingAt:0 CompletedAt:0 FailedAt:0 CancelledAt:0 RequestCounts:{Total:0 Completed:0 Failed:0} Metadata:map[] BatchID:batch_2601271437298336628039631 TotalCount:50 CompletedCount:41 FailedCount:0}
[INFO] 2026/01/27 14:39:51 logger.go:71: 查询批量任务结果：map[cancelled_at:<nil> cancelling_at:<nil> completed_at:<nil> completion_window:24h created_at:1.769524649e+09 endpoint:/v1/chat/completions errors:<nil> expired_at:1.769611049e+09 expires_at:1.769611049e+09 failed_at:<nil> finalizing_at:<nil> id:batch_2601271437299793491460527 in_process_at:1.769524649e+09 input_file_id:file_2601271437270362743539628 object:spark output_file_id: request_counts:map[completed:33 failed:0 total:50] sid:bat000ded87@dx19bfe2e092b0000572 status:in_progress]
[INFO] 2026/01/27 14:39:51 logger.go:71: 查询批量任务结果：&{ID: Object: Endpoint: InputFileID:file_2601271437270362743539628 CompletionWindow: Status:in_progress OutputFileID: ErrorFileID:<nil> CreatedAt:0 InProgressAt:0 ExpiresAt:0 FinalizingAt:0 CompletedAt:0 FailedAt:0 CancelledAt:0 RequestCounts:{Total:0 Completed:0 Failed:0} Metadata:map[] BatchID:batch_2601271437299793491460527 TotalCount:50 CompletedCount:33 FailedCount:0}
[INFO] 2026/01/27 14:39:51 logger.go:71: 查询批量任务结果：map[cancelled_at:<nil> cancelling_at:<nil> completed_at:<nil> completion_window:24h created_at:1.76952465e+09 endpoint:/v1/chat/completions errors:<nil> expired_at:1.76961105e+09 expires_at:1.76961105e+09 failed_at:<nil> finalizing_at:<nil> id:batch_2601271437300616387039633 in_process_at:1.76952465e+09 input_file_id:file_2601271437271321801860514 object:spark output_file_id: request_counts:map[completed:39 failed:0 total:50] sid:bat000d9bee@dx19bfe2e09700000572 status:in_progress]
[INFO] 2026/01/27 14:39:51 logger.go:71: 查询批量任务结果：&{ID: Object: Endpoint: InputFileID:file_2601271437271321801860514 CompletionWindow: Status:in_progress OutputFileID: ErrorFileID:<nil> CreatedAt:0 InProgressAt:0 ExpiresAt:0 FinalizingAt:0 CompletedAt:0 FailedAt:0 CancelledAt:0 RequestCounts:{Total:0 Completed:0 Failed:0} Metadata:map[] BatchID:batch_2601271437300616387039633 TotalCount:50 CompletedCount:39 FailedCount:0}
[INFO] 2026/01/27 14:39:51 logger.go:71: 查询批量任务结果：map[cancelled_at:<nil> cancelling_at:<nil> completed_at:<nil> completion_window:24h created_at:1.76952465e+09 endpoint:/v1/chat/completions errors:<nil> expired_at:1.76961105e+09 expires_at:1.76961105e+09 failed_at:<nil> finalizing_at:<nil> id:batch_2601271437301485741539635 in_process_at:1.76952465e+09 input_file_id:file_2601271437272346589160516 object:spark output_file_id: request_counts:map[completed:39 failed:0 total:50] sid:bat000ded88@dx19bfe2e09b80000572 status:in_progress]
[INFO] 2026/01/27 14:39:51 logger.go:71: 查询批量任务结果：&{ID: Object: Endpoint: InputFileID:file_2601271437272346589160516 CompletionWindow: Status:in_progress OutputFileID: ErrorFileID:<nil> CreatedAt:0 InProgressAt:0 ExpiresAt:0 FinalizingAt:0 CompletedAt:0 FailedAt:0 CancelledAt:0 RequestCounts:{Total:0 Completed:0 Failed:0} Metadata:map[] BatchID:batch_2601271437301485741539635 TotalCount:50 CompletedCount:39 FailedCount:0}
[INFO] 2026/01/27 14:39:51 logger.go:71: 查询批量任务结果：map[cancelled_at:<nil> cancelling_at:<nil> completed_at:<nil> completion_window:24h created_at:1.76952465e+09 endpoint:/v1/chat/completions errors:<nil> expired_at:1.76961105e+09 expires_at:1.76961105e+09 failed_at:<nil> finalizing_at:<nil> id:batch_2601271437302283550339637 in_process_at:1.76952465e+09 input_file_id:file_2601271437273433781560518 object:spark output_file_id: request_counts:map[completed:29 failed:0 total:50] sid:bat000d9bef@dx19bfe2e0a050000572 status:in_progress]
[INFO] 2026/01/27 14:39:51 logger.go:71: 查询批量任务结果：&{ID: Object: Endpoint: InputFileID:file_2601271437273433781560518 CompletionWindow: Status:in_progress OutputFileID: ErrorFileID:<nil> CreatedAt:0 InProgressAt:0 ExpiresAt:0 FinalizingAt:0 CompletedAt:0 FailedAt:0 CancelledAt:0 RequestCounts:{Total:0 Completed:0 Failed:0} Metadata:map[] BatchID:batch_2601271437302283550339637 TotalCount:50 CompletedCount:29 FailedCount:0}
[INFO] 2026/01/27 14:39:53 logger.go:71: 查询批量任务结果：map[cancelled_at:<nil> cancelling_at:<nil> completed_at:<nil> completion_window:24h created_at:1.769524649e+09 endpoint:/v1/chat/completions errors:<nil> expired_at:1.769611049e+09 expires_at:1.769611049e+09 failed_at:<nil> finalizing_at:<nil> id:batch_2601271437295182036360521 in_process_at:1.769524649e+09 input_file_id:file_2601271437265181433960510 object:spark output_file_id: request_counts:map[completed:43 failed:0 total:50] sid:bat000ded8a@dx19bfe2e121e0000572 status:in_progress]
[INFO] 2026/01/27 14:39:53 logger.go:71: 查询批量任务结果：&{ID: Object: Endpoint: InputFileID:file_2601271437265181433960510 CompletionWindow: Status:in_progress OutputFileID: ErrorFileID:<nil> CreatedAt:0 InProgressAt:0 ExpiresAt:0 FinalizingAt:0 CompletedAt:0 FailedAt:0 CancelledAt:0 RequestCounts:{Total:0 Completed:0 Failed:0} Metadata:map[] BatchID:batch_2601271437295182036360521 TotalCount:50 CompletedCount:43 FailedCount:0}
[INFO] 2026/01/27 14:39:53 logger.go:71: 查询批量任务结果：map[cancelled_at:<nil> cancelling_at:<nil> completed_at:<nil> completion_window:24h created_at:1.769524649e+09 endpoint:/v1/chat/completions errors:<nil> expired_at:1.769611049e+09 expires_at:1.769611049e+09 failed_at:<nil> finalizing_at:<nil> id:batch_2601271437296035759860523 in_process_at:1.769524649e+09 input_file_id:file_2601271437266136083639622 object:spark output_file_id: request_counts:map[completed:41 failed:0 total:50] sid:bat000d9bf0@dx19bfe2e126b0000572 status:in_progress]
[INFO] 2026/01/27 14:39:53 logger.go:71: 查询批量任务结果：&{ID: Object: Endpoint: InputFileID:file_2601271437266136083639622 CompletionWindow: Status:in_progress OutputFileID: ErrorFileID:<nil> CreatedAt:0 InProgressAt:0 ExpiresAt:0 FinalizingAt:0 CompletedAt:0 FailedAt:0 CancelledAt:0 RequestCounts:{Total:0 Completed:0 Failed:0} Metadata:map[] BatchID:batch_2601271437296035759860523 TotalCount:50 CompletedCount:41 FailedCount:0}
[INFO] 2026/01/27 14:39:53 logger.go:71: 查询批量任务结果：map[cancelled_at:<nil> cancelling_at:<nil> completed_at:<nil> completion_window:24h created_at:1.769524649e+09 endpoint:/v1/chat/completions errors:<nil> expired_at:1.769611049e+09 expires_at:1.769611049e+09 failed_at:<nil> finalizing_at:<nil> id:batch_2601271437296801125960525 in_process_at:1.769524649e+09 input_file_id:file_2601271437267207140660512 object:spark output_file_id: request_counts:map[completed:47 failed:0 total:50] sid:bat000ded8b@dx19bfe2e12b60000572 status:in_progress]
[INFO] 2026/01/27 14:39:53 logger.go:71: 查询批量任务结果：&{ID: Object: Endpoint: InputFileID:file_2601271437267207140660512 CompletionWindow: Status:in_progress OutputFileID: ErrorFileID:<nil> CreatedAt:0 InProgressAt:0 ExpiresAt:0 FinalizingAt:0 CompletedAt:0 FailedAt:0 CancelledAt:0 RequestCounts:{Total:0 Completed:0 Failed:0} Metadata:map[] BatchID:batch_2601271437296801125960525 TotalCount:50 CompletedCount:47 FailedCount:0}
[INFO] 2026/01/27 14:39:53 logger.go:71: 查询批量任务结果：map[cancelled_at:<nil> cancelling_at:<nil> completed_at:<nil> completion_window:24h created_at:1.769524649e+09 endpoint:/v1/chat/completions errors:<nil> expired_at:1.769611049e+09 expires_at:1.769611049e+09 failed_at:<nil> finalizing_at:<nil> id:batch_2601271437297563553539629 in_process_at:1.769524649e+09 input_file_id:file_2601271437268218054539624 object:spark output_file_id: request_counts:map[completed:41 failed:0 total:50] sid:bat000ded8c@dx19bfe2e12ff0000572 status:in_progress]
[INFO] 2026/01/27 14:39:53 logger.go:71: 查询批量任务结果：&{ID: Object: Endpoint: InputFileID:file_2601271437268218054539624 CompletionWindow: Status:in_progress OutputFileID: ErrorFileID:<nil> CreatedAt:0 InProgressAt:0 ExpiresAt:0 FinalizingAt:0 CompletedAt:0 FailedAt:0 CancelledAt:0 RequestCounts:{Total:0 Completed:0 Failed:0} Metadata:map[] BatchID:batch_2601271437297563553539629 TotalCount:50 CompletedCount:41 FailedCount:0}
[INFO] 2026/01/27 14:39:53 logger.go:71: 查询批量任务结果：map[cancelled_at:<nil> cancelling_at:<nil> completed_at:<nil> completion_window:24h created_at:1.769524649e+09 endpoint:/v1/chat/completions errors:<nil> expired_at:1.769611049e+09 expires_at:1.769611049e+09 failed_at:<nil> finalizing_at:<nil> id:batch_2601271437298336628039631 in_process_at:1.769524649e+09 input_file_id:file_2601271437269237987139626 object:spark output_file_id: request_counts:map[completed:42 failed:0 total:50] sid:bat000ded8d@dx19bfe2e134d0000572 status:in_progress]
[INFO] 2026/01/27 14:39:53 logger.go:71: 查询批量任务结果：&{ID: Object: Endpoint: InputFileID:file_2601271437269237987139626 CompletionWindow: Status:in_progress OutputFileID: ErrorFileID:<nil> CreatedAt:0 InProgressAt:0 ExpiresAt:0 FinalizingAt:0 CompletedAt:0 FailedAt:0 CancelledAt:0 RequestCounts:{Total:0 Completed:0 Failed:0} Metadata:map[] BatchID:batch_2601271437298336628039631 TotalCount:50 CompletedCount:42 FailedCount:0}
[INFO] 2026/01/27 14:39:54 logger.go:71: 查询批量任务结果：map[cancelled_at:<nil> cancelling_at:<nil> completed_at:<nil> completion_window:24h created_at:1.769524649e+09 endpoint:/v1/chat/completions errors:<nil> expired_at:1.769611049e+09 expires_at:1.769611049e+09 failed_at:<nil> finalizing_at:<nil> id:batch_2601271437299793491460527 in_process_at:1.769524649e+09 input_file_id:file_2601271437270362743539628 object:spark output_file_id: request_counts:map[completed:34 failed:0 total:50] sid:bat000ded8e@dx19bfe2e13950000572 status:in_progress]
[INFO] 2026/01/27 14:39:54 logger.go:71: 查询批量任务结果：&{ID: Object: Endpoint: InputFileID:file_2601271437270362743539628 CompletionWindow: Status:in_progress OutputFileID: ErrorFileID:<nil> CreatedAt:0 InProgressAt:0 ExpiresAt:0 FinalizingAt:0 CompletedAt:0 FailedAt:0 CancelledAt:0 RequestCounts:{Total:0 Completed:0 Failed:0} Metadata:map[] BatchID:batch_2601271437299793491460527 TotalCount:50 CompletedCount:34 FailedCount:0}
[INFO] 2026/01/27 14:39:54 logger.go:71: 查询批量任务结果：map[cancelled_at:<nil> cancelling_at:<nil> completed_at:<nil> completion_window:24h created_at:1.76952465e+09 endpoint:/v1/chat/completions errors:<nil> expired_at:1.76961105e+09 expires_at:1.76961105e+09 failed_at:<nil> finalizing_at:<nil> id:batch_2601271437300616387039633 in_process_at:1.76952465e+09 input_file_id:file_2601271437271321801860514 object:spark output_file_id: request_counts:map[completed:42 failed:0 total:50] sid:bat000ded8f@dx19bfe2e13ec0000572 status:in_progress]
[INFO] 2026/01/27 14:39:54 logger.go:71: 查询批量任务结果：&{ID: Object: Endpoint: InputFileID:file_2601271437271321801860514 CompletionWindow: Status:in_progress OutputFileID: ErrorFileID:<nil> CreatedAt:0 InProgressAt:0 ExpiresAt:0 FinalizingAt:0 CompletedAt:0 FailedAt:0 CancelledAt:0 RequestCounts:{Total:0 Completed:0 Failed:0} Metadata:map[] BatchID:batch_2601271437300616387039633 TotalCount:50 CompletedCount:42 FailedCount:0}
[INFO] 2026/01/27 14:39:54 logger.go:71: 查询批量任务结果：map[cancelled_at:<nil> cancelling_at:<nil> completed_at:<nil> completion_window:24h created_at:1.76952465e+09 endpoint:/v1/chat/completions errors:<nil> expired_at:1.76961105e+09 expires_at:1.76961105e+09 failed_at:<nil> finalizing_at:<nil> id:batch_2601271437301485741539635 in_process_at:1.76952465e+09 input_file_id:file_2601271437272346589160516 object:spark output_file_id: request_counts:map[completed:40 failed:0 total:50] sid:bat000d9bf1@dx19bfe2e15530000572 status:in_progress]
[INFO] 2026/01/27 14:39:54 logger.go:71: 查询批量任务结果：&{ID: Object: Endpoint: InputFileID:file_2601271437272346589160516 CompletionWindow: Status:in_progress OutputFileID: ErrorFileID:<nil> CreatedAt:0 InProgressAt:0 ExpiresAt:0 FinalizingAt:0 CompletedAt:0 FailedAt:0 CancelledAt:0 RequestCounts:{Total:0 Completed:0 Failed:0} Metadata:map[] BatchID:batch_2601271437301485741539635 TotalCount:50 CompletedCount:40 FailedCount:0}
[INFO] 2026/01/27 14:39:54 logger.go:71: 查询批量任务结果：map[cancelled_at:<nil> cancelling_at:<nil> completed_at:<nil> completion_window:24h created_at:1.76952465e+09 endpoint:/v1/chat/completions errors:<nil> expired_at:1.76961105e+09 expires_at:1.76961105e+09 failed_at:<nil> finalizing_at:<nil> id:batch_2601271437302283550339637 in_process_at:1.76952465e+09 input_file_id:file_2601271437273433781560518 object:spark output_file_id: request_counts:map[completed:31 failed:0 total:50] sid:bat000d9bf2@dx19bfe2e15bd0000572 status:in_progress]
[INFO] 2026/01/27 14:39:54 logger.go:71: 查询批量任务结果：&{ID: Object: Endpoint: InputFileID:file_2601271437273433781560518 CompletionWindow: Status:in_progress OutputFileID: ErrorFileID:<nil> CreatedAt:0 InProgressAt:0 ExpiresAt:0 FinalizingAt:0 CompletedAt:0 FailedAt:0 CancelledAt:0 RequestCounts:{Total:0 Completed:0 Failed:0} Metadata:map[] BatchID:batch_2601271437302283550339637 TotalCount:50 CompletedCount:31 FailedCount:0}
[INFO] 2026/01/27 14:39:56 logger.go:71: 查询批量任务结果：map[cancelled_at:<nil> cancelling_at:<nil> completed_at:<nil> completion_window:24h created_at:1.769524649e+09 endpoint:/v1/chat/completions errors:<nil> expired_at:1.769611049e+09 expires_at:1.769611049e+09 failed_at:<nil> finalizing_at:<nil> id:batch_2601271437295182036360521 in_process_at:1.769524649e+09 input_file_id:file_2601271437265181433960510 object:spark output_file_id: request_counts:map[completed:45 failed:0 total:50] sid:bat000ded90@dx19bfe2e1df30000572 status:in_progress]
[INFO] 2026/01/27 14:39:56 logger.go:71: 查询批量任务结果：&{ID: Object: Endpoint: InputFileID:file_2601271437265181433960510 CompletionWindow: Status:in_progress OutputFileID: ErrorFileID:<nil> CreatedAt:0 InProgressAt:0 ExpiresAt:0 FinalizingAt:0 CompletedAt:0 FailedAt:0 CancelledAt:0 RequestCounts:{Total:0 Completed:0 Failed:0} Metadata:map[] BatchID:batch_2601271437295182036360521 TotalCount:50 CompletedCount:45 FailedCount:0}
[INFO] 2026/01/27 14:39:56 logger.go:71: 查询批量任务结果：map[cancelled_at:<nil> cancelling_at:<nil> completed_at:<nil> completion_window:24h created_at:1.769524649e+09 endpoint:/v1/chat/completions errors:<nil> expired_at:1.769611049e+09 expires_at:1.769611049e+09 failed_at:<nil> finalizing_at:<nil> id:batch_2601271437296035759860523 in_process_at:1.769524649e+09 input_file_id:file_2601271437266136083639622 object:spark output_file_id: request_counts:map[completed:43 failed:0 total:50] sid:bat000d9bf3@dx19bfe2e1e500000572 status:in_progress]
[INFO] 2026/01/27 14:39:56 logger.go:71: 查询批量任务结果：&{ID: Object: Endpoint: InputFileID:file_2601271437266136083639622 CompletionWindow: Status:in_progress OutputFileID: ErrorFileID:<nil> CreatedAt:0 InProgressAt:0 ExpiresAt:0 FinalizingAt:0 CompletedAt:0 FailedAt:0 CancelledAt:0 RequestCounts:{Total:0 Completed:0 Failed:0} Metadata:map[] BatchID:batch_2601271437296035759860523 TotalCount:50 CompletedCount:43 FailedCount:0}
[INFO] 2026/01/27 14:39:56 logger.go:71: 查询批量任务结果：map[cancelled_at:<nil> cancelling_at:<nil> completed_at:<nil> completion_window:24h created_at:1.769524649e+09 endpoint:/v1/chat/completions errors:<nil> expired_at:1.769611049e+09 expires_at:1.769611049e+09 failed_at:<nil> finalizing_at:<nil> id:batch_2601271437296801125960525 in_process_at:1.769524649e+09 input_file_id:file_2601271437267207140660512 object:spark output_file_id: request_counts:map[completed:49 failed:0 total:50] sid:bat000d9bf4@dx19bfe2e1ea20000572 status:in_progress]
[INFO] 2026/01/27 14:39:56 logger.go:71: 查询批量任务结果：&{ID: Object: Endpoint: InputFileID:file_2601271437267207140660512 CompletionWindow: Status:in_progress OutputFileID: ErrorFileID:<nil> CreatedAt:0 InProgressAt:0 ExpiresAt:0 FinalizingAt:0 CompletedAt:0 FailedAt:0 CancelledAt:0 RequestCounts:{Total:0 Completed:0 Failed:0} Metadata:map[] BatchID:batch_2601271437296801125960525 TotalCount:50 CompletedCount:49 FailedCount:0}
[INFO] 2026/01/27 14:39:56 logger.go:71: 查询批量任务结果：map[cancelled_at:<nil> cancelling_at:<nil> completed_at:<nil> completion_window:24h created_at:1.769524649e+09 endpoint:/v1/chat/completions errors:<nil> expired_at:1.769611049e+09 expires_at:1.769611049e+09 failed_at:<nil> finalizing_at:<nil> id:batch_2601271437297563553539629 in_process_at:1.769524649e+09 input_file_id:file_2601271437268218054539624 object:spark output_file_id: request_counts:map[completed:42 failed:0 total:50] sid:bat000d9bf5@dx19bfe2e1ef30000572 status:in_progress]
[INFO] 2026/01/27 14:39:56 logger.go:71: 查询批量任务结果：&{ID: Object: Endpoint: InputFileID:file_2601271437268218054539624 CompletionWindow: Status:in_progress OutputFileID: ErrorFileID:<nil> CreatedAt:0 InProgressAt:0 ExpiresAt:0 FinalizingAt:0 CompletedAt:0 FailedAt:0 CancelledAt:0 RequestCounts:{Total:0 Completed:0 Failed:0} Metadata:map[] BatchID:batch_2601271437297563553539629 TotalCount:50 CompletedCount:42 FailedCount:0}
[INFO] 2026/01/27 14:39:57 logger.go:71: 查询批量任务结果：map[cancelled_at:<nil> cancelling_at:<nil> completed_at:<nil> completion_window:24h created_at:1.769524649e+09 endpoint:/v1/chat/completions errors:<nil> expired_at:1.769611049e+09 expires_at:1.769611049e+09 failed_at:<nil> finalizing_at:<nil> id:batch_2601271437298336628039631 in_process_at:1.769524649e+09 input_file_id:file_2601271437269237987139626 object:spark output_file_id: request_counts:map[completed:43 failed:0 total:50] sid:bat000d9bf6@dx19bfe2e1f450000572 status:in_progress]
[INFO] 2026/01/27 14:39:57 logger.go:71: 查询批量任务结果：&{ID: Object: Endpoint: InputFileID:file_2601271437269237987139626 CompletionWindow: Status:in_progress OutputFileID: ErrorFileID:<nil> CreatedAt:0 InProgressAt:0 ExpiresAt:0 FinalizingAt:0 CompletedAt:0 FailedAt:0 CancelledAt:0 RequestCounts:{Total:0 Completed:0 Failed:0} Metadata:map[] BatchID:batch_2601271437298336628039631 TotalCount:50 CompletedCount:43 FailedCount:0}
[INFO] 2026/01/27 14:39:57 logger.go:71: 查询批量任务结果：map[cancelled_at:<nil> cancelling_at:<nil> completed_at:<nil> completion_window:24h created_at:1.769524649e+09 endpoint:/v1/chat/completions errors:<nil> expired_at:1.769611049e+09 expires_at:1.769611049e+09 failed_at:<nil> finalizing_at:<nil> id:batch_2601271437299793491460527 in_process_at:1.769524649e+09 input_file_id:file_2601271437270362743539628 object:spark output_file_id: request_counts:map[completed:37 failed:0 total:50] sid:bat000d9bf7@dx19bfe2e1f9b0000572 status:in_progress]
[INFO] 2026/01/27 14:39:57 logger.go:71: 查询批量任务结果：&{ID: Object: Endpoint: InputFileID:file_2601271437270362743539628 CompletionWindow: Status:in_progress OutputFileID: ErrorFileID:<nil> CreatedAt:0 InProgressAt:0 ExpiresAt:0 FinalizingAt:0 CompletedAt:0 FailedAt:0 CancelledAt:0 RequestCounts:{Total:0 Completed:0 Failed:0} Metadata:map[] BatchID:batch_2601271437299793491460527 TotalCount:50 CompletedCount:37 FailedCount:0}
[INFO] 2026/01/27 14:39:57 logger.go:71: 查询批量任务结果：map[cancelled_at:<nil> cancelling_at:<nil> completed_at:<nil> completion_window:24h created_at:1.76952465e+09 endpoint:/v1/chat/completions errors:<nil> expired_at:1.76961105e+09 expires_at:1.76961105e+09 failed_at:<nil> finalizing_at:<nil> id:batch_2601271437300616387039633 in_process_at:1.76952465e+09 input_file_id:file_2601271437271321801860514 object:spark output_file_id: request_counts:map[completed:43 failed:0 total:50] sid:bat000d9bf8@dx19bfe2e205e0000572 status:in_progress]
[INFO] 2026/01/27 14:39:57 logger.go:71: 查询批量任务结果：&{ID: Object: Endpoint: InputFileID:file_2601271437271321801860514 CompletionWindow: Status:in_progress OutputFileID: ErrorFileID:<nil> CreatedAt:0 InProgressAt:0 ExpiresAt:0 FinalizingAt:0 CompletedAt:0 FailedAt:0 CancelledAt:0 RequestCounts:{Total:0 Completed:0 Failed:0} Metadata:map[] BatchID:batch_2601271437300616387039633 TotalCount:50 CompletedCount:43 FailedCount:0}
[INFO] 2026/01/27 14:39:57 logger.go:71: 查询批量任务结果：map[cancelled_at:<nil> cancelling_at:<nil> completed_at:<nil> completion_window:24h created_at:1.76952465e+09 endpoint:/v1/chat/completions errors:<nil> expired_at:1.76961105e+09 expires_at:1.76961105e+09 failed_at:<nil> finalizing_at:<nil> id:batch_2601271437301485741539635 in_process_at:1.76952465e+09 input_file_id:file_2601271437272346589160516 object:spark output_file_id: request_counts:map[completed:42 failed:0 total:50] sid:bat000ded91@dx19bfe2e20c90000572 status:in_progress]
[INFO] 2026/01/27 14:39:57 logger.go:71: 查询批量任务结果：&{ID: Object: Endpoint: InputFileID:file_2601271437272346589160516 CompletionWindow: Status:in_progress OutputFileID: ErrorFileID:<nil> CreatedAt:0 InProgressAt:0 ExpiresAt:0 FinalizingAt:0 CompletedAt:0 FailedAt:0 CancelledAt:0 RequestCounts:{Total:0 Completed:0 Failed:0} Metadata:map[] BatchID:batch_2601271437301485741539635 TotalCount:50 CompletedCount:42 FailedCount:0}
[INFO] 2026/01/27 14:39:57 logger.go:71: 查询批量任务结果：map[cancelled_at:<nil> cancelling_at:<nil> completed_at:<nil> completion_window:24h created_at:1.76952465e+09 endpoint:/v1/chat/completions errors:<nil> expired_at:1.76961105e+09 expires_at:1.76961105e+09 failed_at:<nil> finalizing_at:<nil> id:batch_2601271437302283550339637 in_process_at:1.76952465e+09 input_file_id:file_2601271437273433781560518 object:spark output_file_id: request_counts:map[completed:33 failed:0 total:50] sid:bat000d9bf9@dx19bfe2e213a0000572 status:in_progress]
[INFO] 2026/01/27 14:39:57 logger.go:71: 查询批量任务结果：&{ID: Object: Endpoint: InputFileID:file_2601271437273433781560518 CompletionWindow: Status:in_progress OutputFileID: ErrorFileID:<nil> CreatedAt:0 InProgressAt:0 ExpiresAt:0 FinalizingAt:0 CompletedAt:0 FailedAt:0 CancelledAt:0 RequestCounts:{Total:0 Completed:0 Failed:0} Metadata:map[] BatchID:batch_2601271437302283550339637 TotalCount:50 CompletedCount:33 FailedCount:0}
[INFO] 2026/01/27 14:39:59 logger.go:71: 查询批量任务结果：map[cancelled_at:<nil> cancelling_at:<nil> completed_at:<nil> completion_window:24h created_at:1.769524649e+09 endpoint:/v1/chat/completions errors:<nil> expired_at:1.769611049e+09 expires_at:1.769611049e+09 failed_at:<nil> finalizing_at:<nil> id:batch_2601271437295182036360521 in_process_at:1.769524649e+09 input_file_id:file_2601271437265181433960510 object:spark output_file_id: request_counts:map[completed:46 failed:0 total:50] sid:bat000d9bfa@dx19bfe2e296a0000572 status:in_progress]
[INFO] 2026/01/27 14:39:59 logger.go:71: 查询批量任务结果：&{ID: Object: Endpoint: InputFileID:file_2601271437265181433960510 CompletionWindow: Status:in_progress OutputFileID: ErrorFileID:<nil> CreatedAt:0 InProgressAt:0 ExpiresAt:0 FinalizingAt:0 CompletedAt:0 FailedAt:0 CancelledAt:0 RequestCounts:{Total:0 Completed:0 Failed:0} Metadata:map[] BatchID:batch_2601271437295182036360521 TotalCount:50 CompletedCount:46 FailedCount:0}
[INFO] 2026/01/27 14:39:59 logger.go:71: 查询批量任务结果：map[cancelled_at:<nil> cancelling_at:<nil> completed_at:<nil> completion_window:24h created_at:1.769524649e+09 endpoint:/v1/chat/completions errors:<nil> expired_at:1.769611049e+09 expires_at:1.769611049e+09 failed_at:<nil> finalizing_at:<nil> id:batch_2601271437296035759860523 in_process_at:1.769524649e+09 input_file_id:file_2601271437266136083639622 object:spark output_file_id: request_counts:map[completed:44 failed:0 total:50] sid:bat000d9bfb@dx19bfe2e29dd0000572 status:in_progress]
[INFO] 2026/01/27 14:39:59 logger.go:71: 查询批量任务结果：&{ID: Object: Endpoint: InputFileID:file_2601271437266136083639622 CompletionWindow: Status:in_progress OutputFileID: ErrorFileID:<nil> CreatedAt:0 InProgressAt:0 ExpiresAt:0 FinalizingAt:0 CompletedAt:0 FailedAt:0 CancelledAt:0 RequestCounts:{Total:0 Completed:0 Failed:0} Metadata:map[] BatchID:batch_2601271437296035759860523 TotalCount:50 CompletedCount:44 FailedCount:0}
[INFO] 2026/01/27 14:39:59 logger.go:71: 查询批量任务结果：map[cancelled_at:<nil> cancelling_at:<nil> completed_at:<nil> completion_window:24h created_at:1.769524649e+09 endpoint:/v1/chat/completions errors:<nil> expired_at:1.769611049e+09 expires_at:1.769611049e+09 failed_at:<nil> finalizing_at:1.769524795e+09 id:batch_2601271437296801125960525 in_process_at:1.769524649e+09 input_file_id:file_2601271437267207140660512 object:spark output_file_id:file_2601271439554143018760818 request_counts:map[completed:50 failed:0 total:50] sid:bat000d9bfc@dx19bfe2e2a370000572 status:completed]
[INFO] 2026/01/27 14:39:59 logger.go:71: 查询批量任务结果：&{ID: Object: Endpoint: InputFileID:file_2601271437267207140660512 CompletionWindow: Status:completed OutputFileID:file_2601271439554143018760818 ErrorFileID:<nil> CreatedAt:0 InProgressAt:0 ExpiresAt:0 FinalizingAt:0 CompletedAt:0 FailedAt:0 CancelledAt:0 RequestCounts:{Total:0 Completed:0 Failed:0} Metadata:map[] BatchID:batch_2601271437296801125960525 TotalCount:50 CompletedCount:50 FailedCount:0}
[INFO] 2026/01/27 14:40:00 logger.go:71: 查询批量任务结果：map[cancelled_at:<nil> cancelling_at:<nil> completed_at:<nil> completion_window:24h created_at:1.769524649e+09 endpoint:/v1/chat/completions errors:<nil> expired_at:1.769611049e+09 expires_at:1.769611049e+09 failed_at:<nil> finalizing_at:<nil> id:batch_2601271437297563553539629 in_process_at:1.769524649e+09 input_file_id:file_2601271437268218054539624 object:spark output_file_id: request_counts:map[completed:43 failed:0 total:50] sid:bat000d9bfe@dx19bfe2e2b9b0000572 status:in_progress]
[INFO] 2026/01/27 14:40:00 logger.go:71: 查询批量任务结果：&{ID: Object: Endpoint: InputFileID:file_2601271437268218054539624 CompletionWindow: Status:in_progress OutputFileID: ErrorFileID:<nil> CreatedAt:0 InProgressAt:0 ExpiresAt:0 FinalizingAt:0 CompletedAt:0 FailedAt:0 CancelledAt:0 RequestCounts:{Total:0 Completed:0 Failed:0} Metadata:map[] BatchID:batch_2601271437297563553539629 TotalCount:50 CompletedCount:43 FailedCount:0}
[INFO] 2026/01/27 14:40:00 logger.go:71: 查询批量任务结果：map[cancelled_at:<nil> cancelling_at:<nil> completed_at:<nil> completion_window:24h created_at:1.769524649e+09 endpoint:/v1/chat/completions errors:<nil> expired_at:1.769611049e+09 expires_at:1.769611049e+09 failed_at:<nil> finalizing_at:<nil> id:batch_2601271437298336628039631 in_process_at:1.769524649e+09 input_file_id:file_2601271437269237987139626 object:spark output_file_id: request_counts:map[completed:45 failed:0 total:50] sid:bat000d9bff@dx19bfe2e2bf00000572 status:in_progress]
[INFO] 2026/01/27 14:40:00 logger.go:71: 查询批量任务结果：&{ID: Object: Endpoint: InputFileID:file_2601271437269237987139626 CompletionWindow: Status:in_progress OutputFileID: ErrorFileID:<nil> CreatedAt:0 InProgressAt:0 ExpiresAt:0 FinalizingAt:0 CompletedAt:0 FailedAt:0 CancelledAt:0 RequestCounts:{Total:0 Completed:0 Failed:0} Metadata:map[] BatchID:batch_2601271437298336628039631 TotalCount:50 CompletedCount:45 FailedCount:0}
[INFO] 2026/01/27 14:40:00 logger.go:71: 查询批量任务结果：map[cancelled_at:<nil> cancelling_at:<nil> completed_at:<nil> completion_window:24h created_at:1.769524649e+09 endpoint:/v1/chat/completions errors:<nil> expired_at:1.769611049e+09 expires_at:1.769611049e+09 failed_at:<nil> finalizing_at:<nil> id:batch_2601271437299793491460527 in_process_at:1.769524649e+09 input_file_id:file_2601271437270362743539628 object:spark output_file_id: request_counts:map[completed:38 failed:0 total:50] sid:bat000ded94@dx19bfe2e2c390000572 status:in_progress]
[INFO] 2026/01/27 14:40:00 logger.go:71: 查询批量任务结果：&{ID: Object: Endpoint: InputFileID:file_2601271437270362743539628 CompletionWindow: Status:in_progress OutputFileID: ErrorFileID:<nil> CreatedAt:0 InProgressAt:0 ExpiresAt:0 FinalizingAt:0 CompletedAt:0 FailedAt:0 CancelledAt:0 RequestCounts:{Total:0 Completed:0 Failed:0} Metadata:map[] BatchID:batch_2601271437299793491460527 TotalCount:50 CompletedCount:38 FailedCount:0}
[INFO] 2026/01/27 14:40:00 logger.go:71: 查询批量任务结果：map[cancelled_at:<nil> cancelling_at:<nil> completed_at:<nil> completion_window:24h created_at:1.76952465e+09 endpoint:/v1/chat/completions errors:<nil> expired_at:1.76961105e+09 expires_at:1.76961105e+09 failed_at:<nil> finalizing_at:<nil> id:batch_2601271437300616387039633 in_process_at:1.76952465e+09 input_file_id:file_2601271437271321801860514 object:spark output_file_id: request_counts:map[completed:44 failed:0 total:50] sid:bat000ded95@dx19bfe2e2c9f0000572 status:in_progress]
[INFO] 2026/01/27 14:40:00 logger.go:71: 查询批量任务结果：&{ID: Object: Endpoint: InputFileID:file_2601271437271321801860514 CompletionWindow: Status:in_progress OutputFileID: ErrorFileID:<nil> CreatedAt:0 InProgressAt:0 ExpiresAt:0 FinalizingAt:0 CompletedAt:0 FailedAt:0 CancelledAt:0 RequestCounts:{Total:0 Completed:0 Failed:0} Metadata:map[] BatchID:batch_2601271437300616387039633 TotalCount:50 CompletedCount:44 FailedCount:0}
[INFO] 2026/01/27 14:40:00 logger.go:71: 查询批量任务结果：map[cancelled_at:<nil> cancelling_at:<nil> completed_at:<nil> completion_window:24h created_at:1.76952465e+09 endpoint:/v1/chat/completions errors:<nil> expired_at:1.76961105e+09 expires_at:1.76961105e+09 failed_at:<nil> finalizing_at:<nil> id:batch_2601271437301485741539635 in_process_at:1.76952465e+09 input_file_id:file_2601271437272346589160516 object:spark output_file_id: request_counts:map[completed:44 failed:0 total:50] sid:bat000ded96@dx19bfe2e2cf10000572 status:in_progress]
[INFO] 2026/01/27 14:40:00 logger.go:71: 查询批量任务结果：&{ID: Object: Endpoint: InputFileID:file_2601271437272346589160516 CompletionWindow: Status:in_progress OutputFileID: ErrorFileID:<nil> CreatedAt:0 InProgressAt:0 ExpiresAt:0 FinalizingAt:0 CompletedAt:0 FailedAt:0 CancelledAt:0 RequestCounts:{Total:0 Completed:0 Failed:0} Metadata:map[] BatchID:batch_2601271437301485741539635 TotalCount:50 CompletedCount:44 FailedCount:0}
[INFO] 2026/01/27 14:40:00 logger.go:71: 查询批量任务结果：map[cancelled_at:<nil> cancelling_at:<nil> completed_at:<nil> completion_window:24h created_at:1.76952465e+09 endpoint:/v1/chat/completions errors:<nil> expired_at:1.76961105e+09 expires_at:1.76961105e+09 failed_at:<nil> finalizing_at:<nil> id:batch_2601271437302283550339637 in_process_at:1.76952465e+09 input_file_id:file_2601271437273433781560518 object:spark output_file_id: request_counts:map[completed:36 failed:0 total:50] sid:bat000d9c00@dx19bfe2e2d410000572 status:in_progress]
[INFO] 2026/01/27 14:40:00 logger.go:71: 查询批量任务结果：&{ID: Object: Endpoint: InputFileID:file_2601271437273433781560518 CompletionWindow: Status:in_progress OutputFileID: ErrorFileID:<nil> CreatedAt:0 InProgressAt:0 ExpiresAt:0 FinalizingAt:0 CompletedAt:0 FailedAt:0 CancelledAt:0 RequestCounts:{Total:0 Completed:0 Failed:0} Metadata:map[] BatchID:batch_2601271437302283550339637 TotalCount:50 CompletedCount:36 FailedCount:0}
[INFO] 2026/01/27 14:40:02 logger.go:71: 查询批量任务结果：map[cancelled_at:<nil> cancelling_at:<nil> completed_at:<nil> completion_window:24h created_at:1.769524649e+09 endpoint:/v1/chat/completions errors:<nil> expired_at:1.769611049e+09 expires_at:1.769611049e+09 failed_at:<nil> finalizing_at:<nil> id:batch_2601271437295182036360521 in_process_at:1.769524649e+09 input_file_id:file_2601271437265181433960510 object:spark output_file_id: request_counts:map[completed:49 failed:0 total:50] sid:bat000d9c01@dx19bfe2e35970000572 status:in_progress]
[INFO] 2026/01/27 14:40:02 logger.go:71: 查询批量任务结果：&{ID: Object: Endpoint: InputFileID:file_2601271437265181433960510 CompletionWindow: Status:in_progress OutputFileID: ErrorFileID:<nil> CreatedAt:0 InProgressAt:0 ExpiresAt:0 FinalizingAt:0 CompletedAt:0 FailedAt:0 CancelledAt:0 RequestCounts:{Total:0 Completed:0 Failed:0} Metadata:map[] BatchID:batch_2601271437295182036360521 TotalCount:50 CompletedCount:49 FailedCount:0}
[INFO] 2026/01/27 14:40:02 logger.go:71: 查询批量任务结果：map[cancelled_at:<nil> cancelling_at:<nil> completed_at:<nil> completion_window:24h created_at:1.769524649e+09 endpoint:/v1/chat/completions errors:<nil> expired_at:1.769611049e+09 expires_at:1.769611049e+09 failed_at:<nil> finalizing_at:<nil> id:batch_2601271437296035759860523 in_process_at:1.769524649e+09 input_file_id:file_2601271437266136083639622 object:spark output_file_id: request_counts:map[completed:44 failed:0 total:50] sid:bat000ded97@dx19bfe2e35f50000572 status:in_progress]
[INFO] 2026/01/27 14:40:02 logger.go:71: 查询批量任务结果：&{ID: Object: Endpoint: InputFileID:file_2601271437266136083639622 CompletionWindow: Status:in_progress OutputFileID: ErrorFileID:<nil> CreatedAt:0 InProgressAt:0 ExpiresAt:0 FinalizingAt:0 CompletedAt:0 FailedAt:0 CancelledAt:0 RequestCounts:{Total:0 Completed:0 Failed:0} Metadata:map[] BatchID:batch_2601271437296035759860523 TotalCount:50 CompletedCount:44 FailedCount:0}
[INFO] 2026/01/27 14:40:02 logger.go:71: 查询批量任务结果：map[cancelled_at:<nil> cancelling_at:<nil> completed_at:<nil> completion_window:24h created_at:1.769524649e+09 endpoint:/v1/chat/completions errors:<nil> expired_at:1.769611049e+09 expires_at:1.769611049e+09 failed_at:<nil> finalizing_at:<nil> id:batch_2601271437297563553539629 in_process_at:1.769524649e+09 input_file_id:file_2601271437268218054539624 object:spark output_file_id: request_counts:map[completed:45 failed:0 total:50] sid:bat000ded98@dx19bfe2e364c0000572 status:in_progress]
[INFO] 2026/01/27 14:40:02 logger.go:71: 查询批量任务结果：&{ID: Object: Endpoint: InputFileID:file_2601271437268218054539624 CompletionWindow: Status:in_progress OutputFileID: ErrorFileID:<nil> CreatedAt:0 InProgressAt:0 ExpiresAt:0 FinalizingAt:0 CompletedAt:0 FailedAt:0 CancelledAt:0 RequestCounts:{Total:0 Completed:0 Failed:0} Metadata:map[] BatchID:batch_2601271437297563553539629 TotalCount:50 CompletedCount:45 FailedCount:0}
[INFO] 2026/01/27 14:40:03 logger.go:71: 查询批量任务结果：map[cancelled_at:<nil> cancelling_at:<nil> completed_at:<nil> completion_window:24h created_at:1.769524649e+09 endpoint:/v1/chat/completions errors:<nil> expired_at:1.769611049e+09 expires_at:1.769611049e+09 failed_at:<nil> finalizing_at:<nil> id:batch_2601271437298336628039631 in_process_at:1.769524649e+09 input_file_id:file_2601271437269237987139626 object:spark output_file_id: request_counts:map[completed:47 failed:0 total:50] sid:bat000d9c02@dx19bfe2e369e0000572 status:in_progress]
[INFO] 2026/01/27 14:40:03 logger.go:71: 查询批量任务结果：&{ID: Object: Endpoint: InputFileID:file_2601271437269237987139626 CompletionWindow: Status:in_progress OutputFileID: ErrorFileID:<nil> CreatedAt:0 InProgressAt:0 ExpiresAt:0 FinalizingAt:0 CompletedAt:0 FailedAt:0 CancelledAt:0 RequestCounts:{Total:0 Completed:0 Failed:0} Metadata:map[] BatchID:batch_2601271437298336628039631 TotalCount:50 CompletedCount:47 FailedCount:0}
[INFO] 2026/01/27 14:40:03 logger.go:71: 查询批量任务结果：map[cancelled_at:<nil> cancelling_at:<nil> completed_at:<nil> completion_window:24h created_at:1.769524649e+09 endpoint:/v1/chat/completions errors:<nil> expired_at:1.769611049e+09 expires_at:1.769611049e+09 failed_at:<nil> finalizing_at:<nil> id:batch_2601271437299793491460527 in_process_at:1.769524649e+09 input_file_id:file_2601271437270362743539628 object:spark output_file_id: request_counts:map[completed:40 failed:0 total:50] sid:bat000d9c03@dx19bfe2e36f20000572 status:in_progress]
[INFO] 2026/01/27 14:40:03 logger.go:71: 查询批量任务结果：&{ID: Object: Endpoint: InputFileID:file_2601271437270362743539628 CompletionWindow: Status:in_progress OutputFileID: ErrorFileID:<nil> CreatedAt:0 InProgressAt:0 ExpiresAt:0 FinalizingAt:0 CompletedAt:0 FailedAt:0 CancelledAt:0 RequestCounts:{Total:0 Completed:0 Failed:0} Metadata:map[] BatchID:batch_2601271437299793491460527 TotalCount:50 CompletedCount:40 FailedCount:0}
[INFO] 2026/01/27 14:40:03 logger.go:71: 查询批量任务结果：map[cancelled_at:<nil> cancelling_at:<nil> completed_at:<nil> completion_window:24h created_at:1.76952465e+09 endpoint:/v1/chat/completions errors:<nil> expired_at:1.76961105e+09 expires_at:1.76961105e+09 failed_at:<nil> finalizing_at:<nil> id:batch_2601271437300616387039633 in_process_at:1.76952465e+09 input_file_id:file_2601271437271321801860514 object:spark output_file_id: request_counts:map[completed:46 failed:0 total:50] sid:bat000ded99@dx19bfe2e37460000572 status:in_progress]
[INFO] 2026/01/27 14:40:03 logger.go:71: 查询批量任务结果：&{ID: Object: Endpoint: InputFileID:file_2601271437271321801860514 CompletionWindow: Status:in_progress OutputFileID: ErrorFileID:<nil> CreatedAt:0 InProgressAt:0 ExpiresAt:0 FinalizingAt:0 CompletedAt:0 FailedAt:0 CancelledAt:0 RequestCounts:{Total:0 Completed:0 Failed:0} Metadata:map[] BatchID:batch_2601271437300616387039633 TotalCount:50 CompletedCount:46 FailedCount:0}
[INFO] 2026/01/27 14:40:03 logger.go:71: 查询批量任务结果：map[cancelled_at:<nil> cancelling_at:<nil> completed_at:<nil> completion_window:24h created_at:1.76952465e+09 endpoint:/v1/chat/completions errors:<nil> expired_at:1.76961105e+09 expires_at:1.76961105e+09 failed_at:<nil> finalizing_at:<nil> id:batch_2601271437301485741539635 in_process_at:1.76952465e+09 input_file_id:file_2601271437272346589160516 object:spark output_file_id: request_counts:map[completed:45 failed:0 total:50] sid:bat000ded9a@dx19bfe2e37940000572 status:in_progress]
[INFO] 2026/01/27 14:40:03 logger.go:71: 查询批量任务结果：&{ID: Object: Endpoint: InputFileID:file_2601271437272346589160516 CompletionWindow: Status:in_progress OutputFileID: ErrorFileID:<nil> CreatedAt:0 InProgressAt:0 ExpiresAt:0 FinalizingAt:0 CompletedAt:0 FailedAt:0 CancelledAt:0 RequestCounts:{Total:0 Completed:0 Failed:0} Metadata:map[] BatchID:batch_2601271437301485741539635 TotalCount:50 CompletedCount:45 FailedCount:0}
[INFO] 2026/01/27 14:40:03 logger.go:71: 查询批量任务结果：map[cancelled_at:<nil> cancelling_at:<nil> completed_at:<nil> completion_window:24h created_at:1.76952465e+09 endpoint:/v1/chat/completions errors:<nil> expired_at:1.76961105e+09 expires_at:1.76961105e+09 failed_at:<nil> finalizing_at:<nil> id:batch_2601271437302283550339637 in_process_at:1.76952465e+09 input_file_id:file_2601271437273433781560518 object:spark output_file_id: request_counts:map[completed:38 failed:0 total:50] sid:bat000d9c04@dx19bfe2e37ef0000572 status:in_progress]
[INFO] 2026/01/27 14:40:03 logger.go:71: 查询批量任务结果：&{ID: Object: Endpoint: InputFileID:file_2601271437273433781560518 CompletionWindow: Status:in_progress OutputFileID: ErrorFileID:<nil> CreatedAt:0 InProgressAt:0 ExpiresAt:0 FinalizingAt:0 CompletedAt:0 FailedAt:0 CancelledAt:0 RequestCounts:{Total:0 Completed:0 Failed:0} Metadata:map[] BatchID:batch_2601271437302283550339637 TotalCount:50 CompletedCount:38 FailedCount:0}
[INFO] 2026/01/27 14:40:05 logger.go:71: 查询批量任务结果：map[cancelled_at:<nil> cancelling_at:<nil> completed_at:<nil> completion_window:24h created_at:1.769524649e+09 endpoint:/v1/chat/completions errors:<nil> expired_at:1.769611049e+09 expires_at:1.769611049e+09 failed_at:<nil> finalizing_at:1.769524801e+09 id:batch_2601271437295182036360521 in_process_at:1.769524649e+09 input_file_id:file_2601271437265181433960510 object:spark output_file_id:file_2601271440019068518560827 request_counts:map[completed:50 failed:0 total:50] sid:bat000ded9d@dx19bfe2e40250000572 status:completed]
[INFO] 2026/01/27 14:40:05 logger.go:71: 查询批量任务结果：&{ID: Object: Endpoint: InputFileID:file_2601271437265181433960510 CompletionWindow: Status:completed OutputFileID:file_2601271440019068518560827 ErrorFileID:<nil> CreatedAt:0 InProgressAt:0 ExpiresAt:0 FinalizingAt:0 CompletedAt:0 FailedAt:0 CancelledAt:0 RequestCounts:{Total:0 Completed:0 Failed:0} Metadata:map[] BatchID:batch_2601271437295182036360521 TotalCount:50 CompletedCount:50 FailedCount:0}
[INFO] 2026/01/27 14:40:05 logger.go:71: 查询批量任务结果：map[cancelled_at:<nil> cancelling_at:<nil> completed_at:<nil> completion_window:24h created_at:1.769524649e+09 endpoint:/v1/chat/completions errors:<nil> expired_at:1.769611049e+09 expires_at:1.769611049e+09 failed_at:<nil> finalizing_at:<nil> id:batch_2601271437296035759860523 in_process_at:1.769524649e+09 input_file_id:file_2601271437266136083639622 object:spark output_file_id: request_counts:map[completed:46 failed:0 total:50] sid:bat000d9c06@dx19bfe2e41290000572 status:in_progress]
[INFO] 2026/01/27 14:40:05 logger.go:71: 查询批量任务结果：&{ID: Object: Endpoint: InputFileID:file_2601271437266136083639622 CompletionWindow: Status:in_progress OutputFileID: ErrorFileID:<nil> CreatedAt:0 InProgressAt:0 ExpiresAt:0 FinalizingAt:0 CompletedAt:0 FailedAt:0 CancelledAt:0 RequestCounts:{Total:0 Completed:0 Failed:0} Metadata:map[] BatchID:batch_2601271437296035759860523 TotalCount:50 CompletedCount:46 FailedCount:0}
[INFO] 2026/01/27 14:40:05 logger.go:71: 查询批量任务结果：map[cancelled_at:<nil> cancelling_at:<nil> completed_at:<nil> completion_window:24h created_at:1.769524649e+09 endpoint:/v1/chat/completions errors:<nil> expired_at:1.769611049e+09 expires_at:1.769611049e+09 failed_at:<nil> finalizing_at:<nil> id:batch_2601271437297563553539629 in_process_at:1.769524649e+09 input_file_id:file_2601271437268218054539624 object:spark output_file_id: request_counts:map[completed:46 failed:0 total:50] sid:bat000d9c07@dx19bfe2e41820000572 status:in_progress]
[INFO] 2026/01/27 14:40:05 logger.go:71: 查询批量任务结果：&{ID: Object: Endpoint: InputFileID:file_2601271437268218054539624 CompletionWindow: Status:in_progress OutputFileID: ErrorFileID:<nil> CreatedAt:0 InProgressAt:0 ExpiresAt:0 FinalizingAt:0 CompletedAt:0 FailedAt:0 CancelledAt:0 RequestCounts:{Total:0 Completed:0 Failed:0} Metadata:map[] BatchID:batch_2601271437297563553539629 TotalCount:50 CompletedCount:46 FailedCount:0}
[INFO] 2026/01/27 14:40:05 logger.go:71: 查询批量任务结果：map[cancelled_at:<nil> cancelling_at:<nil> completed_at:<nil> completion_window:24h created_at:1.769524649e+09 endpoint:/v1/chat/completions errors:<nil> expired_at:1.769611049e+09 expires_at:1.769611049e+09 failed_at:<nil> finalizing_at:<nil> id:batch_2601271437298336628039631 in_process_at:1.769524649e+09 input_file_id:file_2601271437269237987139626 object:spark output_file_id: request_counts:map[completed:49 failed:0 total:50] sid:bat000d9c08@dx19bfe2e41d40000572 status:in_progress]
[INFO] 2026/01/27 14:40:05 logger.go:71: 查询批量任务结果：&{ID: Object: Endpoint: InputFileID:file_2601271437269237987139626 CompletionWindow: Status:in_progress OutputFileID: ErrorFileID:<nil> CreatedAt:0 InProgressAt:0 ExpiresAt:0 FinalizingAt:0 CompletedAt:0 FailedAt:0 CancelledAt:0 RequestCounts:{Total:0 Completed:0 Failed:0} Metadata:map[] BatchID:batch_2601271437298336628039631 TotalCount:50 CompletedCount:49 FailedCount:0}
[INFO] 2026/01/27 14:40:05 logger.go:71: 查询批量任务结果：map[cancelled_at:<nil> cancelling_at:<nil> completed_at:<nil> completion_window:24h created_at:1.769524649e+09 endpoint:/v1/chat/completions errors:<nil> expired_at:1.769611049e+09 expires_at:1.769611049e+09 failed_at:<nil> finalizing_at:<nil> id:batch_2601271437299793491460527 in_process_at:1.769524649e+09 input_file_id:file_2601271437270362743539628 object:spark output_file_id: request_counts:map[completed:41 failed:0 total:50] sid:bat000d9c09@dx19bfe2e42240000572 status:in_progress]
[INFO] 2026/01/27 14:40:05 logger.go:71: 查询批量任务结果：&{ID: Object: Endpoint: InputFileID:file_2601271437270362743539628 CompletionWindow: Status:in_progress OutputFileID: ErrorFileID:<nil> CreatedAt:0 InProgressAt:0 ExpiresAt:0 FinalizingAt:0 CompletedAt:0 FailedAt:0 CancelledAt:0 RequestCounts:{Total:0 Completed:0 Failed:0} Metadata:map[] BatchID:batch_2601271437299793491460527 TotalCount:50 CompletedCount:41 FailedCount:0}
[INFO] 2026/01/27 14:40:06 logger.go:71: 查询批量任务结果：map[cancelled_at:<nil> cancelling_at:<nil> completed_at:<nil> completion_window:24h created_at:1.76952465e+09 endpoint:/v1/chat/completions errors:<nil> expired_at:1.76961105e+09 expires_at:1.76961105e+09 failed_at:<nil> finalizing_at:<nil> id:batch_2601271437300616387039633 in_process_at:1.76952465e+09 input_file_id:file_2601271437271321801860514 object:spark output_file_id: request_counts:map[completed:48 failed:0 total:50] sid:bat000ded9e@dx19bfe2e42740000572 status:in_progress]
[INFO] 2026/01/27 14:40:06 logger.go:71: 查询批量任务结果：&{ID: Object: Endpoint: InputFileID:file_2601271437271321801860514 CompletionWindow: Status:in_progress OutputFileID: ErrorFileID:<nil> CreatedAt:0 InProgressAt:0 ExpiresAt:0 FinalizingAt:0 CompletedAt:0 FailedAt:0 CancelledAt:0 RequestCounts:{Total:0 Completed:0 Failed:0} Metadata:map[] BatchID:batch_2601271437300616387039633 TotalCount:50 CompletedCount:48 FailedCount:0}
[INFO] 2026/01/27 14:40:06 logger.go:71: 查询批量任务结果：map[cancelled_at:<nil> cancelling_at:<nil> completed_at:<nil> completion_window:24h created_at:1.76952465e+09 endpoint:/v1/chat/completions errors:<nil> expired_at:1.76961105e+09 expires_at:1.76961105e+09 failed_at:<nil> finalizing_at:<nil> id:batch_2601271437301485741539635 in_process_at:1.76952465e+09 input_file_id:file_2601271437272346589160516 object:spark output_file_id: request_counts:map[completed:47 failed:0 total:50] sid:bat000ded9f@dx19bfe2e42c40000572 status:in_progress]
[INFO] 2026/01/27 14:40:06 logger.go:71: 查询批量任务结果：&{ID: Object: Endpoint: InputFileID:file_2601271437272346589160516 CompletionWindow: Status:in_progress OutputFileID: ErrorFileID:<nil> CreatedAt:0 InProgressAt:0 ExpiresAt:0 FinalizingAt:0 CompletedAt:0 FailedAt:0 CancelledAt:0 RequestCounts:{Total:0 Completed:0 Failed:0} Metadata:map[] BatchID:batch_2601271437301485741539635 TotalCount:50 CompletedCount:47 FailedCount:0}
[INFO] 2026/01/27 14:40:06 logger.go:71: 查询批量任务结果：map[cancelled_at:<nil> cancelling_at:<nil> completed_at:<nil> completion_window:24h created_at:1.76952465e+09 endpoint:/v1/chat/completions errors:<nil> expired_at:1.76961105e+09 expires_at:1.76961105e+09 failed_at:<nil> finalizing_at:<nil> id:batch_2601271437302283550339637 in_process_at:1.76952465e+09 input_file_id:file_2601271437273433781560518 object:spark output_file_id: request_counts:map[completed:39 failed:0 total:50] sid:bat000deda0@dx19bfe2e431a0000572 status:in_progress]
[INFO] 2026/01/27 14:40:06 logger.go:71: 查询批量任务结果：&{ID: Object: Endpoint: InputFileID:file_2601271437273433781560518 CompletionWindow: Status:in_progress OutputFileID: ErrorFileID:<nil> CreatedAt:0 InProgressAt:0 ExpiresAt:0 FinalizingAt:0 CompletedAt:0 FailedAt:0 CancelledAt:0 RequestCounts:{Total:0 Completed:0 Failed:0} Metadata:map[] BatchID:batch_2601271437302283550339637 TotalCount:50 CompletedCount:39 FailedCount:0}
[INFO] 2026/01/27 14:40:08 logger.go:71: 查询批量任务结果：map[cancelled_at:<nil> cancelling_at:<nil> completed_at:<nil> completion_window:24h created_at:1.769524649e+09 endpoint:/v1/chat/completions errors:<nil> expired_at:1.769611049e+09 expires_at:1.769611049e+09 failed_at:<nil> finalizing_at:<nil> id:batch_2601271437296035759860523 in_process_at:1.769524649e+09 input_file_id:file_2601271437266136083639622 object:spark output_file_id: request_counts:map[completed:46 failed:0 total:50] sid:bat000deda1@dx19bfe2e4b9c0000572 status:in_progress]
[INFO] 2026/01/27 14:40:08 logger.go:71: 查询批量任务结果：&{ID: Object: Endpoint: InputFileID:file_2601271437266136083639622 CompletionWindow: Status:in_progress OutputFileID: ErrorFileID:<nil> CreatedAt:0 InProgressAt:0 ExpiresAt:0 FinalizingAt:0 CompletedAt:0 FailedAt:0 CancelledAt:0 RequestCounts:{Total:0 Completed:0 Failed:0} Metadata:map[] BatchID:batch_2601271437296035759860523 TotalCount:50 CompletedCount:46 FailedCount:0}
[INFO] 2026/01/27 14:40:08 logger.go:71: 查询批量任务结果：map[cancelled_at:<nil> cancelling_at:<nil> completed_at:<nil> completion_window:24h created_at:1.769524649e+09 endpoint:/v1/chat/completions errors:<nil> expired_at:1.769611049e+09 expires_at:1.769611049e+09 failed_at:<nil> finalizing_at:<nil> id:batch_2601271437297563553539629 in_process_at:1.769524649e+09 input_file_id:file_2601271437268218054539624 object:spark output_file_id: request_counts:map[completed:48 failed:0 total:50] sid:bat000d9c0a@dx19bfe2e4bf40000572 status:in_progress]
[INFO] 2026/01/27 14:40:08 logger.go:71: 查询批量任务结果：&{ID: Object: Endpoint: InputFileID:file_2601271437268218054539624 CompletionWindow: Status:in_progress OutputFileID: ErrorFileID:<nil> CreatedAt:0 InProgressAt:0 ExpiresAt:0 FinalizingAt:0 CompletedAt:0 FailedAt:0 CancelledAt:0 RequestCounts:{Total:0 Completed:0 Failed:0} Metadata:map[] BatchID:batch_2601271437297563553539629 TotalCount:50 CompletedCount:48 FailedCount:0}
[INFO] 2026/01/27 14:40:08 logger.go:71: 查询批量任务结果：map[cancelled_at:<nil> cancelling_at:<nil> completed_at:<nil> completion_window:24h created_at:1.769524649e+09 endpoint:/v1/chat/completions errors:<nil> expired_at:1.769611049e+09 expires_at:1.769611049e+09 failed_at:<nil> finalizing_at:<nil> id:batch_2601271437298336628039631 in_process_at:1.769524649e+09 input_file_id:file_2601271437269237987139626 object:spark output_file_id: request_counts:map[completed:49 failed:0 total:50] sid:bat000deda2@dx19bfe2e4c600000572 status:in_progress]
[INFO] 2026/01/27 14:40:08 logger.go:71: 查询批量任务结果：&{ID: Object: Endpoint: InputFileID:file_2601271437269237987139626 CompletionWindow: Status:in_progress OutputFileID: ErrorFileID:<nil> CreatedAt:0 InProgressAt:0 ExpiresAt:0 FinalizingAt:0 CompletedAt:0 FailedAt:0 CancelledAt:0 RequestCounts:{Total:0 Completed:0 Failed:0} Metadata:map[] BatchID:batch_2601271437298336628039631 TotalCount:50 CompletedCount:49 FailedCount:0}
[INFO] 2026/01/27 14:40:08 logger.go:71: 查询批量任务结果：map[cancelled_at:<nil> cancelling_at:<nil> completed_at:<nil> completion_window:24h created_at:1.769524649e+09 endpoint:/v1/chat/completions errors:<nil> expired_at:1.769611049e+09 expires_at:1.769611049e+09 failed_at:<nil> finalizing_at:<nil> id:batch_2601271437299793491460527 in_process_at:1.769524649e+09 input_file_id:file_2601271437270362743539628 object:spark output_file_id: request_counts:map[completed:41 failed:0 total:50] sid:bat000deda3@dx19bfe2e4cb10000572 status:in_progress]
[INFO] 2026/01/27 14:40:08 logger.go:71: 查询批量任务结果：&{ID: Object: Endpoint: InputFileID:file_2601271437270362743539628 CompletionWindow: Status:in_progress OutputFileID: ErrorFileID:<nil> CreatedAt:0 InProgressAt:0 ExpiresAt:0 FinalizingAt:0 CompletedAt:0 FailedAt:0 CancelledAt:0 RequestCounts:{Total:0 Completed:0 Failed:0} Metadata:map[] BatchID:batch_2601271437299793491460527 TotalCount:50 CompletedCount:41 FailedCount:0}
[INFO] 2026/01/27 14:40:08 logger.go:71: 查询批量任务结果：map[cancelled_at:<nil> cancelling_at:<nil> completed_at:<nil> completion_window:24h created_at:1.76952465e+09 endpoint:/v1/chat/completions errors:<nil> expired_at:1.76961105e+09 expires_at:1.76961105e+09 failed_at:<nil> finalizing_at:<nil> id:batch_2601271437300616387039633 in_process_at:1.76952465e+09 input_file_id:file_2601271437271321801860514 object:spark output_file_id: request_counts:map[completed:49 failed:0 total:50] sid:bat000deda4@dx19bfe2e4d040000572 status:in_progress]
[INFO] 2026/01/27 14:40:08 logger.go:71: 查询批量任务结果：&{ID: Object: Endpoint: InputFileID:file_2601271437271321801860514 CompletionWindow: Status:in_progress OutputFileID: ErrorFileID:<nil> CreatedAt:0 InProgressAt:0 ExpiresAt:0 FinalizingAt:0 CompletedAt:0 FailedAt:0 CancelledAt:0 RequestCounts:{Total:0 Completed:0 Failed:0} Metadata:map[] BatchID:batch_2601271437300616387039633 TotalCount:50 CompletedCount:49 FailedCount:0}
[INFO] 2026/01/27 14:40:08 logger.go:71: 查询批量任务结果：map[cancelled_at:<nil> cancelling_at:<nil> completed_at:<nil> completion_window:24h created_at:1.76952465e+09 endpoint:/v1/chat/completions errors:<nil> expired_at:1.76961105e+09 expires_at:1.76961105e+09 failed_at:<nil> finalizing_at:<nil> id:batch_2601271437301485741539635 in_process_at:1.76952465e+09 input_file_id:file_2601271437272346589160516 object:spark output_file_id: request_counts:map[completed:47 failed:0 total:50] sid:bat000d9c0b@dx19bfe2e4d560000572 status:in_progress]
[INFO] 2026/01/27 14:40:08 logger.go:71: 查询批量任务结果：&{ID: Object: Endpoint: InputFileID:file_2601271437272346589160516 CompletionWindow: Status:in_progress OutputFileID: ErrorFileID:<nil> CreatedAt:0 InProgressAt:0 ExpiresAt:0 FinalizingAt:0 CompletedAt:0 FailedAt:0 CancelledAt:0 RequestCounts:{Total:0 Completed:0 Failed:0} Metadata:map[] BatchID:batch_2601271437301485741539635 TotalCount:50 CompletedCount:47 FailedCount:0}
[INFO] 2026/01/27 14:40:08 logger.go:71: 查询批量任务结果：map[cancelled_at:<nil> cancelling_at:<nil> completed_at:<nil> completion_window:24h created_at:1.76952465e+09 endpoint:/v1/chat/completions errors:<nil> expired_at:1.76961105e+09 expires_at:1.76961105e+09 failed_at:<nil> finalizing_at:<nil> id:batch_2601271437302283550339637 in_process_at:1.76952465e+09 input_file_id:file_2601271437273433781560518 object:spark output_file_id: request_counts:map[completed:40 failed:0 total:50] sid:bat000deda5@dx19bfe2e4db20000572 status:in_progress]
[INFO] 2026/01/27 14:40:08 logger.go:71: 查询批量任务结果：&{ID: Object: Endpoint: InputFileID:file_2601271437273433781560518 CompletionWindow: Status:in_progress OutputFileID: ErrorFileID:<nil> CreatedAt:0 InProgressAt:0 ExpiresAt:0 FinalizingAt:0 CompletedAt:0 FailedAt:0 CancelledAt:0 RequestCounts:{Total:0 Completed:0 Failed:0} Metadata:map[] BatchID:batch_2601271437302283550339637 TotalCount:50 CompletedCount:40 FailedCount:0}
[INFO] 2026/01/27 14:40:11 logger.go:71: 查询批量任务结果：map[cancelled_at:<nil> cancelling_at:<nil> completed_at:<nil> completion_window:24h created_at:1.769524649e+09 endpoint:/v1/chat/completions errors:<nil> expired_at:1.769611049e+09 expires_at:1.769611049e+09 failed_at:<nil> finalizing_at:<nil> id:batch_2601271437296035759860523 in_process_at:1.769524649e+09 input_file_id:file_2601271437266136083639622 object:spark output_file_id: request_counts:map[completed:47 failed:0 total:50] sid:bat000deda8@dx19bfe2e55d60000572 status:in_progress]
[INFO] 2026/01/27 14:40:11 logger.go:71: 查询批量任务结果：&{ID: Object: Endpoint: InputFileID:file_2601271437266136083639622 CompletionWindow: Status:in_progress OutputFileID: ErrorFileID:<nil> CreatedAt:0 InProgressAt:0 ExpiresAt:0 FinalizingAt:0 CompletedAt:0 FailedAt:0 CancelledAt:0 RequestCounts:{Total:0 Completed:0 Failed:0} Metadata:map[] BatchID:batch_2601271437296035759860523 TotalCount:50 CompletedCount:47 FailedCount:0}
[INFO] 2026/01/27 14:40:11 logger.go:71: 查询批量任务结果：map[cancelled_at:<nil> cancelling_at:<nil> completed_at:<nil> completion_window:24h created_at:1.769524649e+09 endpoint:/v1/chat/completions errors:<nil> expired_at:1.769611049e+09 expires_at:1.769611049e+09 failed_at:<nil> finalizing_at:<nil> id:batch_2601271437297563553539629 in_process_at:1.769524649e+09 input_file_id:file_2601271437268218054539624 object:spark output_file_id: request_counts:map[completed:48 failed:0 total:50] sid:bat000d9c0c@dx19bfe2e56480000572 status:in_progress]
[INFO] 2026/01/27 14:40:11 logger.go:71: 查询批量任务结果：&{ID: Object: Endpoint: InputFileID:file_2601271437268218054539624 CompletionWindow: Status:in_progress OutputFileID: ErrorFileID:<nil> CreatedAt:0 InProgressAt:0 ExpiresAt:0 FinalizingAt:0 CompletedAt:0 FailedAt:0 CancelledAt:0 RequestCounts:{Total:0 Completed:0 Failed:0} Metadata:map[] BatchID:batch_2601271437297563553539629 TotalCount:50 CompletedCount:48 FailedCount:0}
[INFO] 2026/01/27 14:40:11 logger.go:71: 查询批量任务结果：map[cancelled_at:<nil> cancelling_at:<nil> completed_at:<nil> completion_window:24h created_at:1.769524649e+09 endpoint:/v1/chat/completions errors:<nil> expired_at:1.769611049e+09 expires_at:1.769611049e+09 failed_at:<nil> finalizing_at:<nil> id:batch_2601271437298336628039631 in_process_at:1.769524649e+09 input_file_id:file_2601271437269237987139626 object:spark output_file_id: request_counts:map[completed:49 failed:0 total:50] sid:bat000d9c0d@dx19bfe2e56960000572 status:in_progress]
[INFO] 2026/01/27 14:40:11 logger.go:71: 查询批量任务结果：&{ID: Object: Endpoint: InputFileID:file_2601271437269237987139626 CompletionWindow: Status:in_progress OutputFileID: ErrorFileID:<nil> CreatedAt:0 InProgressAt:0 ExpiresAt:0 FinalizingAt:0 CompletedAt:0 FailedAt:0 CancelledAt:0 RequestCounts:{Total:0 Completed:0 Failed:0} Metadata:map[] BatchID:batch_2601271437298336628039631 TotalCount:50 CompletedCount:49 FailedCount:0}
[INFO] 2026/01/27 14:40:11 logger.go:71: 查询批量任务结果：map[cancelled_at:<nil> cancelling_at:<nil> completed_at:<nil> completion_window:24h created_at:1.769524649e+09 endpoint:/v1/chat/completions errors:<nil> expired_at:1.769611049e+09 expires_at:1.769611049e+09 failed_at:<nil> finalizing_at:<nil> id:batch_2601271437299793491460527 in_process_at:1.769524649e+09 input_file_id:file_2601271437270362743539628 object:spark output_file_id: request_counts:map[completed:42 failed:0 total:50] sid:bat000deda9@dx19bfe2e56ec0000572 status:in_progress]
[INFO] 2026/01/27 14:40:11 logger.go:71: 查询批量任务结果：&{ID: Object: Endpoint: InputFileID:file_2601271437270362743539628 CompletionWindow: Status:in_progress OutputFileID: ErrorFileID:<nil> CreatedAt:0 InProgressAt:0 ExpiresAt:0 FinalizingAt:0 CompletedAt:0 FailedAt:0 CancelledAt:0 RequestCounts:{Total:0 Completed:0 Failed:0} Metadata:map[] BatchID:batch_2601271437299793491460527 TotalCount:50 CompletedCount:42 FailedCount:0}
[INFO] 2026/01/27 14:40:11 logger.go:71: 查询批量任务结果：map[cancelled_at:<nil> cancelling_at:<nil> completed_at:<nil> completion_window:24h created_at:1.76952465e+09 endpoint:/v1/chat/completions errors:<nil> expired_at:1.76961105e+09 expires_at:1.76961105e+09 failed_at:<nil> finalizing_at:1.769524807e+09 id:batch_2601271437300616387039633 in_process_at:1.76952465e+09 input_file_id:file_2601271437271321801860514 object:spark output_file_id:file_2601271440077054290160838 request_counts:map[completed:50 failed:0 total:50] sid:bat000dedaa@dx19bfe2e573d0000572 status:completed]
[INFO] 2026/01/27 14:40:11 logger.go:71: 查询批量任务结果：&{ID: Object: Endpoint: InputFileID:file_2601271437271321801860514 CompletionWindow: Status:completed OutputFileID:file_2601271440077054290160838 ErrorFileID:<nil> CreatedAt:0 InProgressAt:0 ExpiresAt:0 FinalizingAt:0 CompletedAt:0 FailedAt:0 CancelledAt:0 RequestCounts:{Total:0 Completed:0 Failed:0} Metadata:map[] BatchID:batch_2601271437300616387039633 TotalCount:50 CompletedCount:50 FailedCount:0}
[INFO] 2026/01/27 14:40:11 logger.go:71: 查询批量任务结果：map[cancelled_at:<nil> cancelling_at:<nil> completed_at:<nil> completion_window:24h created_at:1.76952465e+09 endpoint:/v1/chat/completions errors:<nil> expired_at:1.76961105e+09 expires_at:1.76961105e+09 failed_at:<nil> finalizing_at:<nil> id:batch_2601271437301485741539635 in_process_at:1.76952465e+09 input_file_id:file_2601271437272346589160516 object:spark output_file_id: request_counts:map[completed:47 failed:0 total:50] sid:bat000dedac@dx19bfe2e586d0000572 status:in_progress]
[INFO] 2026/01/27 14:40:11 logger.go:71: 查询批量任务结果：&{ID: Object: Endpoint: InputFileID:file_2601271437272346589160516 CompletionWindow: Status:in_progress OutputFileID: ErrorFileID:<nil> CreatedAt:0 InProgressAt:0 ExpiresAt:0 FinalizingAt:0 CompletedAt:0 FailedAt:0 CancelledAt:0 RequestCounts:{Total:0 Completed:0 Failed:0} Metadata:map[] BatchID:batch_2601271437301485741539635 TotalCount:50 CompletedCount:47 FailedCount:0}
[INFO] 2026/01/27 14:40:11 logger.go:71: 查询批量任务结果：map[cancelled_at:<nil> cancelling_at:<nil> completed_at:<nil> completion_window:24h created_at:1.76952465e+09 endpoint:/v1/chat/completions errors:<nil> expired_at:1.76961105e+09 expires_at:1.76961105e+09 failed_at:<nil> finalizing_at:<nil> id:batch_2601271437302283550339637 in_process_at:1.76952465e+09 input_file_id:file_2601271437273433781560518 object:spark output_file_id: request_counts:map[completed:41 failed:0 total:50] sid:bat000dedad@dx19bfe2e58c10000572 status:in_progress]
[INFO] 2026/01/27 14:40:11 logger.go:71: 查询批量任务结果：&{ID: Object: Endpoint: InputFileID:file_2601271437273433781560518 CompletionWindow: Status:in_progress OutputFileID: ErrorFileID:<nil> CreatedAt:0 InProgressAt:0 ExpiresAt:0 FinalizingAt:0 CompletedAt:0 FailedAt:0 CancelledAt:0 RequestCounts:{Total:0 Completed:0 Failed:0} Metadata:map[] BatchID:batch_2601271437302283550339637 TotalCount:50 CompletedCount:41 FailedCount:0}
[INFO] 2026/01/27 14:40:13 logger.go:71: 查询批量任务结果：map[cancelled_at:<nil> cancelling_at:<nil> completed_at:<nil> completion_window:24h created_at:1.769524649e+09 endpoint:/v1/chat/completions errors:<nil> expired_at:1.769611049e+09 expires_at:1.769611049e+09 failed_at:<nil> finalizing_at:<nil> id:batch_2601271437296035759860523 in_process_at:1.769524649e+09 input_file_id:file_2601271437266136083639622 object:spark output_file_id: request_counts:map[completed:47 failed:0 total:50] sid:bat000d9c10@dx19bfe2e60f90000572 status:in_progress]
[INFO] 2026/01/27 14:40:13 logger.go:71: 查询批量任务结果：&{ID: Object: Endpoint: InputFileID:file_2601271437266136083639622 CompletionWindow: Status:in_progress OutputFileID: ErrorFileID:<nil> CreatedAt:0 InProgressAt:0 ExpiresAt:0 FinalizingAt:0 CompletedAt:0 FailedAt:0 CancelledAt:0 RequestCounts:{Total:0 Completed:0 Failed:0} Metadata:map[] BatchID:batch_2601271437296035759860523 TotalCount:50 CompletedCount:47 FailedCount:0}
[INFO] 2026/01/27 14:40:13 logger.go:71: 查询批量任务结果：map[cancelled_at:<nil> cancelling_at:<nil> completed_at:<nil> completion_window:24h created_at:1.769524649e+09 endpoint:/v1/chat/completions errors:<nil> expired_at:1.769611049e+09 expires_at:1.769611049e+09 failed_at:<nil> finalizing_at:1.76952481e+09 id:batch_2601271437297563553539629 in_process_at:1.769524649e+09 input_file_id:file_2601271437268218054539624 object:spark output_file_id:file_2601271440103999038939950 request_counts:map[completed:50 failed:0 total:50] sid:bat000dedae@dx19bfe2e616c0000572 status:completed]
[INFO] 2026/01/27 14:40:13 logger.go:71: 查询批量任务结果：&{ID: Object: Endpoint: InputFileID:file_2601271437268218054539624 CompletionWindow: Status:completed OutputFileID:file_2601271440103999038939950 ErrorFileID:<nil> CreatedAt:0 InProgressAt:0 ExpiresAt:0 FinalizingAt:0 CompletedAt:0 FailedAt:0 CancelledAt:0 RequestCounts:{Total:0 Completed:0 Failed:0} Metadata:map[] BatchID:batch_2601271437297563553539629 TotalCount:50 CompletedCount:50 FailedCount:0}
[INFO] 2026/01/27 14:40:14 logger.go:71: 查询批量任务结果：map[cancelled_at:<nil> cancelling_at:<nil> completed_at:<nil> completion_window:24h created_at:1.769524649e+09 endpoint:/v1/chat/completions errors:<nil> expired_at:1.769611049e+09 expires_at:1.769611049e+09 failed_at:<nil> finalizing_at:<nil> id:batch_2601271437298336628039631 in_process_at:1.769524649e+09 input_file_id:file_2601271437269237987139626 object:spark output_file_id: request_counts:map[completed:49 failed:0 total:50] sid:bat000dedb0@dx19bfe2e62520000572 status:in_progress]
[INFO] 2026/01/27 14:40:14 logger.go:71: 查询批量任务结果：&{ID: Object: Endpoint: InputFileID:file_2601271437269237987139626 CompletionWindow: Status:in_progress OutputFileID: ErrorFileID:<nil> CreatedAt:0 InProgressAt:0 ExpiresAt:0 FinalizingAt:0 CompletedAt:0 FailedAt:0 CancelledAt:0 RequestCounts:{Total:0 Completed:0 Failed:0} Metadata:map[] BatchID:batch_2601271437298336628039631 TotalCount:50 CompletedCount:49 FailedCount:0}
[INFO] 2026/01/27 14:40:14 logger.go:71: 查询批量任务结果：map[cancelled_at:<nil> cancelling_at:<nil> completed_at:<nil> completion_window:24h created_at:1.769524649e+09 endpoint:/v1/chat/completions errors:<nil> expired_at:1.769611049e+09 expires_at:1.769611049e+09 failed_at:<nil> finalizing_at:<nil> id:batch_2601271437299793491460527 in_process_at:1.769524649e+09 input_file_id:file_2601271437270362743539628 object:spark output_file_id: request_counts:map[completed:42 failed:0 total:50] sid:bat000d9c11@dx19bfe2e62a30000572 status:in_progress]
[INFO] 2026/01/27 14:40:14 logger.go:71: 查询批量任务结果：&{ID: Object: Endpoint: InputFileID:file_2601271437270362743539628 CompletionWindow: Status:in_progress OutputFileID: ErrorFileID:<nil> CreatedAt:0 InProgressAt:0 ExpiresAt:0 FinalizingAt:0 CompletedAt:0 FailedAt:0 CancelledAt:0 RequestCounts:{Total:0 Completed:0 Failed:0} Metadata:map[] BatchID:batch_2601271437299793491460527 TotalCount:50 CompletedCount:42 FailedCount:0}
[INFO] 2026/01/27 14:40:14 logger.go:71: 查询批量任务结果：map[cancelled_at:<nil> cancelling_at:<nil> completed_at:<nil> completion_window:24h created_at:1.76952465e+09 endpoint:/v1/chat/completions errors:<nil> expired_at:1.76961105e+09 expires_at:1.76961105e+09 failed_at:<nil> finalizing_at:<nil> id:batch_2601271437301485741539635 in_process_at:1.76952465e+09 input_file_id:file_2601271437272346589160516 object:spark output_file_id: request_counts:map[completed:47 failed:0 total:50] sid:bat000dedb1@dx19bfe2e635d0000572 status:in_progress]
[INFO] 2026/01/27 14:40:14 logger.go:71: 查询批量任务结果：&{ID: Object: Endpoint: InputFileID:file_2601271437272346589160516 CompletionWindow: Status:in_progress OutputFileID: ErrorFileID:<nil> CreatedAt:0 InProgressAt:0 ExpiresAt:0 FinalizingAt:0 CompletedAt:0 FailedAt:0 CancelledAt:0 RequestCounts:{Total:0 Completed:0 Failed:0} Metadata:map[] BatchID:batch_2601271437301485741539635 TotalCount:50 CompletedCount:47 FailedCount:0}
[INFO] 2026/01/27 14:40:14 logger.go:71: 查询批量任务结果：map[cancelled_at:<nil> cancelling_at:<nil> completed_at:<nil> completion_window:24h created_at:1.76952465e+09 endpoint:/v1/chat/completions errors:<nil> expired_at:1.76961105e+09 expires_at:1.76961105e+09 failed_at:<nil> finalizing_at:<nil> id:batch_2601271437302283550339637 in_process_at:1.76952465e+09 input_file_id:file_2601271437273433781560518 object:spark output_file_id: request_counts:map[completed:43 failed:0 total:50] sid:bat000d9c12@dx19bfe2e63c50000572 status:in_progress]
[INFO] 2026/01/27 14:40:14 logger.go:71: 查询批量任务结果：&{ID: Object: Endpoint: InputFileID:file_2601271437273433781560518 CompletionWindow: Status:in_progress OutputFileID: ErrorFileID:<nil> CreatedAt:0 InProgressAt:0 ExpiresAt:0 FinalizingAt:0 CompletedAt:0 FailedAt:0 CancelledAt:0 RequestCounts:{Total:0 Completed:0 Failed:0} Metadata:map[] BatchID:batch_2601271437302283550339637 TotalCount:50 CompletedCount:43 FailedCount:0}
[INFO] 2026/01/27 14:40:16 logger.go:71: 查询批量任务结果：map[cancelled_at:<nil> cancelling_at:<nil> completed_at:<nil> completion_window:24h created_at:1.769524649e+09 endpoint:/v1/chat/completions errors:<nil> expired_at:1.769611049e+09 expires_at:1.769611049e+09 failed_at:<nil> finalizing_at:<nil> id:batch_2601271437296035759860523 in_process_at:1.769524649e+09 input_file_id:file_2601271437266136083639622 object:spark output_file_id: request_counts:map[completed:49 failed:0 total:50] sid:bat000d9c13@dx19bfe2e6bf80000572 status:in_progress]
[INFO] 2026/01/27 14:40:16 logger.go:71: 查询批量任务结果：&{ID: Object: Endpoint: InputFileID:file_2601271437266136083639622 CompletionWindow: Status:in_progress OutputFileID: ErrorFileID:<nil> CreatedAt:0 InProgressAt:0 ExpiresAt:0 FinalizingAt:0 CompletedAt:0 FailedAt:0 CancelledAt:0 RequestCounts:{Total:0 Completed:0 Failed:0} Metadata:map[] BatchID:batch_2601271437296035759860523 TotalCount:50 CompletedCount:49 FailedCount:0}
[INFO] 2026/01/27 14:40:16 logger.go:71: 查询批量任务结果：map[cancelled_at:<nil> cancelling_at:<nil> completed_at:<nil> completion_window:24h created_at:1.769524649e+09 endpoint:/v1/chat/completions errors:<nil> expired_at:1.769611049e+09 expires_at:1.769611049e+09 failed_at:<nil> finalizing_at:<nil> id:batch_2601271437298336628039631 in_process_at:1.769524649e+09 input_file_id:file_2601271437269237987139626 object:spark output_file_id: request_counts:map[completed:49 failed:0 total:50] sid:bat000dedb2@dx19bfe2e6c5b0000572 status:in_progress]
[INFO] 2026/01/27 14:40:16 logger.go:71: 查询批量任务结果：&{ID: Object: Endpoint: InputFileID:file_2601271437269237987139626 CompletionWindow: Status:in_progress OutputFileID: ErrorFileID:<nil> CreatedAt:0 InProgressAt:0 ExpiresAt:0 FinalizingAt:0 CompletedAt:0 FailedAt:0 CancelledAt:0 RequestCounts:{Total:0 Completed:0 Failed:0} Metadata:map[] BatchID:batch_2601271437298336628039631 TotalCount:50 CompletedCount:49 FailedCount:0}
[INFO] 2026/01/27 14:40:16 logger.go:71: 查询批量任务结果：map[cancelled_at:<nil> cancelling_at:<nil> completed_at:<nil> completion_window:24h created_at:1.769524649e+09 endpoint:/v1/chat/completions errors:<nil> expired_at:1.769611049e+09 expires_at:1.769611049e+09 failed_at:<nil> finalizing_at:<nil> id:batch_2601271437299793491460527 in_process_at:1.769524649e+09 input_file_id:file_2601271437270362743539628 object:spark output_file_id: request_counts:map[completed:42 failed:0 total:50] sid:bat000dedb3@dx19bfe2e6cb30000572 status:in_progress]
[INFO] 2026/01/27 14:40:16 logger.go:71: 查询批量任务结果：&{ID: Object: Endpoint: InputFileID:file_2601271437270362743539628 CompletionWindow: Status:in_progress OutputFileID: ErrorFileID:<nil> CreatedAt:0 InProgressAt:0 ExpiresAt:0 FinalizingAt:0 CompletedAt:0 FailedAt:0 CancelledAt:0 RequestCounts:{Total:0 Completed:0 Failed:0} Metadata:map[] BatchID:batch_2601271437299793491460527 TotalCount:50 CompletedCount:42 FailedCount:0}
[INFO] 2026/01/27 14:40:16 logger.go:71: 查询批量任务结果：map[cancelled_at:<nil> cancelling_at:<nil> completed_at:<nil> completion_window:24h created_at:1.76952465e+09 endpoint:/v1/chat/completions errors:<nil> expired_at:1.76961105e+09 expires_at:1.76961105e+09 failed_at:<nil> finalizing_at:<nil> id:batch_2601271437301485741539635 in_process_at:1.76952465e+09 input_file_id:file_2601271437272346589160516 object:spark output_file_id: request_counts:map[completed:49 failed:0 total:50] sid:bat000dedb4@dx19bfe2e6d0e0000572 status:in_progress]
[INFO] 2026/01/27 14:40:16 logger.go:71: 查询批量任务结果：&{ID: Object: Endpoint: InputFileID:file_2601271437272346589160516 CompletionWindow: Status:in_progress OutputFileID: ErrorFileID:<nil> CreatedAt:0 InProgressAt:0 ExpiresAt:0 FinalizingAt:0 CompletedAt:0 FailedAt:0 CancelledAt:0 RequestCounts:{Total:0 Completed:0 Failed:0} Metadata:map[] BatchID:batch_2601271437301485741539635 TotalCount:50 CompletedCount:49 FailedCount:0}
[INFO] 2026/01/27 14:40:17 logger.go:71: 查询批量任务结果：map[cancelled_at:<nil> cancelling_at:<nil> completed_at:<nil> completion_window:24h created_at:1.76952465e+09 endpoint:/v1/chat/completions errors:<nil> expired_at:1.76961105e+09 expires_at:1.76961105e+09 failed_at:<nil> finalizing_at:<nil> id:batch_2601271437302283550339637 in_process_at:1.76952465e+09 input_file_id:file_2601271437273433781560518 object:spark output_file_id: request_counts:map[completed:43 failed:0 total:50] sid:bat000d9c14@dx19bfe2e6da60000572 status:in_progress]
[INFO] 2026/01/27 14:40:17 logger.go:71: 查询批量任务结果：&{ID: Object: Endpoint: InputFileID:file_2601271437273433781560518 CompletionWindow: Status:in_progress OutputFileID: ErrorFileID:<nil> CreatedAt:0 InProgressAt:0 ExpiresAt:0 FinalizingAt:0 CompletedAt:0 FailedAt:0 CancelledAt:0 RequestCounts:{Total:0 Completed:0 Failed:0} Metadata:map[] BatchID:batch_2601271437302283550339637 TotalCount:50 CompletedCount:43 FailedCount:0}
[INFO] 2026/01/27 14:40:19 logger.go:71: 查询批量任务结果：map[cancelled_at:<nil> cancelling_at:<nil> completed_at:<nil> completion_window:24h created_at:1.769524649e+09 endpoint:/v1/chat/completions errors:<nil> expired_at:1.769611049e+09 expires_at:1.769611049e+09 failed_at:<nil> finalizing_at:<nil> id:batch_2601271437296035759860523 in_process_at:1.769524649e+09 input_file_id:file_2601271437266136083639622 object:spark output_file_id: request_counts:map[completed:49 failed:0 total:50] sid:bat000d9c15@dx19bfe2e75e00000572 status:in_progress]
[INFO] 2026/01/27 14:40:19 logger.go:71: 查询批量任务结果：&{ID: Object: Endpoint: InputFileID:file_2601271437266136083639622 CompletionWindow: Status:in_progress OutputFileID: ErrorFileID:<nil> CreatedAt:0 InProgressAt:0 ExpiresAt:0 FinalizingAt:0 CompletedAt:0 FailedAt:0 CancelledAt:0 RequestCounts:{Total:0 Completed:0 Failed:0} Metadata:map[] BatchID:batch_2601271437296035759860523 TotalCount:50 CompletedCount:49 FailedCount:0}
[INFO] 2026/01/27 14:40:19 logger.go:71: 查询批量任务结果：map[cancelled_at:<nil> cancelling_at:<nil> completed_at:<nil> completion_window:24h created_at:1.769524649e+09 endpoint:/v1/chat/completions errors:<nil> expired_at:1.769611049e+09 expires_at:1.769611049e+09 failed_at:<nil> finalizing_at:<nil> id:batch_2601271437298336628039631 in_process_at:1.769524649e+09 input_file_id:file_2601271437269237987139626 object:spark output_file_id: request_counts:map[completed:49 failed:0 total:50] sid:bat000dedb5@dx19bfe2e76440000572 status:in_progress]
[INFO] 2026/01/27 14:40:19 logger.go:71: 查询批量任务结果：&{ID: Object: Endpoint: InputFileID:file_2601271437269237987139626 CompletionWindow: Status:in_progress OutputFileID: ErrorFileID:<nil> CreatedAt:0 InProgressAt:0 ExpiresAt:0 FinalizingAt:0 CompletedAt:0 FailedAt:0 CancelledAt:0 RequestCounts:{Total:0 Completed:0 Failed:0} Metadata:map[] BatchID:batch_2601271437298336628039631 TotalCount:50 CompletedCount:49 FailedCount:0}
[INFO] 2026/01/27 14:40:19 logger.go:71: 查询批量任务结果：map[cancelled_at:<nil> cancelling_at:<nil> completed_at:<nil> completion_window:24h created_at:1.769524649e+09 endpoint:/v1/chat/completions errors:<nil> expired_at:1.769611049e+09 expires_at:1.769611049e+09 failed_at:<nil> finalizing_at:<nil> id:batch_2601271437299793491460527 in_process_at:1.769524649e+09 input_file_id:file_2601271437270362743539628 object:spark output_file_id: request_counts:map[completed:44 failed:0 total:50] sid:bat000d9c16@dx19bfe2e76a20000572 status:in_progress]
[INFO] 2026/01/27 14:40:19 logger.go:71: 查询批量任务结果：&{ID: Object: Endpoint: InputFileID:file_2601271437270362743539628 CompletionWindow: Status:in_progress OutputFileID: ErrorFileID:<nil> CreatedAt:0 InProgressAt:0 ExpiresAt:0 FinalizingAt:0 CompletedAt:0 FailedAt:0 CancelledAt:0 RequestCounts:{Total:0 Completed:0 Failed:0} Metadata:map[] BatchID:batch_2601271437299793491460527 TotalCount:50 CompletedCount:44 FailedCount:0}
[INFO] 2026/01/27 14:40:19 logger.go:71: 查询批量任务结果：map[cancelled_at:<nil> cancelling_at:<nil> completed_at:<nil> completion_window:24h created_at:1.76952465e+09 endpoint:/v1/chat/completions errors:<nil> expired_at:1.76961105e+09 expires_at:1.76961105e+09 failed_at:<nil> finalizing_at:<nil> id:batch_2601271437301485741539635 in_process_at:1.76952465e+09 input_file_id:file_2601271437272346589160516 object:spark output_file_id: request_counts:map[completed:49 failed:0 total:50] sid:bat000d9c17@dx19bfe2e76f60000572 status:in_progress]
[INFO] 2026/01/27 14:40:19 logger.go:71: 查询批量任务结果：&{ID: Object: Endpoint: InputFileID:file_2601271437272346589160516 CompletionWindow: Status:in_progress OutputFileID: ErrorFileID:<nil> CreatedAt:0 InProgressAt:0 ExpiresAt:0 FinalizingAt:0 CompletedAt:0 FailedAt:0 CancelledAt:0 RequestCounts:{Total:0 Completed:0 Failed:0} Metadata:map[] BatchID:batch_2601271437301485741539635 TotalCount:50 CompletedCount:49 FailedCount:0}
[INFO] 2026/01/27 14:40:19 logger.go:71: 查询批量任务结果：map[cancelled_at:<nil> cancelling_at:<nil> completed_at:<nil> completion_window:24h created_at:1.76952465e+09 endpoint:/v1/chat/completions errors:<nil> expired_at:1.76961105e+09 expires_at:1.76961105e+09 failed_at:<nil> finalizing_at:<nil> id:batch_2601271437302283550339637 in_process_at:1.76952465e+09 input_file_id:file_2601271437273433781560518 object:spark output_file_id: request_counts:map[completed:48 failed:0 total:50] sid:bat000d9c18@dx19bfe2e77480000572 status:in_progress]
[INFO] 2026/01/27 14:40:19 logger.go:71: 查询批量任务结果：&{ID: Object: Endpoint: InputFileID:file_2601271437273433781560518 CompletionWindow: Status:in_progress OutputFileID: ErrorFileID:<nil> CreatedAt:0 InProgressAt:0 ExpiresAt:0 FinalizingAt:0 CompletedAt:0 FailedAt:0 CancelledAt:0 RequestCounts:{Total:0 Completed:0 Failed:0} Metadata:map[] BatchID:batch_2601271437302283550339637 TotalCount:50 CompletedCount:48 FailedCount:0}
[INFO] 2026/01/27 14:40:21 logger.go:71: 查询批量任务结果：map[cancelled_at:<nil> cancelling_at:<nil> completed_at:<nil> completion_window:24h created_at:1.769524649e+09 endpoint:/v1/chat/completions errors:<nil> expired_at:1.769611049e+09 expires_at:1.769611049e+09 failed_at:<nil> finalizing_at:<nil> id:batch_2601271437296035759860523 in_process_at:1.769524649e+09 input_file_id:file_2601271437266136083639622 object:spark output_file_id: request_counts:map[completed:50 failed:0 total:50] sid:bat000d9c1b@dx19bfe2e7f6e0000572 status:in_progress]
[INFO] 2026/01/27 14:40:21 logger.go:71: 查询批量任务结果：&{ID: Object: Endpoint: InputFileID:file_2601271437266136083639622 CompletionWindow: Status:in_progress OutputFileID: ErrorFileID:<nil> CreatedAt:0 InProgressAt:0 ExpiresAt:0 FinalizingAt:0 CompletedAt:0 FailedAt:0 CancelledAt:0 RequestCounts:{Total:0 Completed:0 Failed:0} Metadata:map[] BatchID:batch_2601271437296035759860523 TotalCount:50 CompletedCount:50 FailedCount:0}
[INFO] 2026/01/27 14:40:21 logger.go:71: 查询批量任务结果：map[cancelled_at:<nil> cancelling_at:<nil> completed_at:<nil> completion_window:24h created_at:1.769524649e+09 endpoint:/v1/chat/completions errors:<nil> expired_at:1.769611049e+09 expires_at:1.769611049e+09 failed_at:<nil> finalizing_at:1.769524816e+09 id:batch_2601271437298336628039631 in_process_at:1.769524649e+09 input_file_id:file_2601271437269237987139626 object:spark output_file_id:file_2601271440168737012160854 request_counts:map[completed:50 failed:0 total:50] sid:bat000dedb8@dx19bfe2e7fda0000572 status:completed]
[INFO] 2026/01/27 14:40:21 logger.go:71: 查询批量任务结果：&{ID: Object: Endpoint: InputFileID:file_2601271437269237987139626 CompletionWindow: Status:completed OutputFileID:file_2601271440168737012160854 ErrorFileID:<nil> CreatedAt:0 InProgressAt:0 ExpiresAt:0 FinalizingAt:0 CompletedAt:0 FailedAt:0 CancelledAt:0 RequestCounts:{Total:0 Completed:0 Failed:0} Metadata:map[] BatchID:batch_2601271437298336628039631 TotalCount:50 CompletedCount:50 FailedCount:0}
[INFO] 2026/01/27 14:40:22 logger.go:71: 查询批量任务结果：map[cancelled_at:<nil> cancelling_at:<nil> completed_at:<nil> completion_window:24h created_at:1.769524649e+09 endpoint:/v1/chat/completions errors:<nil> expired_at:1.769611049e+09 expires_at:1.769611049e+09 failed_at:<nil> finalizing_at:<nil> id:batch_2601271437299793491460527 in_process_at:1.769524649e+09 input_file_id:file_2601271437270362743539628 object:spark output_file_id: request_counts:map[completed:46 failed:0 total:50] sid:bat000d9c1d@dx19bfe2e80bc0000572 status:in_progress]
[INFO] 2026/01/27 14:40:22 logger.go:71: 查询批量任务结果：&{ID: Object: Endpoint: InputFileID:file_2601271437270362743539628 CompletionWindow: Status:in_progress OutputFileID: ErrorFileID:<nil> CreatedAt:0 InProgressAt:0 ExpiresAt:0 FinalizingAt:0 CompletedAt:0 FailedAt:0 CancelledAt:0 RequestCounts:{Total:0 Completed:0 Failed:0} Metadata:map[] BatchID:batch_2601271437299793491460527 TotalCount:50 CompletedCount:46 FailedCount:0}
[INFO] 2026/01/27 14:40:22 logger.go:71: 查询批量任务结果：map[cancelled_at:<nil> cancelling_at:<nil> completed_at:<nil> completion_window:24h created_at:1.76952465e+09 endpoint:/v1/chat/completions errors:<nil> expired_at:1.76961105e+09 expires_at:1.76961105e+09 failed_at:<nil> finalizing_at:1.769524816e+09 id:batch_2601271437301485741539635 in_process_at:1.76952465e+09 input_file_id:file_2601271437272346589160516 object:spark output_file_id:file_2601271440167874382739961 request_counts:map[completed:50 failed:0 total:50] sid:bat000d9c1e@dx19bfe2e810e0000572 status:completed]
[INFO] 2026/01/27 14:40:22 logger.go:71: 查询批量任务结果：&{ID: Object: Endpoint: InputFileID:file_2601271437272346589160516 CompletionWindow: Status:completed OutputFileID:file_2601271440167874382739961 ErrorFileID:<nil> CreatedAt:0 InProgressAt:0 ExpiresAt:0 FinalizingAt:0 CompletedAt:0 FailedAt:0 CancelledAt:0 RequestCounts:{Total:0 Completed:0 Failed:0} Metadata:map[] BatchID:batch_2601271437301485741539635 TotalCount:50 CompletedCount:50 FailedCount:0}
[INFO] 2026/01/27 14:40:22 logger.go:71: 查询批量任务结果：map[cancelled_at:<nil> cancelling_at:<nil> completed_at:<nil> completion_window:24h created_at:1.76952465e+09 endpoint:/v1/chat/completions errors:<nil> expired_at:1.76961105e+09 expires_at:1.76961105e+09 failed_at:<nil> finalizing_at:<nil> id:batch_2601271437302283550339637 in_process_at:1.76952465e+09 input_file_id:file_2601271437273433781560518 object:spark output_file_id: request_counts:map[completed:50 failed:0 total:50] sid:bat000dedb9@dx19bfe2e82010000572 status:in_progress]
[INFO] 2026/01/27 14:40:22 logger.go:71: 查询批量任务结果：&{ID: Object: Endpoint: InputFileID:file_2601271437273433781560518 CompletionWindow: Status:in_progress OutputFileID: ErrorFileID:<nil> CreatedAt:0 InProgressAt:0 ExpiresAt:0 FinalizingAt:0 CompletedAt:0 FailedAt:0 CancelledAt:0 RequestCounts:{Total:0 Completed:0 Failed:0} Metadata:map[] BatchID:batch_2601271437302283550339637 TotalCount:50 CompletedCount:50 FailedCount:0}
[INFO] 2026/01/27 14:40:24 logger.go:71: 查询批量任务结果：map[cancelled_at:<nil> cancelling_at:<nil> completed_at:<nil> completion_window:24h created_at:1.769524649e+09 endpoint:/v1/chat/completions errors:<nil> expired_at:1.769611049e+09 expires_at:1.769611049e+09 failed_at:<nil> finalizing_at:1.769524819e+09 id:batch_2601271437296035759860523 in_process_at:1.769524649e+09 input_file_id:file_2601271437266136083639622 object:spark output_file_id:file_2601271440195773299639968 request_counts:map[completed:50 failed:0 total:50] sid:bat000d9c24@dx19bfe2e8a360000572 status:completed]
[INFO] 2026/01/27 14:40:24 logger.go:71: 查询批量任务结果：&{ID: Object: Endpoint: InputFileID:file_2601271437266136083639622 CompletionWindow: Status:completed OutputFileID:file_2601271440195773299639968 ErrorFileID:<nil> CreatedAt:0 InProgressAt:0 ExpiresAt:0 FinalizingAt:0 CompletedAt:0 FailedAt:0 CancelledAt:0 RequestCounts:{Total:0 Completed:0 Failed:0} Metadata:map[] BatchID:batch_2601271437296035759860523 TotalCount:50 CompletedCount:50 FailedCount:0}
[INFO] 2026/01/27 14:40:24 logger.go:71: 查询批量任务结果：map[cancelled_at:<nil> cancelling_at:<nil> completed_at:<nil> completion_window:24h created_at:1.769524649e+09 endpoint:/v1/chat/completions errors:<nil> expired_at:1.769611049e+09 expires_at:1.769611049e+09 failed_at:<nil> finalizing_at:1.76952482e+09 id:batch_2601271437299793491460527 in_process_at:1.769524649e+09 input_file_id:file_2601271437270362743539628 object:spark output_file_id:file_2601271440204412791939970 request_counts:map[completed:50 failed:0 total:50] sid:bat000dedbd@dx19bfe2e8b360000572 status:completed]
[INFO] 2026/01/27 14:40:24 logger.go:71: 查询批量任务结果：&{ID: Object: Endpoint: InputFileID:file_2601271437270362743539628 CompletionWindow: Status:completed OutputFileID:file_2601271440204412791939970 ErrorFileID:<nil> CreatedAt:0 InProgressAt:0 ExpiresAt:0 FinalizingAt:0 CompletedAt:0 FailedAt:0 CancelledAt:0 RequestCounts:{Total:0 Completed:0 Failed:0} Metadata:map[] BatchID:batch_2601271437299793491460527 TotalCount:50 CompletedCount:50 FailedCount:0}
[INFO] 2026/01/27 14:40:24 logger.go:71: 查询批量任务结果：map[cancelled_at:<nil> cancelling_at:<nil> completed_at:<nil> completion_window:24h created_at:1.76952465e+09 endpoint:/v1/chat/completions errors:<nil> expired_at:1.76961105e+09 expires_at:1.76961105e+09 failed_at:<nil> finalizing_at:1.769524819e+09 id:batch_2601271437302283550339637 in_process_at:1.76952465e+09 input_file_id:file_2601271437273433781560518 object:spark output_file_id:file_2601271440195773765960858 request_counts:map[completed:50 failed:0 total:50] sid:bat000d9c25@dx19bfe2e8c1d0000572 status:completed]
[INFO] 2026/01/27 14:40:24 logger.go:71: 查询批量任务结果：&{ID: Object: Endpoint: InputFileID:file_2601271437273433781560518 CompletionWindow: Status:completed OutputFileID:file_2601271440195773765960858 ErrorFileID:<nil> CreatedAt:0 InProgressAt:0 ExpiresAt:0 FinalizingAt:0 CompletedAt:0 FailedAt:0 CancelledAt:0 RequestCounts:{Total:0 Completed:0 Failed:0} Metadata:map[] BatchID:batch_2601271437302283550339637 TotalCount:50 CompletedCount:50 FailedCount:0}
[INFO] 2026/01/27 14:40:27 logger.go:71: 任务 [dudux_final] 本轮处理完毕，开始合并结果...
[INFO] 2026/01/27 14:40:27 logger.go:71: 任务 [dudux_final] 全部结束。致命错误数: 0
[INFO] 2026/01/27 14:48:38 logger.go:71: 配置文件加载成功: config.yaml
[INFO] 2026/01/27 14:48:38 logger.go:143: [test_fatal_ee1] [Estimate] - ⏳ [预估耗时] 任务共 500 行，预计耗时: 3分 0秒 (按每100行36秒估算)
[INFO] 2026/01/27 14:48:43 logger.go:71: [test_fatal_ee1_chunk_0] 开始上传分块...
[INFO] 2026/01/27 14:48:43 logger.go:71: 上传文件结果：{"id":"file_2601271448406476337640105","sid":"bat000d9ca8@dx19bfe3627c70000572","object":"file","bytes":9326,"created_at":1769496520,"filename":"part0.1000input.jsonl","purpose":"batch"}
[INFO] 2026/01/27 14:48:43 logger.go:71: [test_fatal_ee1_chunk_1] 开始上传分块...
[INFO] 2026/01/27 14:48:43 logger.go:71: 上传文件结果：{"id":"file_2601271448408128248960944","sid":"bat000dee0f@dx19bfe36286b0000572","object":"file","bytes":9149,"created_at":1769496520,"filename":"part1.1000input.jsonl","purpose":"batch"}
[INFO] 2026/01/27 14:48:43 logger.go:71: [test_fatal_ee1_chunk_2] 开始上传分块...
[INFO] 2026/01/27 14:48:43 logger.go:71: 上传文件结果：{"id":"file_2601271448408907407760946","sid":"bat000dee11@dx19bfe3628b90000572","object":"file","bytes":9199,"created_at":1769496520,"filename":"part2.1000input.jsonl","purpose":"batch"}
[INFO] 2026/01/27 14:48:43 logger.go:71: [test_fatal_ee1_chunk_3] 开始上传分块...
[INFO] 2026/01/27 14:48:43 logger.go:71: 上传文件结果：{"id":"file_2601271448409835690260948","sid":"bat000dee13@dx19bfe3629170000572","object":"file","bytes":9199,"created_at":1769496520,"filename":"part3.1000input.jsonl","purpose":"batch"}
[INFO] 2026/01/27 14:48:43 logger.go:71: [test_fatal_ee1_chunk_4] 开始上传分块...
[INFO] 2026/01/27 14:48:43 logger.go:71: 上传文件结果：{"id":"file_2601271448411018673740107","sid":"bat000d9caa@dx19bfe36298c0000572","object":"file","bytes":9199,"created_at":1769496521,"filename":"part4.1000input.jsonl","purpose":"batch"}
[INFO] 2026/01/27 14:48:44 logger.go:71: [test_fatal_ee1_chunk_5] 开始上传分块...
[INFO] 2026/01/27 14:48:44 logger.go:71: 上传文件结果：{"id":"file_2601271448411938908660950","sid":"bat000dee15@dx19bfe3629e80000572","object":"file","bytes":9199,"created_at":1769496521,"filename":"part5.1000input.jsonl","purpose":"batch"}
[INFO] 2026/01/27 14:48:44 logger.go:71: [test_fatal_ee1_chunk_6] 开始上传分块...
[INFO] 2026/01/27 14:48:44 logger.go:71: 上传文件结果：{"id":"file_2601271448412736929260952","sid":"bat000dee17@dx19bfe362a380000572","object":"file","bytes":9199,"created_at":1769496521,"filename":"part6.1000input.jsonl","purpose":"batch"}
[INFO] 2026/01/27 14:48:44 logger.go:71: [test_fatal_ee1_chunk_7] 开始上传分块...
[INFO] 2026/01/27 14:48:44 logger.go:71: 上传文件结果：{"id":"file_2601271448413531851960954","sid":"bat000dee19@dx19bfe362a890000572","object":"file","bytes":9199,"created_at":1769496521,"filename":"part7.1000input.jsonl","purpose":"batch"}
[INFO] 2026/01/27 14:48:44 logger.go:71: [test_fatal_ee1_chunk_8] 开始上传分块...
[INFO] 2026/01/27 14:48:44 logger.go:71: 上传文件结果：{"id":"file_2601271448415529392740109","sid":"bat000d9cac@dx19bfe362b500000572","object":"file","bytes":9199,"created_at":1769496521,"filename":"part8.1000input.jsonl","purpose":"batch"}
[INFO] 2026/01/27 14:48:44 logger.go:71: [test_fatal_ee1_chunk_9] 开始上传分块...
[INFO] 2026/01/27 14:48:44 logger.go:71: 上传文件结果：{"id":"file_2601271448416469182040111","sid":"bat000d9cae@dx19bfe362bad0000572","object":"file","bytes":9199,"created_at":1769496521,"filename":"part9.1000input.jsonl","purpose":"batch"}
[INFO] 2026/01/27 14:48:46 logger.go:71: [test_fatal_ee1_chunk_0] 创建Batch任务...
[INFO] 2026/01/27 14:48:46 logger.go:71: 创建batch 任务请求：{"completion_window":"24h","endpoint":"/v1/chat/completions","input_file_id":"file_2601271448406476337640105"}
[INFO] 2026/01/27 14:48:46 logger.go:71: 创建batch 任务结果：{"id":"batch_2601271448437416549440118","sid":"bat000d9cb7@dx19bfe3633dd0000572","object":"spark","endpoint":"/v1/chat/completions","errors":null,"input_file_id":"file_2601271448406476337640105","completion_window":"","status":"queuing","output_file_id":"","created_at":1769525323,"in_process_at":null,"expires_at":1769611723,"finalizing_at":null,"completed_at":null,"failed_at":null,"expired_at":1769611723,"cancelling_at":null,"cancelled_at":null,"request_counts":{"total":0,"completed":0,"failed":0}}
[INFO] 2026/01/27 14:48:46 logger.go:71: [test_fatal_ee1_chunk_1] 创建Batch任务...
[INFO] 2026/01/27 14:48:46 logger.go:71: 创建batch 任务请求：{"completion_window":"24h","endpoint":"/v1/chat/completions","input_file_id":"file_2601271448408128248960944"}
[INFO] 2026/01/27 14:48:46 logger.go:71: 创建batch 任务结果：{"id":"batch_2601271448438262610660955","sid":"bat000dee1c@dx19bfe3634320000572","object":"spark","endpoint":"/v1/chat/completions","errors":null,"input_file_id":"file_2601271448408128248960944","completion_window":"","status":"queuing","output_file_id":"","created_at":1769525323,"in_process_at":null,"expires_at":1769611723,"finalizing_at":null,"completed_at":null,"failed_at":null,"expired_at":1769611723,"cancelling_at":null,"cancelled_at":null,"request_counts":{"total":0,"completed":0,"failed":0}}
[INFO] 2026/01/27 14:48:46 logger.go:71: [test_fatal_ee1_chunk_2] 创建Batch任务...
[INFO] 2026/01/27 14:48:46 logger.go:71: 创建batch 任务请求：{"completion_window":"24h","endpoint":"/v1/chat/completions","input_file_id":"file_2601271448408907407760946"}
[INFO] 2026/01/27 14:48:46 logger.go:71: 创建batch 任务结果：{"id":"batch_2601271448439134586160957","sid":"bat000dee1e@dx19bfe3634890000572","object":"spark","endpoint":"/v1/chat/completions","errors":null,"input_file_id":"file_2601271448408907407760946","completion_window":"","status":"queuing","output_file_id":"","created_at":1769525323,"in_process_at":null,"expires_at":1769611723,"finalizing_at":null,"completed_at":null,"failed_at":null,"expired_at":1769611723,"cancelling_at":null,"cancelled_at":null,"request_counts":{"total":0,"completed":0,"failed":0}}
[INFO] 2026/01/27 14:48:46 logger.go:71: [test_fatal_ee1_chunk_3] 创建Batch任务...
[INFO] 2026/01/27 14:48:46 logger.go:71: 创建batch 任务请求：{"completion_window":"24h","endpoint":"/v1/chat/completions","input_file_id":"file_2601271448409835690260948"}
[INFO] 2026/01/27 14:48:46 logger.go:71: 创建batch 任务结果：{"id":"batch_2601271448440034823460959","sid":"bat000dee20@dx19bfe3634e30000572","object":"spark","endpoint":"/v1/chat/completions","errors":null,"input_file_id":"file_2601271448409835690260948","completion_window":"","status":"queuing","output_file_id":"","created_at":1769525324,"in_process_at":null,"expires_at":1769611724,"finalizing_at":null,"completed_at":null,"failed_at":null,"expired_at":1769611724,"cancelling_at":null,"cancelled_at":null,"request_counts":{"total":0,"completed":0,"failed":0}}
[INFO] 2026/01/27 14:48:46 logger.go:71: [test_fatal_ee1_chunk_4] 创建Batch任务...
[INFO] 2026/01/27 14:48:46 logger.go:71: 创建batch 任务请求：{"completion_window":"24h","endpoint":"/v1/chat/completions","input_file_id":"file_2601271448411018673740107"}
[INFO] 2026/01/27 14:48:46 logger.go:71: 创建batch 任务结果：{"id":"batch_2601271448440822238840120","sid":"bat000d9cb9@dx19bfe3635320000572","object":"spark","endpoint":"/v1/chat/completions","errors":null,"input_file_id":"file_2601271448411018673740107","completion_window":"","status":"queuing","output_file_id":"","created_at":1769525324,"in_process_at":null,"expires_at":1769611724,"finalizing_at":null,"completed_at":null,"failed_at":null,"expired_at":1769611724,"cancelling_at":null,"cancelled_at":null,"request_counts":{"total":0,"completed":0,"failed":0}}
[INFO] 2026/01/27 14:48:46 logger.go:71: [test_fatal_ee1_chunk_5] 创建Batch任务...
[INFO] 2026/01/27 14:48:46 logger.go:71: 创建batch 任务请求：{"completion_window":"24h","endpoint":"/v1/chat/completions","input_file_id":"file_2601271448411938908660950"}
[INFO] 2026/01/27 14:48:47 logger.go:71: 创建batch 任务结果：{"id":"batch_2601271448441806721440122","sid":"bat000d9cbb@dx19bfe3635940000572","object":"spark","endpoint":"/v1/chat/completions","errors":null,"input_file_id":"file_2601271448411938908660950","completion_window":"","status":"queuing","output_file_id":"","created_at":1769525324,"in_process_at":null,"expires_at":1769611724,"finalizing_at":null,"completed_at":null,"failed_at":null,"expired_at":1769611724,"cancelling_at":null,"cancelled_at":null,"request_counts":{"total":0,"completed":0,"failed":0}}
[INFO] 2026/01/27 14:48:47 logger.go:71: [test_fatal_ee1_chunk_6] 创建Batch任务...
[INFO] 2026/01/27 14:48:47 logger.go:71: 创建batch 任务请求：{"completion_window":"24h","endpoint":"/v1/chat/completions","input_file_id":"file_2601271448412736929260952"}
[INFO] 2026/01/27 14:48:47 logger.go:71: 创建batch 任务结果：{"id":"batch_2601271448442762997440124","sid":"bat000d9cbd@dx19bfe3635f40000572","object":"spark","endpoint":"/v1/chat/completions","errors":null,"input_file_id":"file_2601271448412736929260952","completion_window":"","status":"queuing","output_file_id":"","created_at":1769525324,"in_process_at":null,"expires_at":1769611724,"finalizing_at":null,"completed_at":null,"failed_at":null,"expired_at":1769611724,"cancelling_at":null,"cancelled_at":null,"request_counts":{"total":0,"completed":0,"failed":0}}
[INFO] 2026/01/27 14:48:47 logger.go:71: [test_fatal_ee1_chunk_7] 创建Batch任务...
[INFO] 2026/01/27 14:48:47 logger.go:71: 创建batch 任务请求：{"completion_window":"24h","endpoint":"/v1/chat/completions","input_file_id":"file_2601271448413531851960954"}
[INFO] 2026/01/27 14:48:47 logger.go:71: 创建batch 任务结果：{"id":"batch_2601271448444108304240126","sid":"bat000d9cbf@dx19bfe36367a0000572","object":"spark","endpoint":"/v1/chat/completions","errors":null,"input_file_id":"file_2601271448413531851960954","completion_window":"","status":"queuing","output_file_id":"","created_at":1769525324,"in_process_at":null,"expires_at":1769611724,"finalizing_at":null,"completed_at":null,"failed_at":null,"expired_at":1769611724,"cancelling_at":null,"cancelled_at":null,"request_counts":{"total":0,"completed":0,"failed":0}}
[INFO] 2026/01/27 14:48:47 logger.go:71: [test_fatal_ee1_chunk_8] 创建Batch任务...
[INFO] 2026/01/27 14:48:47 logger.go:71: 创建batch 任务请求：{"completion_window":"24h","endpoint":"/v1/chat/completions","input_file_id":"file_2601271448415529392740109"}
[INFO] 2026/01/27 14:48:47 logger.go:71: 创建batch 任务结果：{"id":"batch_2601271448444893256340128","sid":"bat000d9cc1@dx19bfe3636c90000572","object":"spark","endpoint":"/v1/chat/completions","errors":null,"input_file_id":"file_2601271448415529392740109","completion_window":"","status":"queuing","output_file_id":"","created_at":1769525324,"in_process_at":null,"expires_at":1769611724,"finalizing_at":null,"completed_at":null,"failed_at":null,"expired_at":1769611724,"cancelling_at":null,"cancelled_at":null,"request_counts":{"total":0,"completed":0,"failed":0}}
[INFO] 2026/01/27 14:48:47 logger.go:71: [test_fatal_ee1_chunk_9] 创建Batch任务...
[INFO] 2026/01/27 14:48:47 logger.go:71: 创建batch 任务请求：{"completion_window":"24h","endpoint":"/v1/chat/completions","input_file_id":"file_2601271448416469182040111"}
[INFO] 2026/01/27 14:48:47 logger.go:71: 创建batch 任务结果：{"id":"batch_2601271448445745598360961","sid":"bat000dee22@dx19bfe36371e0000572","object":"spark","endpoint":"/v1/chat/completions","errors":null,"input_file_id":"file_2601271448416469182040111","completion_window":"","status":"queuing","output_file_id":"","created_at":1769525324,"in_process_at":null,"expires_at":1769611724,"finalizing_at":null,"completed_at":null,"failed_at":null,"expired_at":1769611724,"cancelling_at":null,"cancelled_at":null,"request_counts":{"total":0,"completed":0,"failed":0}}
[INFO] 2026/01/27 14:48:49 logger.go:71: 查询批量任务结果：map[cancelled_at:<nil> cancelling_at:<nil> completed_at:<nil> completion_window:24h created_at:1.769525323e+09 endpoint:/v1/chat/completions errors:<nil> expired_at:1.769611723e+09 expires_at:1.769611723e+09 failed_at:<nil> finalizing_at:<nil> id:batch_2601271448437416549440118 in_process_at:1.769525324e+09 input_file_id:file_2601271448406476337640105 object:spark output_file_id: request_counts:map[completed:0 failed:0 total:50] sid:bat000d9cc2@dx19bfe363f570000572 status:in_progress]
[INFO] 2026/01/27 14:48:49 logger.go:71: 查询批量任务结果：&{ID: Object: Endpoint: InputFileID:file_2601271448406476337640105 CompletionWindow: Status:in_progress OutputFileID: ErrorFileID:<nil> CreatedAt:0 InProgressAt:0 ExpiresAt:0 FinalizingAt:0 CompletedAt:0 FailedAt:0 CancelledAt:0 RequestCounts:{Total:0 Completed:0 Failed:0} Metadata:map[] BatchID:batch_2601271448437416549440118 TotalCount:50 CompletedCount:0 FailedCount:0}
[INFO] 2026/01/27 14:48:49 logger.go:71: 查询批量任务结果：map[cancelled_at:<nil> cancelling_at:<nil> completed_at:<nil> completion_window:24h created_at:1.769525323e+09 endpoint:/v1/chat/completions errors:<nil> expired_at:1.769611723e+09 expires_at:1.769611723e+09 failed_at:<nil> finalizing_at:<nil> id:batch_2601271448438262610660955 in_process_at:1.769525323e+09 input_file_id:file_2601271448408128248960944 object:spark output_file_id: request_counts:map[completed:14 failed:0 total:50] sid:bat000d9cc3@dx19bfe363fad0000572 status:in_progress]
[INFO] 2026/01/27 14:48:49 logger.go:71: 查询批量任务结果：&{ID: Object: Endpoint: InputFileID:file_2601271448408128248960944 CompletionWindow: Status:in_progress OutputFileID: ErrorFileID:<nil> CreatedAt:0 InProgressAt:0 ExpiresAt:0 FinalizingAt:0 CompletedAt:0 FailedAt:0 CancelledAt:0 RequestCounts:{Total:0 Completed:0 Failed:0} Metadata:map[] BatchID:batch_2601271448438262610660955 TotalCount:50 CompletedCount:14 FailedCount:0}
[INFO] 2026/01/27 14:48:49 logger.go:71: 查询批量任务结果：map[cancelled_at:<nil> cancelling_at:<nil> completed_at:<nil> completion_window:24h created_at:1.769525323e+09 endpoint:/v1/chat/completions errors:<nil> expired_at:1.769611723e+09 expires_at:1.769611723e+09 failed_at:<nil> finalizing_at:<nil> id:batch_2601271448439134586160957 in_process_at:1.769525324e+09 input_file_id:file_2601271448408907407760946 object:spark output_file_id: request_counts:map[completed:0 failed:0 total:50] sid:bat000d9cc4@dx19bfe363ff30000572 status:in_progress]
[INFO] 2026/01/27 14:48:49 logger.go:71: 查询批量任务结果：&{ID: Object: Endpoint: InputFileID:file_2601271448408907407760946 CompletionWindow: Status:in_progress OutputFileID: ErrorFileID:<nil> CreatedAt:0 InProgressAt:0 ExpiresAt:0 FinalizingAt:0 CompletedAt:0 FailedAt:0 CancelledAt:0 RequestCounts:{Total:0 Completed:0 Failed:0} Metadata:map[] BatchID:batch_2601271448439134586160957 TotalCount:50 CompletedCount:0 FailedCount:0}
[INFO] 2026/01/27 14:48:49 logger.go:71: 查询批量任务结果：map[cancelled_at:<nil> cancelling_at:<nil> completed_at:<nil> completion_window:24h created_at:1.769525324e+09 endpoint:/v1/chat/completions errors:<nil> expired_at:1.769611724e+09 expires_at:1.769611724e+09 failed_at:<nil> finalizing_at:<nil> id:batch_2601271448440034823460959 in_process_at:1.769525324e+09 input_file_id:file_2601271448409835690260948 object:spark output_file_id: request_counts:map[completed:0 failed:0 total:50] sid:bat000d9cc5@dx19bfe3640420000572 status:in_progress]
[INFO] 2026/01/27 14:48:49 logger.go:71: 查询批量任务结果：&{ID: Object: Endpoint: InputFileID:file_2601271448409835690260948 CompletionWindow: Status:in_progress OutputFileID: ErrorFileID:<nil> CreatedAt:0 InProgressAt:0 ExpiresAt:0 FinalizingAt:0 CompletedAt:0 FailedAt:0 CancelledAt:0 RequestCounts:{Total:0 Completed:0 Failed:0} Metadata:map[] BatchID:batch_2601271448440034823460959 TotalCount:50 CompletedCount:0 FailedCount:0}
[INFO] 2026/01/27 14:48:49 logger.go:71: 查询批量任务结果：map[cancelled_at:<nil> cancelling_at:<nil> completed_at:<nil> completion_window:24h created_at:1.769525324e+09 endpoint:/v1/chat/completions errors:<nil> expired_at:1.769611724e+09 expires_at:1.769611724e+09 failed_at:<nil> finalizing_at:<nil> id:batch_2601271448440822238840120 in_process_at:1.769525324e+09 input_file_id:file_2601271448411018673740107 object:spark output_file_id: request_counts:map[completed:0 failed:0 total:50] sid:bat000d9cc6@dx19bfe3640890000572 status:in_progress]
[INFO] 2026/01/27 14:48:49 logger.go:71: 查询批量任务结果：&{ID: Object: Endpoint: InputFileID:file_2601271448411018673740107 CompletionWindow: Status:in_progress OutputFileID: ErrorFileID:<nil> CreatedAt:0 InProgressAt:0 ExpiresAt:0 FinalizingAt:0 CompletedAt:0 FailedAt:0 CancelledAt:0 RequestCounts:{Total:0 Completed:0 Failed:0} Metadata:map[] BatchID:batch_2601271448440822238840120 TotalCount:50 CompletedCount:0 FailedCount:0}
[INFO] 2026/01/27 14:48:49 logger.go:71: 查询批量任务结果：map[cancelled_at:<nil> cancelling_at:<nil> completed_at:<nil> completion_window:24h created_at:1.769525324e+09 endpoint:/v1/chat/completions errors:<nil> expired_at:1.769611724e+09 expires_at:1.769611724e+09 failed_at:<nil> finalizing_at:<nil> id:batch_2601271448441806721440122 in_process_at:1.769525324e+09 input_file_id:file_2601271448411938908660950 object:spark output_file_id: request_counts:map[completed:0 failed:0 total:50] sid:bat000dee23@dx19bfe3640d20000572 status:in_progress]
[INFO] 2026/01/27 14:48:49 logger.go:71: 查询批量任务结果：&{ID: Object: Endpoint: InputFileID:file_2601271448411938908660950 CompletionWindow: Status:in_progress OutputFileID: ErrorFileID:<nil> CreatedAt:0 InProgressAt:0 ExpiresAt:0 FinalizingAt:0 CompletedAt:0 FailedAt:0 CancelledAt:0 RequestCounts:{Total:0 Completed:0 Failed:0} Metadata:map[] BatchID:batch_2601271448441806721440122 TotalCount:50 CompletedCount:0 FailedCount:0}
[INFO] 2026/01/27 14:48:50 logger.go:71: 查询批量任务结果：map[cancelled_at:<nil> cancelling_at:<nil> completed_at:<nil> completion_window:24h created_at:1.769525324e+09 endpoint:/v1/chat/completions errors:<nil> expired_at:1.769611724e+09 expires_at:1.769611724e+09 failed_at:<nil> finalizing_at:<nil> id:batch_2601271448442762997440124 in_process_at:1.769525324e+09 input_file_id:file_2601271448412736929260952 object:spark output_file_id: request_counts:map[completed:0 failed:0 total:50] sid:bat000d9cc7@dx19bfe3641190000572 status:in_progress]
[INFO] 2026/01/27 14:48:50 logger.go:71: 查询批量任务结果：&{ID: Object: Endpoint: InputFileID:file_2601271448412736929260952 CompletionWindow: Status:in_progress OutputFileID: ErrorFileID:<nil> CreatedAt:0 InProgressAt:0 ExpiresAt:0 FinalizingAt:0 CompletedAt:0 FailedAt:0 CancelledAt:0 RequestCounts:{Total:0 Completed:0 Failed:0} Metadata:map[] BatchID:batch_2601271448442762997440124 TotalCount:50 CompletedCount:0 FailedCount:0}
[INFO] 2026/01/27 14:48:50 logger.go:71: 查询批量任务结果：map[cancelled_at:<nil> cancelling_at:<nil> completed_at:<nil> completion_window:24h created_at:1.769525324e+09 endpoint:/v1/chat/completions errors:<nil> expired_at:1.769611724e+09 expires_at:1.769611724e+09 failed_at:<nil> finalizing_at:<nil> id:batch_2601271448444108304240126 in_process_at:1.769525324e+09 input_file_id:file_2601271448413531851960954 object:spark output_file_id: request_counts:map[completed:0 failed:0 total:50] sid:bat000dee24@dx19bfe3641600000572 status:in_progress]
[INFO] 2026/01/27 14:48:50 logger.go:71: 查询批量任务结果：&{ID: Object: Endpoint: InputFileID:file_2601271448413531851960954 CompletionWindow: Status:in_progress OutputFileID: ErrorFileID:<nil> CreatedAt:0 InProgressAt:0 ExpiresAt:0 FinalizingAt:0 CompletedAt:0 FailedAt:0 CancelledAt:0 RequestCounts:{Total:0 Completed:0 Failed:0} Metadata:map[] BatchID:batch_2601271448444108304240126 TotalCount:50 CompletedCount:0 FailedCount:0}
[INFO] 2026/01/27 14:48:50 logger.go:71: 查询批量任务结果：map[cancelled_at:<nil> cancelling_at:<nil> completed_at:<nil> completion_window:24h created_at:1.769525324e+09 endpoint:/v1/chat/completions errors:<nil> expired_at:1.769611724e+09 expires_at:1.769611724e+09 failed_at:<nil> finalizing_at:<nil> id:batch_2601271448444893256340128 in_process_at:1.769525324e+09 input_file_id:file_2601271448415529392740109 object:spark output_file_id: request_counts:map[completed:0 failed:0 total:50] sid:bat000dee25@dx19bfe3641ab0000572 status:in_progress]
[INFO] 2026/01/27 14:48:50 logger.go:71: 查询批量任务结果：&{ID: Object: Endpoint: InputFileID:file_2601271448415529392740109 CompletionWindow: Status:in_progress OutputFileID: ErrorFileID:<nil> CreatedAt:0 InProgressAt:0 ExpiresAt:0 FinalizingAt:0 CompletedAt:0 FailedAt:0 CancelledAt:0 RequestCounts:{Total:0 Completed:0 Failed:0} Metadata:map[] BatchID:batch_2601271448444893256340128 TotalCount:50 CompletedCount:0 FailedCount:0}
[INFO] 2026/01/27 14:48:50 logger.go:71: 查询批量任务结果：map[cancelled_at:<nil> cancelling_at:<nil> completed_at:<nil> completion_window:24h created_at:1.769525324e+09 endpoint:/v1/chat/completions errors:<nil> expired_at:1.769611724e+09 expires_at:1.769611724e+09 failed_at:<nil> finalizing_at:<nil> id:batch_2601271448445745598360961 in_process_at:1.769525324e+09 input_file_id:file_2601271448416469182040111 object:spark output_file_id: request_counts:map[completed:0 failed:0 total:50] sid:bat000dee26@dx19bfe36423b0000572 status:in_progress]
[INFO] 2026/01/27 14:48:50 logger.go:71: 查询批量任务结果：&{ID: Object: Endpoint: InputFileID:file_2601271448416469182040111 CompletionWindow: Status:in_progress OutputFileID: ErrorFileID:<nil> CreatedAt:0 InProgressAt:0 ExpiresAt:0 FinalizingAt:0 CompletedAt:0 FailedAt:0 CancelledAt:0 RequestCounts:{Total:0 Completed:0 Failed:0} Metadata:map[] BatchID:batch_2601271448445745598360961 TotalCount:50 CompletedCount:0 FailedCount:0}
[INFO] 2026/01/27 14:48:52 logger.go:71: 查询批量任务结果：map[cancelled_at:<nil> cancelling_at:<nil> completed_at:<nil> completion_window:24h created_at:1.769525323e+09 endpoint:/v1/chat/completions errors:<nil> expired_at:1.769611723e+09 expires_at:1.769611723e+09 failed_at:<nil> finalizing_at:<nil> id:batch_2601271448437416549440118 in_process_at:1.769525324e+09 input_file_id:file_2601271448406476337640105 object:spark output_file_id: request_counts:map[completed:0 failed:0 total:50] sid:bat000d9cc8@dx19bfe364a5d0000572 status:in_progress]
[INFO] 2026/01/27 14:48:52 logger.go:71: 查询批量任务结果：&{ID: Object: Endpoint: InputFileID:file_2601271448406476337640105 CompletionWindow: Status:in_progress OutputFileID: ErrorFileID:<nil> CreatedAt:0 InProgressAt:0 ExpiresAt:0 FinalizingAt:0 CompletedAt:0 FailedAt:0 CancelledAt:0 RequestCounts:{Total:0 Completed:0 Failed:0} Metadata:map[] BatchID:batch_2601271448437416549440118 TotalCount:50 CompletedCount:0 FailedCount:0}
[INFO] 2026/01/27 14:48:52 logger.go:71: 查询批量任务结果：map[cancelled_at:<nil> cancelling_at:<nil> completed_at:<nil> completion_window:24h created_at:1.769525323e+09 endpoint:/v1/chat/completions errors:<nil> expired_at:1.769611723e+09 expires_at:1.769611723e+09 failed_at:<nil> finalizing_at:<nil> id:batch_2601271448438262610660955 in_process_at:1.769525323e+09 input_file_id:file_2601271448408128248960944 object:spark output_file_id: request_counts:map[completed:27 failed:0 total:50] sid:bat000d9cc9@dx19bfe364ab30000572 status:in_progress]
[INFO] 2026/01/27 14:48:52 logger.go:71: 查询批量任务结果：&{ID: Object: Endpoint: InputFileID:file_2601271448408128248960944 CompletionWindow: Status:in_progress OutputFileID: ErrorFileID:<nil> CreatedAt:0 InProgressAt:0 ExpiresAt:0 FinalizingAt:0 CompletedAt:0 FailedAt:0 CancelledAt:0 RequestCounts:{Total:0 Completed:0 Failed:0} Metadata:map[] BatchID:batch_2601271448438262610660955 TotalCount:50 CompletedCount:27 FailedCount:0}
[INFO] 2026/01/27 14:48:52 logger.go:71: 查询批量任务结果：map[cancelled_at:<nil> cancelling_at:<nil> completed_at:<nil> completion_window:24h created_at:1.769525323e+09 endpoint:/v1/chat/completions errors:<nil> expired_at:1.769611723e+09 expires_at:1.769611723e+09 failed_at:<nil> finalizing_at:<nil> id:batch_2601271448439134586160957 in_process_at:1.769525324e+09 input_file_id:file_2601271448408907407760946 object:spark output_file_id: request_counts:map[completed:0 failed:0 total:50] sid:bat000d9cca@dx19bfe364aff0000572 status:in_progress]
[INFO] 2026/01/27 14:48:52 logger.go:71: 查询批量任务结果：&{ID: Object: Endpoint: InputFileID:file_2601271448408907407760946 CompletionWindow: Status:in_progress OutputFileID: ErrorFileID:<nil> CreatedAt:0 InProgressAt:0 ExpiresAt:0 FinalizingAt:0 CompletedAt:0 FailedAt:0 CancelledAt:0 RequestCounts:{Total:0 Completed:0 Failed:0} Metadata:map[] BatchID:batch_2601271448439134586160957 TotalCount:50 CompletedCount:0 FailedCount:0}
[INFO] 2026/01/27 14:48:52 logger.go:71: 查询批量任务结果：map[cancelled_at:<nil> cancelling_at:<nil> completed_at:<nil> completion_window:24h created_at:1.769525324e+09 endpoint:/v1/chat/completions errors:<nil> expired_at:1.769611724e+09 expires_at:1.769611724e+09 failed_at:<nil> finalizing_at:<nil> id:batch_2601271448440034823460959 in_process_at:1.769525324e+09 input_file_id:file_2601271448409835690260948 object:spark output_file_id: request_counts:map[completed:1 failed:0 total:50] sid:bat000dee27@dx19bfe364b480000572 status:in_progress]
[INFO] 2026/01/27 14:48:52 logger.go:71: 查询批量任务结果：&{ID: Object: Endpoint: InputFileID:file_2601271448409835690260948 CompletionWindow: Status:in_progress OutputFileID: ErrorFileID:<nil> CreatedAt:0 InProgressAt:0 ExpiresAt:0 FinalizingAt:0 CompletedAt:0 FailedAt:0 CancelledAt:0 RequestCounts:{Total:0 Completed:0 Failed:0} Metadata:map[] BatchID:batch_2601271448440034823460959 TotalCount:50 CompletedCount:1 FailedCount:0}
[INFO] 2026/01/27 14:48:52 logger.go:71: 查询批量任务结果：map[cancelled_at:<nil> cancelling_at:<nil> completed_at:<nil> completion_window:24h created_at:1.769525324e+09 endpoint:/v1/chat/completions errors:<nil> expired_at:1.769611724e+09 expires_at:1.769611724e+09 failed_at:<nil> finalizing_at:<nil> id:batch_2601271448440822238840120 in_process_at:1.769525324e+09 input_file_id:file_2601271448411018673740107 object:spark output_file_id: request_counts:map[completed:0 failed:0 total:50] sid:bat000dee28@dx19bfe364b8a0000572 status:in_progress]
[INFO] 2026/01/27 14:48:52 logger.go:71: 查询批量任务结果：&{ID: Object: Endpoint: InputFileID:file_2601271448411018673740107 CompletionWindow: Status:in_progress OutputFileID: ErrorFileID:<nil> CreatedAt:0 InProgressAt:0 ExpiresAt:0 FinalizingAt:0 CompletedAt:0 FailedAt:0 CancelledAt:0 RequestCounts:{Total:0 Completed:0 Failed:0} Metadata:map[] BatchID:batch_2601271448440822238840120 TotalCount:50 CompletedCount:0 FailedCount:0}
[INFO] 2026/01/27 14:48:52 logger.go:71: 查询批量任务结果：map[cancelled_at:<nil> cancelling_at:<nil> completed_at:<nil> completion_window:24h created_at:1.769525324e+09 endpoint:/v1/chat/completions errors:<nil> expired_at:1.769611724e+09 expires_at:1.769611724e+09 failed_at:<nil> finalizing_at:<nil> id:batch_2601271448441806721440122 in_process_at:1.769525324e+09 input_file_id:file_2601271448411938908660950 object:spark output_file_id: request_counts:map[completed:0 failed:0 total:50] sid:bat000dee29@dx19bfe364bd80000572 status:in_progress]
[INFO] 2026/01/27 14:48:52 logger.go:71: 查询批量任务结果：&{ID: Object: Endpoint: InputFileID:file_2601271448411938908660950 CompletionWindow: Status:in_progress OutputFileID: ErrorFileID:<nil> CreatedAt:0 InProgressAt:0 ExpiresAt:0 FinalizingAt:0 CompletedAt:0 FailedAt:0 CancelledAt:0 RequestCounts:{Total:0 Completed:0 Failed:0} Metadata:map[] BatchID:batch_2601271448441806721440122 TotalCount:50 CompletedCount:0 FailedCount:0}
[INFO] 2026/01/27 14:48:52 logger.go:71: 查询批量任务结果：map[cancelled_at:<nil> cancelling_at:<nil> completed_at:<nil> completion_window:24h created_at:1.769525324e+09 endpoint:/v1/chat/completions errors:<nil> expired_at:1.769611724e+09 expires_at:1.769611724e+09 failed_at:<nil> finalizing_at:<nil> id:batch_2601271448442762997440124 in_process_at:1.769525324e+09 input_file_id:file_2601271448412736929260952 object:spark output_file_id: request_counts:map[completed:0 failed:0 total:50] sid:bat000dee2a@dx19bfe364c240000572 status:in_progress]
[INFO] 2026/01/27 14:48:52 logger.go:71: 查询批量任务结果：&{ID: Object: Endpoint: InputFileID:file_2601271448412736929260952 CompletionWindow: Status:in_progress OutputFileID: ErrorFileID:<nil> CreatedAt:0 InProgressAt:0 ExpiresAt:0 FinalizingAt:0 CompletedAt:0 FailedAt:0 CancelledAt:0 RequestCounts:{Total:0 Completed:0 Failed:0} Metadata:map[] BatchID:batch_2601271448442762997440124 TotalCount:50 CompletedCount:0 FailedCount:0}
[INFO] 2026/01/27 14:48:52 logger.go:71: 查询批量任务结果：map[cancelled_at:<nil> cancelling_at:<nil> completed_at:<nil> completion_window:24h created_at:1.769525324e+09 endpoint:/v1/chat/completions errors:<nil> expired_at:1.769611724e+09 expires_at:1.769611724e+09 failed_at:<nil> finalizing_at:<nil> id:batch_2601271448444108304240126 in_process_at:1.769525324e+09 input_file_id:file_2601271448413531851960954 object:spark output_file_id: request_counts:map[completed:0 failed:0 total:50] sid:bat000d9ccb@dx19bfe364c930000572 status:in_progress]
[INFO] 2026/01/27 14:48:52 logger.go:71: 查询批量任务结果：&{ID: Object: Endpoint: InputFileID:file_2601271448413531851960954 CompletionWindow: Status:in_progress OutputFileID: ErrorFileID:<nil> CreatedAt:0 InProgressAt:0 ExpiresAt:0 FinalizingAt:0 CompletedAt:0 FailedAt:0 CancelledAt:0 RequestCounts:{Total:0 Completed:0 Failed:0} Metadata:map[] BatchID:batch_2601271448444108304240126 TotalCount:50 CompletedCount:0 FailedCount:0}
[INFO] 2026/01/27 14:48:53 logger.go:71: 查询批量任务结果：map[cancelled_at:<nil> cancelling_at:<nil> completed_at:<nil> completion_window:24h created_at:1.769525324e+09 endpoint:/v1/chat/completions errors:<nil> expired_at:1.769611724e+09 expires_at:1.769611724e+09 failed_at:<nil> finalizing_at:<nil> id:batch_2601271448444893256340128 in_process_at:1.769525324e+09 input_file_id:file_2601271448415529392740109 object:spark output_file_id: request_counts:map[completed:0 failed:0 total:50] sid:bat000dee2d@dx19bfe364cdf0000572 status:in_progress]
[INFO] 2026/01/27 14:48:53 logger.go:71: 查询批量任务结果：&{ID: Object: Endpoint: InputFileID:file_2601271448415529392740109 CompletionWindow: Status:in_progress OutputFileID: ErrorFileID:<nil> CreatedAt:0 InProgressAt:0 ExpiresAt:0 FinalizingAt:0 CompletedAt:0 FailedAt:0 CancelledAt:0 RequestCounts:{Total:0 Completed:0 Failed:0} Metadata:map[] BatchID:batch_2601271448444893256340128 TotalCount:50 CompletedCount:0 FailedCount:0}
[INFO] 2026/01/27 14:48:53 logger.go:71: 查询批量任务结果：map[cancelled_at:<nil> cancelling_at:<nil> completed_at:<nil> completion_window:24h created_at:1.769525324e+09 endpoint:/v1/chat/completions errors:<nil> expired_at:1.769611724e+09 expires_at:1.769611724e+09 failed_at:<nil> finalizing_at:<nil> id:batch_2601271448445745598360961 in_process_at:1.769525324e+09 input_file_id:file_2601271448416469182040111 object:spark output_file_id: request_counts:map[completed:0 failed:0 total:50] sid:bat000d9ccc@dx19bfe364d390000572 status:in_progress]
[INFO] 2026/01/27 14:48:53 logger.go:71: 查询批量任务结果：&{ID: Object: Endpoint: InputFileID:file_2601271448416469182040111 CompletionWindow: Status:in_progress OutputFileID: ErrorFileID:<nil> CreatedAt:0 InProgressAt:0 ExpiresAt:0 FinalizingAt:0 CompletedAt:0 FailedAt:0 CancelledAt:0 RequestCounts:{Total:0 Completed:0 Failed:0} Metadata:map[] BatchID:batch_2601271448445745598360961 TotalCount:50 CompletedCount:0 FailedCount:0}
[INFO] 2026/01/27 14:48:55 logger.go:71: 查询批量任务结果：map[cancelled_at:<nil> cancelling_at:<nil> completed_at:<nil> completion_window:24h created_at:1.769525323e+09 endpoint:/v1/chat/completions errors:<nil> expired_at:1.769611723e+09 expires_at:1.769611723e+09 failed_at:<nil> finalizing_at:<nil> id:batch_2601271448437416549440118 in_process_at:1.769525324e+09 input_file_id:file_2601271448406476337640105 object:spark output_file_id: request_counts:map[completed:0 failed:0 total:50] sid:bat000d9ccd@dx19bfe36556b0000572 status:in_progress]
[INFO] 2026/01/27 14:48:55 logger.go:71: 查询批量任务结果：&{ID: Object: Endpoint: InputFileID:file_2601271448406476337640105 CompletionWindow: Status:in_progress OutputFileID: ErrorFileID:<nil> CreatedAt:0 InProgressAt:0 ExpiresAt:0 FinalizingAt:0 CompletedAt:0 FailedAt:0 CancelledAt:0 RequestCounts:{Total:0 Completed:0 Failed:0} Metadata:map[] BatchID:batch_2601271448437416549440118 TotalCount:50 CompletedCount:0 FailedCount:0}
[INFO] 2026/01/27 14:48:55 logger.go:71: 查询批量任务结果：map[cancelled_at:<nil> cancelling_at:<nil> completed_at:<nil> completion_window:24h created_at:1.769525323e+09 endpoint:/v1/chat/completions errors:<nil> expired_at:1.769611723e+09 expires_at:1.769611723e+09 failed_at:<nil> finalizing_at:<nil> id:batch_2601271448438262610660955 in_process_at:1.769525323e+09 input_file_id:file_2601271448408128248960944 object:spark output_file_id: request_counts:map[completed:32 failed:0 total:50] sid:bat000dee2e@dx19bfe3655b80000572 status:in_progress]
[INFO] 2026/01/27 14:48:55 logger.go:71: 查询批量任务结果：&{ID: Object: Endpoint: InputFileID:file_2601271448408128248960944 CompletionWindow: Status:in_progress OutputFileID: ErrorFileID:<nil> CreatedAt:0 InProgressAt:0 ExpiresAt:0 FinalizingAt:0 CompletedAt:0 FailedAt:0 CancelledAt:0 RequestCounts:{Total:0 Completed:0 Failed:0} Metadata:map[] BatchID:batch_2601271448438262610660955 TotalCount:50 CompletedCount:32 FailedCount:0}
[INFO] 2026/01/27 14:48:55 logger.go:71: 查询批量任务结果：map[cancelled_at:<nil> cancelling_at:<nil> completed_at:<nil> completion_window:24h created_at:1.769525323e+09 endpoint:/v1/chat/completions errors:<nil> expired_at:1.769611723e+09 expires_at:1.769611723e+09 failed_at:<nil> finalizing_at:<nil> id:batch_2601271448439134586160957 in_process_at:1.769525324e+09 input_file_id:file_2601271448408907407760946 object:spark output_file_id: request_counts:map[completed:2 failed:0 total:50] sid:bat000dee2f@dx19bfe3655fb0000572 status:in_progress]
[INFO] 2026/01/27 14:48:55 logger.go:71: 查询批量任务结果：&{ID: Object: Endpoint: InputFileID:file_2601271448408907407760946 CompletionWindow: Status:in_progress OutputFileID: ErrorFileID:<nil> CreatedAt:0 InProgressAt:0 ExpiresAt:0 FinalizingAt:0 CompletedAt:0 FailedAt:0 CancelledAt:0 RequestCounts:{Total:0 Completed:0 Failed:0} Metadata:map[] BatchID:batch_2601271448439134586160957 TotalCount:50 CompletedCount:2 FailedCount:0}
[INFO] 2026/01/27 14:48:55 logger.go:71: 查询批量任务结果：map[cancelled_at:<nil> cancelling_at:<nil> completed_at:<nil> completion_window:24h created_at:1.769525324e+09 endpoint:/v1/chat/completions errors:<nil> expired_at:1.769611724e+09 expires_at:1.769611724e+09 failed_at:<nil> finalizing_at:<nil> id:batch_2601271448440034823460959 in_process_at:1.769525324e+09 input_file_id:file_2601271448409835690260948 object:spark output_file_id: request_counts:map[completed:1 failed:0 total:50] sid:bat000dee30@dx19bfe3656510000572 status:in_progress]
[INFO] 2026/01/27 14:48:55 logger.go:71: 查询批量任务结果：&{ID: Object: Endpoint: InputFileID:file_2601271448409835690260948 CompletionWindow: Status:in_progress OutputFileID: ErrorFileID:<nil> CreatedAt:0 InProgressAt:0 ExpiresAt:0 FinalizingAt:0 CompletedAt:0 FailedAt:0 CancelledAt:0 RequestCounts:{Total:0 Completed:0 Failed:0} Metadata:map[] BatchID:batch_2601271448440034823460959 TotalCount:50 CompletedCount:1 FailedCount:0}
[INFO] 2026/01/27 14:48:55 logger.go:71: 查询批量任务结果：map[cancelled_at:<nil> cancelling_at:<nil> completed_at:<nil> completion_window:24h created_at:1.769525324e+09 endpoint:/v1/chat/completions errors:<nil> expired_at:1.769611724e+09 expires_at:1.769611724e+09 failed_at:<nil> finalizing_at:<nil> id:batch_2601271448440822238840120 in_process_at:1.769525324e+09 input_file_id:file_2601271448411018673740107 object:spark output_file_id: request_counts:map[completed:1 failed:0 total:50] sid:bat000dee31@dx19bfe3656970000572 status:in_progress]
[INFO] 2026/01/27 14:48:55 logger.go:71: 查询批量任务结果：&{ID: Object: Endpoint: InputFileID:file_2601271448411018673740107 CompletionWindow: Status:in_progress OutputFileID: ErrorFileID:<nil> CreatedAt:0 InProgressAt:0 ExpiresAt:0 FinalizingAt:0 CompletedAt:0 FailedAt:0 CancelledAt:0 RequestCounts:{Total:0 Completed:0 Failed:0} Metadata:map[] BatchID:batch_2601271448440822238840120 TotalCount:50 CompletedCount:1 FailedCount:0}
[INFO] 2026/01/27 14:48:55 logger.go:71: 查询批量任务结果：map[cancelled_at:<nil> cancelling_at:<nil> completed_at:<nil> completion_window:24h created_at:1.769525324e+09 endpoint:/v1/chat/completions errors:<nil> expired_at:1.769611724e+09 expires_at:1.769611724e+09 failed_at:<nil> finalizing_at:<nil> id:batch_2601271448441806721440122 in_process_at:1.769525324e+09 input_file_id:file_2601271448411938908660950 object:spark output_file_id: request_counts:map[completed:0 failed:0 total:50] sid:bat000dee32@dx19bfe3656de0000572 status:in_progress]
[INFO] 2026/01/27 14:48:55 logger.go:71: 查询批量任务结果：&{ID: Object: Endpoint: InputFileID:file_2601271448411938908660950 CompletionWindow: Status:in_progress OutputFileID: ErrorFileID:<nil> CreatedAt:0 InProgressAt:0 ExpiresAt:0 FinalizingAt:0 CompletedAt:0 FailedAt:0 CancelledAt:0 RequestCounts:{Total:0 Completed:0 Failed:0} Metadata:map[] BatchID:batch_2601271448441806721440122 TotalCount:50 CompletedCount:0 FailedCount:0}
[INFO] 2026/01/27 14:48:55 logger.go:71: 查询批量任务结果：map[cancelled_at:<nil> cancelling_at:<nil> completed_at:<nil> completion_window:24h created_at:1.769525324e+09 endpoint:/v1/chat/completions errors:<nil> expired_at:1.769611724e+09 expires_at:1.769611724e+09 failed_at:<nil> finalizing_at:<nil> id:batch_2601271448442762997440124 in_process_at:1.769525324e+09 input_file_id:file_2601271448412736929260952 object:spark output_file_id: request_counts:map[completed:1 failed:0 total:50] sid:bat000dee33@dx19bfe36572e0000572 status:in_progress]
[INFO] 2026/01/27 14:48:55 logger.go:71: 查询批量任务结果：&{ID: Object: Endpoint: InputFileID:file_2601271448412736929260952 CompletionWindow: Status:in_progress OutputFileID: ErrorFileID:<nil> CreatedAt:0 InProgressAt:0 ExpiresAt:0 FinalizingAt:0 CompletedAt:0 FailedAt:0 CancelledAt:0 RequestCounts:{Total:0 Completed:0 Failed:0} Metadata:map[] BatchID:batch_2601271448442762997440124 TotalCount:50 CompletedCount:1 FailedCount:0}
[INFO] 2026/01/27 14:48:55 logger.go:71: 查询批量任务结果：map[cancelled_at:<nil> cancelling_at:<nil> completed_at:<nil> completion_window:24h created_at:1.769525324e+09 endpoint:/v1/chat/completions errors:<nil> expired_at:1.769611724e+09 expires_at:1.769611724e+09 failed_at:<nil> finalizing_at:<nil> id:batch_2601271448444108304240126 in_process_at:1.769525324e+09 input_file_id:file_2601271448413531851960954 object:spark output_file_id: request_counts:map[completed:0 failed:0 total:50] sid:bat000dee34@dx19bfe3657720000572 status:in_progress]
[INFO] 2026/01/27 14:48:55 logger.go:71: 查询批量任务结果：&{ID: Object: Endpoint: InputFileID:file_2601271448413531851960954 CompletionWindow: Status:in_progress OutputFileID: ErrorFileID:<nil> CreatedAt:0 InProgressAt:0 ExpiresAt:0 FinalizingAt:0 CompletedAt:0 FailedAt:0 CancelledAt:0 RequestCounts:{Total:0 Completed:0 Failed:0} Metadata:map[] BatchID:batch_2601271448444108304240126 TotalCount:50 CompletedCount:0 FailedCount:0}
[INFO] 2026/01/27 14:48:55 logger.go:71: 查询批量任务结果：map[cancelled_at:<nil> cancelling_at:<nil> completed_at:<nil> completion_window:24h created_at:1.769525324e+09 endpoint:/v1/chat/completions errors:<nil> expired_at:1.769611724e+09 expires_at:1.769611724e+09 failed_at:<nil> finalizing_at:<nil> id:batch_2601271448444893256340128 in_process_at:1.769525324e+09 input_file_id:file_2601271448415529392740109 object:spark output_file_id: request_counts:map[completed:3 failed:0 total:50] sid:bat000dee36@dx19bfe3657ee0000572 status:in_progress]
[INFO] 2026/01/27 14:48:55 logger.go:71: 查询批量任务结果：&{ID: Object: Endpoint: InputFileID:file_2601271448415529392740109 CompletionWindow: Status:in_progress OutputFileID: ErrorFileID:<nil> CreatedAt:0 InProgressAt:0 ExpiresAt:0 FinalizingAt:0 CompletedAt:0 FailedAt:0 CancelledAt:0 RequestCounts:{Total:0 Completed:0 Failed:0} Metadata:map[] BatchID:batch_2601271448444893256340128 TotalCount:50 CompletedCount:3 FailedCount:0}
[INFO] 2026/01/27 14:48:55 logger.go:71: 查询批量任务结果：map[cancelled_at:<nil> cancelling_at:<nil> completed_at:<nil> completion_window:24h created_at:1.769525324e+09 endpoint:/v1/chat/completions errors:<nil> expired_at:1.769611724e+09 expires_at:1.769611724e+09 failed_at:<nil> finalizing_at:<nil> id:batch_2601271448445745598360961 in_process_at:1.769525324e+09 input_file_id:file_2601271448416469182040111 object:spark output_file_id: request_counts:map[completed:2 failed:0 total:50] sid:bat000dee37@dx19bfe36583e0000572 status:in_progress]
[INFO] 2026/01/27 14:48:55 logger.go:71: 查询批量任务结果：&{ID: Object: Endpoint: InputFileID:file_2601271448416469182040111 CompletionWindow: Status:in_progress OutputFileID: ErrorFileID:<nil> CreatedAt:0 InProgressAt:0 ExpiresAt:0 FinalizingAt:0 CompletedAt:0 FailedAt:0 CancelledAt:0 RequestCounts:{Total:0 Completed:0 Failed:0} Metadata:map[] BatchID:batch_2601271448445745598360961 TotalCount:50 CompletedCount:2 FailedCount:0}
[INFO] 2026/01/27 14:48:58 logger.go:71: 查询批量任务结果：map[cancelled_at:<nil> cancelling_at:<nil> completed_at:<nil> completion_window:24h created_at:1.769525323e+09 endpoint:/v1/chat/completions errors:<nil> expired_at:1.769611723e+09 expires_at:1.769611723e+09 failed_at:<nil> finalizing_at:<nil> id:batch_2601271448437416549440118 in_process_at:1.769525324e+09 input_file_id:file_2601271448406476337640105 object:spark output_file_id: request_counts:map[completed:2 failed:1 total:50] sid:bat000dee38@dx19bfe3660680000572 status:in_progress]
[INFO] 2026/01/27 14:48:58 logger.go:71: 查询批量任务结果：&{ID: Object: Endpoint: InputFileID:file_2601271448406476337640105 CompletionWindow: Status:in_progress OutputFileID: ErrorFileID:<nil> CreatedAt:0 InProgressAt:0 ExpiresAt:0 FinalizingAt:0 CompletedAt:0 FailedAt:0 CancelledAt:0 RequestCounts:{Total:0 Completed:0 Failed:0} Metadata:map[] BatchID:batch_2601271448437416549440118 TotalCount:50 CompletedCount:2 FailedCount:1}
[INFO] 2026/01/27 14:48:58 logger.go:71: 查询批量任务结果：map[cancelled_at:<nil> cancelling_at:<nil> completed_at:<nil> completion_window:24h created_at:1.769525323e+09 endpoint:/v1/chat/completions errors:<nil> expired_at:1.769611723e+09 expires_at:1.769611723e+09 failed_at:<nil> finalizing_at:<nil> id:batch_2601271448438262610660955 in_process_at:1.769525323e+09 input_file_id:file_2601271448408128248960944 object:spark output_file_id: request_counts:map[completed:33 failed:0 total:50] sid:bat000dee39@dx19bfe3660bc0000572 status:in_progress]
[INFO] 2026/01/27 14:48:58 logger.go:71: 查询批量任务结果：&{ID: Object: Endpoint: InputFileID:file_2601271448408128248960944 CompletionWindow: Status:in_progress OutputFileID: ErrorFileID:<nil> CreatedAt:0 InProgressAt:0 ExpiresAt:0 FinalizingAt:0 CompletedAt:0 FailedAt:0 CancelledAt:0 RequestCounts:{Total:0 Completed:0 Failed:0} Metadata:map[] BatchID:batch_2601271448438262610660955 TotalCount:50 CompletedCount:33 FailedCount:0}
[INFO] 2026/01/27 14:48:58 logger.go:71: 查询批量任务结果：map[cancelled_at:<nil> cancelling_at:<nil> completed_at:<nil> completion_window:24h created_at:1.769525323e+09 endpoint:/v1/chat/completions errors:<nil> expired_at:1.769611723e+09 expires_at:1.769611723e+09 failed_at:<nil> finalizing_at:<nil> id:batch_2601271448439134586160957 in_process_at:1.769525324e+09 input_file_id:file_2601271448408907407760946 object:spark output_file_id: request_counts:map[completed:4 failed:0 total:50] sid:bat000d9ccf@dx19bfe3661050000572 status:in_progress]
[INFO] 2026/01/27 14:48:58 logger.go:71: 查询批量任务结果：&{ID: Object: Endpoint: InputFileID:file_2601271448408907407760946 CompletionWindow: Status:in_progress OutputFileID: ErrorFileID:<nil> CreatedAt:0 InProgressAt:0 ExpiresAt:0 FinalizingAt:0 CompletedAt:0 FailedAt:0 CancelledAt:0 RequestCounts:{Total:0 Completed:0 Failed:0} Metadata:map[] BatchID:batch_2601271448439134586160957 TotalCount:50 CompletedCount:4 FailedCount:0}
[INFO] 2026/01/27 14:48:58 logger.go:71: 查询批量任务结果：map[cancelled_at:<nil> cancelling_at:<nil> completed_at:<nil> completion_window:24h created_at:1.769525324e+09 endpoint:/v1/chat/completions errors:<nil> expired_at:1.769611724e+09 expires_at:1.769611724e+09 failed_at:<nil> finalizing_at:<nil> id:batch_2601271448440034823460959 in_process_at:1.769525324e+09 input_file_id:file_2601271448409835690260948 object:spark output_file_id: request_counts:map[completed:2 failed:0 total:50] sid:bat000dee3a@dx19bfe36614a0000572 status:in_progress]
[INFO] 2026/01/27 14:48:58 logger.go:71: 查询批量任务结果：&{ID: Object: Endpoint: InputFileID:file_2601271448409835690260948 CompletionWindow: Status:in_progress OutputFileID: ErrorFileID:<nil> CreatedAt:0 InProgressAt:0 ExpiresAt:0 FinalizingAt:0 CompletedAt:0 FailedAt:0 CancelledAt:0 RequestCounts:{Total:0 Completed:0 Failed:0} Metadata:map[] BatchID:batch_2601271448440034823460959 TotalCount:50 CompletedCount:2 FailedCount:0}
[INFO] 2026/01/27 14:48:58 logger.go:71: 查询批量任务结果：map[cancelled_at:<nil> cancelling_at:<nil> completed_at:<nil> completion_window:24h created_at:1.769525324e+09 endpoint:/v1/chat/completions errors:<nil> expired_at:1.769611724e+09 expires_at:1.769611724e+09 failed_at:<nil> finalizing_at:<nil> id:batch_2601271448440822238840120 in_process_at:1.769525324e+09 input_file_id:file_2601271448411018673740107 object:spark output_file_id: request_counts:map[completed:4 failed:0 total:50] sid:bat000dee3b@dx19bfe3661a20000572 status:in_progress]
[INFO] 2026/01/27 14:48:58 logger.go:71: 查询批量任务结果：&{ID: Object: Endpoint: InputFileID:file_2601271448411018673740107 CompletionWindow: Status:in_progress OutputFileID: ErrorFileID:<nil> CreatedAt:0 InProgressAt:0 ExpiresAt:0 FinalizingAt:0 CompletedAt:0 FailedAt:0 CancelledAt:0 RequestCounts:{Total:0 Completed:0 Failed:0} Metadata:map[] BatchID:batch_2601271448440822238840120 TotalCount:50 CompletedCount:4 FailedCount:0}
[INFO] 2026/01/27 14:48:58 logger.go:71: 查询批量任务结果：map[cancelled_at:<nil> cancelling_at:<nil> completed_at:<nil> completion_window:24h created_at:1.769525324e+09 endpoint:/v1/chat/completions errors:<nil> expired_at:1.769611724e+09 expires_at:1.769611724e+09 failed_at:<nil> finalizing_at:<nil> id:batch_2601271448441806721440122 in_process_at:1.769525324e+09 input_file_id:file_2601271448411938908660950 object:spark output_file_id: request_counts:map[completed:0 failed:0 total:50] sid:bat000dee3c@dx19bfe3661fc0000572 status:in_progress]
[INFO] 2026/01/27 14:48:58 logger.go:71: 查询批量任务结果：&{ID: Object: Endpoint: InputFileID:file_2601271448411938908660950 CompletionWindow: Status:in_progress OutputFileID: ErrorFileID:<nil> CreatedAt:0 InProgressAt:0 ExpiresAt:0 FinalizingAt:0 CompletedAt:0 FailedAt:0 CancelledAt:0 RequestCounts:{Total:0 Completed:0 Failed:0} Metadata:map[] BatchID:batch_2601271448441806721440122 TotalCount:50 CompletedCount:0 FailedCount:0}
[INFO] 2026/01/27 14:48:58 logger.go:71: 查询批量任务结果：map[cancelled_at:<nil> cancelling_at:<nil> completed_at:<nil> completion_window:24h created_at:1.769525324e+09 endpoint:/v1/chat/completions errors:<nil> expired_at:1.769611724e+09 expires_at:1.769611724e+09 failed_at:<nil> finalizing_at:<nil> id:batch_2601271448442762997440124 in_process_at:1.769525324e+09 input_file_id:file_2601271448412736929260952 object:spark output_file_id: request_counts:map[completed:4 failed:0 total:50] sid:bat000dee3d@dx19bfe36624a0000572 status:in_progress]
[INFO] 2026/01/27 14:48:58 logger.go:71: 查询批量任务结果：&{ID: Object: Endpoint: InputFileID:file_2601271448412736929260952 CompletionWindow: Status:in_progress OutputFileID: ErrorFileID:<nil> CreatedAt:0 InProgressAt:0 ExpiresAt:0 FinalizingAt:0 CompletedAt:0 FailedAt:0 CancelledAt:0 RequestCounts:{Total:0 Completed:0 Failed:0} Metadata:map[] BatchID:batch_2601271448442762997440124 TotalCount:50 CompletedCount:4 FailedCount:0}
[INFO] 2026/01/27 14:48:58 logger.go:71: 查询批量任务结果：map[cancelled_at:<nil> cancelling_at:<nil> completed_at:<nil> completion_window:24h created_at:1.769525324e+09 endpoint:/v1/chat/completions errors:<nil> expired_at:1.769611724e+09 expires_at:1.769611724e+09 failed_at:<nil> finalizing_at:<nil> id:batch_2601271448444108304240126 in_process_at:1.769525324e+09 input_file_id:file_2601271448413531851960954 object:spark output_file_id: request_counts:map[completed:0 failed:0 total:50] sid:bat000dee3e@dx19bfe3662920000572 status:in_progress]
[INFO] 2026/01/27 14:48:58 logger.go:71: 查询批量任务结果：&{ID: Object: Endpoint: InputFileID:file_2601271448413531851960954 CompletionWindow: Status:in_progress OutputFileID: ErrorFileID:<nil> CreatedAt:0 InProgressAt:0 ExpiresAt:0 FinalizingAt:0 CompletedAt:0 FailedAt:0 CancelledAt:0 RequestCounts:{Total:0 Completed:0 Failed:0} Metadata:map[] BatchID:batch_2601271448444108304240126 TotalCount:50 CompletedCount:0 FailedCount:0}
[INFO] 2026/01/27 14:48:58 logger.go:71: 查询批量任务结果：map[cancelled_at:<nil> cancelling_at:<nil> completed_at:<nil> completion_window:24h created_at:1.769525324e+09 endpoint:/v1/chat/completions errors:<nil> expired_at:1.769611724e+09 expires_at:1.769611724e+09 failed_at:<nil> finalizing_at:<nil> id:batch_2601271448444893256340128 in_process_at:1.769525324e+09 input_file_id:file_2601271448415529392740109 object:spark output_file_id: request_counts:map[completed:3 failed:0 total:50] sid:bat000dee3f@dx19bfe3663180000572 status:in_progress]
[INFO] 2026/01/27 14:48:58 logger.go:71: 查询批量任务结果：&{ID: Object: Endpoint: InputFileID:file_2601271448415529392740109 CompletionWindow: Status:in_progress OutputFileID: ErrorFileID:<nil> CreatedAt:0 InProgressAt:0 ExpiresAt:0 FinalizingAt:0 CompletedAt:0 FailedAt:0 CancelledAt:0 RequestCounts:{Total:0 Completed:0 Failed:0} Metadata:map[] BatchID:batch_2601271448444893256340128 TotalCount:50 CompletedCount:3 FailedCount:0}
[INFO] 2026/01/27 14:48:58 logger.go:71: 查询批量任务结果：map[cancelled_at:<nil> cancelling_at:<nil> completed_at:<nil> completion_window:24h created_at:1.769525324e+09 endpoint:/v1/chat/completions errors:<nil> expired_at:1.769611724e+09 expires_at:1.769611724e+09 failed_at:<nil> finalizing_at:<nil> id:batch_2601271448445745598360961 in_process_at:1.769525324e+09 input_file_id:file_2601271448416469182040111 object:spark output_file_id: request_counts:map[completed:5 failed:0 total:50] sid:bat000d9cd0@dx19bfe36635c0000572 status:in_progress]
[INFO] 2026/01/27 14:48:58 logger.go:71: 查询批量任务结果：&{ID: Object: Endpoint: InputFileID:file_2601271448416469182040111 CompletionWindow: Status:in_progress OutputFileID: ErrorFileID:<nil> CreatedAt:0 InProgressAt:0 ExpiresAt:0 FinalizingAt:0 CompletedAt:0 FailedAt:0 CancelledAt:0 RequestCounts:{Total:0 Completed:0 Failed:0} Metadata:map[] BatchID:batch_2601271448445745598360961 TotalCount:50 CompletedCount:5 FailedCount:0}
[INFO] 2026/01/27 14:49:00 logger.go:71: 查询批量任务结果：map[cancelled_at:<nil> cancelling_at:<nil> completed_at:<nil> completion_window:24h created_at:1.769525323e+09 endpoint:/v1/chat/completions errors:<nil> expired_at:1.769611723e+09 expires_at:1.769611723e+09 failed_at:<nil> finalizing_at:<nil> id:batch_2601271448437416549440118 in_process_at:1.769525324e+09 input_file_id:file_2601271448406476337640105 object:spark output_file_id: request_counts:map[completed:3 failed:1 total:50] sid:bat000d9cd1@dx19bfe366b890000572 status:in_progress]
[INFO] 2026/01/27 14:49:00 logger.go:71: 查询批量任务结果：&{ID: Object: Endpoint: InputFileID:file_2601271448406476337640105 CompletionWindow: Status:in_progress OutputFileID: ErrorFileID:<nil> CreatedAt:0 InProgressAt:0 ExpiresAt:0 FinalizingAt:0 CompletedAt:0 FailedAt:0 CancelledAt:0 RequestCounts:{Total:0 Completed:0 Failed:0} Metadata:map[] BatchID:batch_2601271448437416549440118 TotalCount:50 CompletedCount:3 FailedCount:1}
[INFO] 2026/01/27 14:49:00 logger.go:71: 查询批量任务结果：map[cancelled_at:<nil> cancelling_at:<nil> completed_at:<nil> completion_window:24h created_at:1.769525323e+09 endpoint:/v1/chat/completions errors:<nil> expired_at:1.769611723e+09 expires_at:1.769611723e+09 failed_at:<nil> finalizing_at:<nil> id:batch_2601271448438262610660955 in_process_at:1.769525323e+09 input_file_id:file_2601271448408128248960944 object:spark output_file_id: request_counts:map[completed:34 failed:0 total:50] sid:bat000d9cd2@dx19bfe366beb0000572 status:in_progress]
[INFO] 2026/01/27 14:49:00 logger.go:71: 查询批量任务结果：&{ID: Object: Endpoint: InputFileID:file_2601271448408128248960944 CompletionWindow: Status:in_progress OutputFileID: ErrorFileID:<nil> CreatedAt:0 InProgressAt:0 ExpiresAt:0 FinalizingAt:0 CompletedAt:0 FailedAt:0 CancelledAt:0 RequestCounts:{Total:0 Completed:0 Failed:0} Metadata:map[] BatchID:batch_2601271448438262610660955 TotalCount:50 CompletedCount:34 FailedCount:0}
[INFO] 2026/01/27 14:49:01 logger.go:71: 查询批量任务结果：map[cancelled_at:<nil> cancelling_at:<nil> completed_at:<nil> completion_window:24h created_at:1.769525323e+09 endpoint:/v1/chat/completions errors:<nil> expired_at:1.769611723e+09 expires_at:1.769611723e+09 failed_at:<nil> finalizing_at:<nil> id:batch_2601271448439134586160957 in_process_at:1.769525324e+09 input_file_id:file_2601271448408907407760946 object:spark output_file_id: request_counts:map[completed:5 failed:0 total:50] sid:bat000d9cd3@dx19bfe366c350000572 status:in_progress]
[INFO] 2026/01/27 14:49:01 logger.go:71: 查询批量任务结果：&{ID: Object: Endpoint: InputFileID:file_2601271448408907407760946 CompletionWindow: Status:in_progress OutputFileID: ErrorFileID:<nil> CreatedAt:0 InProgressAt:0 ExpiresAt:0 FinalizingAt:0 CompletedAt:0 FailedAt:0 CancelledAt:0 RequestCounts:{Total:0 Completed:0 Failed:0} Metadata:map[] BatchID:batch_2601271448439134586160957 TotalCount:50 CompletedCount:5 FailedCount:0}
[INFO] 2026/01/27 14:49:01 logger.go:71: 查询批量任务结果：map[cancelled_at:<nil> cancelling_at:<nil> completed_at:<nil> completion_window:24h created_at:1.769525324e+09 endpoint:/v1/chat/completions errors:<nil> expired_at:1.769611724e+09 expires_at:1.769611724e+09 failed_at:<nil> finalizing_at:<nil> id:batch_2601271448440034823460959 in_process_at:1.769525324e+09 input_file_id:file_2601271448409835690260948 object:spark output_file_id: request_counts:map[completed:3 failed:0 total:50] sid:bat000d9cd4@dx19bfe366c7d0000572 status:in_progress]
[INFO] 2026/01/27 14:49:01 logger.go:71: 查询批量任务结果：&{ID: Object: Endpoint: InputFileID:file_2601271448409835690260948 CompletionWindow: Status:in_progress OutputFileID: ErrorFileID:<nil> CreatedAt:0 InProgressAt:0 ExpiresAt:0 FinalizingAt:0 CompletedAt:0 FailedAt:0 CancelledAt:0 RequestCounts:{Total:0 Completed:0 Failed:0} Metadata:map[] BatchID:batch_2601271448440034823460959 TotalCount:50 CompletedCount:3 FailedCount:0}
[INFO] 2026/01/27 14:49:01 logger.go:71: 查询批量任务结果：map[cancelled_at:<nil> cancelling_at:<nil> completed_at:<nil> completion_window:24h created_at:1.769525324e+09 endpoint:/v1/chat/completions errors:<nil> expired_at:1.769611724e+09 expires_at:1.769611724e+09 failed_at:<nil> finalizing_at:<nil> id:batch_2601271448440822238840120 in_process_at:1.769525324e+09 input_file_id:file_2601271448411018673740107 object:spark output_file_id: request_counts:map[completed:5 failed:0 total:50] sid:bat000dee40@dx19bfe366cc70000572 status:in_progress]
[INFO] 2026/01/27 14:49:01 logger.go:71: 查询批量任务结果：&{ID: Object: Endpoint: InputFileID:file_2601271448411018673740107 CompletionWindow: Status:in_progress OutputFileID: ErrorFileID:<nil> CreatedAt:0 InProgressAt:0 ExpiresAt:0 FinalizingAt:0 CompletedAt:0 FailedAt:0 CancelledAt:0 RequestCounts:{Total:0 Completed:0 Failed:0} Metadata:map[] BatchID:batch_2601271448440822238840120 TotalCount:50 CompletedCount:5 FailedCount:0}
[INFO] 2026/01/27 14:49:01 logger.go:71: 查询批量任务结果：map[cancelled_at:<nil> cancelling_at:<nil> completed_at:<nil> completion_window:24h created_at:1.769525324e+09 endpoint:/v1/chat/completions errors:<nil> expired_at:1.769611724e+09 expires_at:1.769611724e+09 failed_at:<nil> finalizing_at:<nil> id:batch_2601271448441806721440122 in_process_at:1.769525324e+09 input_file_id:file_2601271448411938908660950 object:spark output_file_id: request_counts:map[completed:0 failed:0 total:50] sid:bat000d9cd5@dx19bfe366d180000572 status:in_progress]
[INFO] 2026/01/27 14:49:01 logger.go:71: 查询批量任务结果：&{ID: Object: Endpoint: InputFileID:file_2601271448411938908660950 CompletionWindow: Status:in_progress OutputFileID: ErrorFileID:<nil> CreatedAt:0 InProgressAt:0 ExpiresAt:0 FinalizingAt:0 CompletedAt:0 FailedAt:0 CancelledAt:0 RequestCounts:{Total:0 Completed:0 Failed:0} Metadata:map[] BatchID:batch_2601271448441806721440122 TotalCount:50 CompletedCount:0 FailedCount:0}
[INFO] 2026/01/27 14:49:01 logger.go:71: 查询批量任务结果：map[cancelled_at:<nil> cancelling_at:<nil> completed_at:<nil> completion_window:24h created_at:1.769525324e+09 endpoint:/v1/chat/completions errors:<nil> expired_at:1.769611724e+09 expires_at:1.769611724e+09 failed_at:<nil> finalizing_at:<nil> id:batch_2601271448442762997440124 in_process_at:1.769525324e+09 input_file_id:file_2601271448412736929260952 object:spark output_file_id: request_counts:map[completed:5 failed:0 total:50] sid:bat000dee41@dx19bfe366d5c0000572 status:in_progress]
[INFO] 2026/01/27 14:49:01 logger.go:71: 查询批量任务结果：&{ID: Object: Endpoint: InputFileID:file_2601271448412736929260952 CompletionWindow: Status:in_progress OutputFileID: ErrorFileID:<nil> CreatedAt:0 InProgressAt:0 ExpiresAt:0 FinalizingAt:0 CompletedAt:0 FailedAt:0 CancelledAt:0 RequestCounts:{Total:0 Completed:0 Failed:0} Metadata:map[] BatchID:batch_2601271448442762997440124 TotalCount:50 CompletedCount:5 FailedCount:0}
[INFO] 2026/01/27 14:49:01 logger.go:71: 查询批量任务结果：map[cancelled_at:<nil> cancelling_at:<nil> completed_at:<nil> completion_window:24h created_at:1.769525324e+09 endpoint:/v1/chat/completions errors:<nil> expired_at:1.769611724e+09 expires_at:1.769611724e+09 failed_at:<nil> finalizing_at:<nil> id:batch_2601271448444108304240126 in_process_at:1.769525324e+09 input_file_id:file_2601271448413531851960954 object:spark output_file_id: request_counts:map[completed:0 failed:0 total:50] sid:bat000dee42@dx19bfe366df60000572 status:in_progress]
[INFO] 2026/01/27 14:49:01 logger.go:71: 查询批量任务结果：&{ID: Object: Endpoint: InputFileID:file_2601271448413531851960954 CompletionWindow: Status:in_progress OutputFileID: ErrorFileID:<nil> CreatedAt:0 InProgressAt:0 ExpiresAt:0 FinalizingAt:0 CompletedAt:0 FailedAt:0 CancelledAt:0 RequestCounts:{Total:0 Completed:0 Failed:0} Metadata:map[] BatchID:batch_2601271448444108304240126 TotalCount:50 CompletedCount:0 FailedCount:0}
[INFO] 2026/01/27 14:49:01 logger.go:71: 查询批量任务结果：map[cancelled_at:<nil> cancelling_at:<nil> completed_at:<nil> completion_window:24h created_at:1.769525324e+09 endpoint:/v1/chat/completions errors:<nil> expired_at:1.769611724e+09 expires_at:1.769611724e+09 failed_at:<nil> finalizing_at:<nil> id:batch_2601271448444893256340128 in_process_at:1.769525324e+09 input_file_id:file_2601271448415529392740109 object:spark output_file_id: request_counts:map[completed:5 failed:0 total:50] sid:bat000d9cd6@dx19bfe366e4c0000572 status:in_progress]
[INFO] 2026/01/27 14:49:01 logger.go:71: 查询批量任务结果：&{ID: Object: Endpoint: InputFileID:file_2601271448415529392740109 CompletionWindow: Status:in_progress OutputFileID: ErrorFileID:<nil> CreatedAt:0 InProgressAt:0 ExpiresAt:0 FinalizingAt:0 CompletedAt:0 FailedAt:0 CancelledAt:0 RequestCounts:{Total:0 Completed:0 Failed:0} Metadata:map[] BatchID:batch_2601271448444893256340128 TotalCount:50 CompletedCount:5 FailedCount:0}
[INFO] 2026/01/27 14:49:01 logger.go:71: 查询批量任务结果：map[cancelled_at:<nil> cancelling_at:<nil> completed_at:<nil> completion_window:24h created_at:1.769525324e+09 endpoint:/v1/chat/completions errors:<nil> expired_at:1.769611724e+09 expires_at:1.769611724e+09 failed_at:<nil> finalizing_at:<nil> id:batch_2601271448445745598360961 in_process_at:1.769525324e+09 input_file_id:file_2601271448416469182040111 object:spark output_file_id: request_counts:map[completed:6 failed:0 total:50] sid:bat000dee43@dx19bfe366e920000572 status:in_progress]
[INFO] 2026/01/27 14:49:01 logger.go:71: 查询批量任务结果：&{ID: Object: Endpoint: InputFileID:file_2601271448416469182040111 CompletionWindow: Status:in_progress OutputFileID: ErrorFileID:<nil> CreatedAt:0 InProgressAt:0 ExpiresAt:0 FinalizingAt:0 CompletedAt:0 FailedAt:0 CancelledAt:0 RequestCounts:{Total:0 Completed:0 Failed:0} Metadata:map[] BatchID:batch_2601271448445745598360961 TotalCount:50 CompletedCount:6 FailedCount:0}
[INFO] 2026/01/27 14:49:03 logger.go:71: 查询批量任务结果：map[cancelled_at:<nil> cancelling_at:<nil> completed_at:<nil> completion_window:24h created_at:1.769525323e+09 endpoint:/v1/chat/completions errors:<nil> expired_at:1.769611723e+09 expires_at:1.769611723e+09 failed_at:<nil> finalizing_at:<nil> id:batch_2601271448437416549440118 in_process_at:1.769525324e+09 input_file_id:file_2601271448406476337640105 object:spark output_file_id: request_counts:map[completed:6 failed:1 total:50] sid:bat000dee44@dx19bfe3676b80000572 status:in_progress]
[INFO] 2026/01/27 14:49:03 logger.go:71: 查询批量任务结果：&{ID: Object: Endpoint: InputFileID:file_2601271448406476337640105 CompletionWindow: Status:in_progress OutputFileID: ErrorFileID:<nil> CreatedAt:0 InProgressAt:0 ExpiresAt:0 FinalizingAt:0 CompletedAt:0 FailedAt:0 CancelledAt:0 RequestCounts:{Total:0 Completed:0 Failed:0} Metadata:map[] BatchID:batch_2601271448437416549440118 TotalCount:50 CompletedCount:6 FailedCount:1}
[INFO] 2026/01/27 14:49:03 logger.go:71: 查询批量任务结果：map[cancelled_at:<nil> cancelling_at:<nil> completed_at:<nil> completion_window:24h created_at:1.769525323e+09 endpoint:/v1/chat/completions errors:<nil> expired_at:1.769611723e+09 expires_at:1.769611723e+09 failed_at:<nil> finalizing_at:<nil> id:batch_2601271448438262610660955 in_process_at:1.769525323e+09 input_file_id:file_2601271448408128248960944 object:spark output_file_id: request_counts:map[completed:37 failed:0 total:50] sid:bat000dee45@dx19bfe36771f0000572 status:in_progress]
[INFO] 2026/01/27 14:49:03 logger.go:71: 查询批量任务结果：&{ID: Object: Endpoint: InputFileID:file_2601271448408128248960944 CompletionWindow: Status:in_progress OutputFileID: ErrorFileID:<nil> CreatedAt:0 InProgressAt:0 ExpiresAt:0 FinalizingAt:0 CompletedAt:0 FailedAt:0 CancelledAt:0 RequestCounts:{Total:0 Completed:0 Failed:0} Metadata:map[] BatchID:batch_2601271448438262610660955 TotalCount:50 CompletedCount:37 FailedCount:0}
[INFO] 2026/01/27 14:49:03 logger.go:71: 查询批量任务结果：map[cancelled_at:<nil> cancelling_at:<nil> completed_at:<nil> completion_window:24h created_at:1.769525323e+09 endpoint:/v1/chat/completions errors:<nil> expired_at:1.769611723e+09 expires_at:1.769611723e+09 failed_at:<nil> finalizing_at:<nil> id:batch_2601271448439134586160957 in_process_at:1.769525324e+09 input_file_id:file_2601271448408907407760946 object:spark output_file_id: request_counts:map[completed:6 failed:0 total:50] sid:bat000dee46@dx19bfe36776f0000572 status:in_progress]
[INFO] 2026/01/27 14:49:03 logger.go:71: 查询批量任务结果：&{ID: Object: Endpoint: InputFileID:file_2601271448408907407760946 CompletionWindow: Status:in_progress OutputFileID: ErrorFileID:<nil> CreatedAt:0 InProgressAt:0 ExpiresAt:0 FinalizingAt:0 CompletedAt:0 FailedAt:0 CancelledAt:0 RequestCounts:{Total:0 Completed:0 Failed:0} Metadata:map[] BatchID:batch_2601271448439134586160957 TotalCount:50 CompletedCount:6 FailedCount:0}
[INFO] 2026/01/27 14:49:03 logger.go:71: 查询批量任务结果：map[cancelled_at:<nil> cancelling_at:<nil> completed_at:<nil> completion_window:24h created_at:1.769525324e+09 endpoint:/v1/chat/completions errors:<nil> expired_at:1.769611724e+09 expires_at:1.769611724e+09 failed_at:<nil> finalizing_at:<nil> id:batch_2601271448440034823460959 in_process_at:1.769525324e+09 input_file_id:file_2601271448409835690260948 object:spark output_file_id: request_counts:map[completed:3 failed:0 total:50] sid:bat000dee47@dx19bfe3677bb0000572 status:in_progress]
[INFO] 2026/01/27 14:49:03 logger.go:71: 查询批量任务结果：&{ID: Object: Endpoint: InputFileID:file_2601271448409835690260948 CompletionWindow: Status:in_progress OutputFileID: ErrorFileID:<nil> CreatedAt:0 InProgressAt:0 ExpiresAt:0 FinalizingAt:0 CompletedAt:0 FailedAt:0 CancelledAt:0 RequestCounts:{Total:0 Completed:0 Failed:0} Metadata:map[] BatchID:batch_2601271448440034823460959 TotalCount:50 CompletedCount:3 FailedCount:0}
[INFO] 2026/01/27 14:49:04 logger.go:71: 查询批量任务结果：map[cancelled_at:<nil> cancelling_at:<nil> completed_at:<nil> completion_window:24h created_at:1.769525324e+09 endpoint:/v1/chat/completions errors:<nil> expired_at:1.769611724e+09 expires_at:1.769611724e+09 failed_at:<nil> finalizing_at:<nil> id:batch_2601271448440822238840120 in_process_at:1.769525324e+09 input_file_id:file_2601271448411018673740107 object:spark output_file_id: request_counts:map[completed:7 failed:0 total:50] sid:bat000d9cd7@dx19bfe3678030000572 status:in_progress]
[INFO] 2026/01/27 14:49:04 logger.go:71: 查询批量任务结果：&{ID: Object: Endpoint: InputFileID:file_2601271448411018673740107 CompletionWindow: Status:in_progress OutputFileID: ErrorFileID:<nil> CreatedAt:0 InProgressAt:0 ExpiresAt:0 FinalizingAt:0 CompletedAt:0 FailedAt:0 CancelledAt:0 RequestCounts:{Total:0 Completed:0 Failed:0} Metadata:map[] BatchID:batch_2601271448440822238840120 TotalCount:50 CompletedCount:7 FailedCount:0}
[INFO] 2026/01/27 14:49:04 logger.go:71: 查询批量任务结果：map[cancelled_at:<nil> cancelling_at:<nil> completed_at:<nil> completion_window:24h created_at:1.769525324e+09 endpoint:/v1/chat/completions errors:<nil> expired_at:1.769611724e+09 expires_at:1.769611724e+09 failed_at:<nil> finalizing_at:<nil> id:batch_2601271448441806721440122 in_process_at:1.769525324e+09 input_file_id:file_2601271448411938908660950 object:spark output_file_id: request_counts:map[completed:1 failed:0 total:50] sid:bat000d9cd8@dx19bfe36784f0000572 status:in_progress]
[INFO] 2026/01/27 14:49:04 logger.go:71: 查询批量任务结果：&{ID: Object: Endpoint: InputFileID:file_2601271448411938908660950 CompletionWindow: Status:in_progress OutputFileID: ErrorFileID:<nil> CreatedAt:0 InProgressAt:0 ExpiresAt:0 FinalizingAt:0 CompletedAt:0 FailedAt:0 CancelledAt:0 RequestCounts:{Total:0 Completed:0 Failed:0} Metadata:map[] BatchID:batch_2601271448441806721440122 TotalCount:50 CompletedCount:1 FailedCount:0}
[INFO] 2026/01/27 14:49:04 logger.go:71: 查询批量任务结果：map[cancelled_at:<nil> cancelling_at:<nil> completed_at:<nil> completion_window:24h created_at:1.769525324e+09 endpoint:/v1/chat/completions errors:<nil> expired_at:1.769611724e+09 expires_at:1.769611724e+09 failed_at:<nil> finalizing_at:<nil> id:batch_2601271448442762997440124 in_process_at:1.769525324e+09 input_file_id:file_2601271448412736929260952 object:spark output_file_id: request_counts:map[completed:6 failed:0 total:50] sid:bat000d9cd9@dx19bfe36789d0000572 status:in_progress]
[INFO] 2026/01/27 14:49:04 logger.go:71: 查询批量任务结果：&{ID: Object: Endpoint: InputFileID:file_2601271448412736929260952 CompletionWindow: Status:in_progress OutputFileID: ErrorFileID:<nil> CreatedAt:0 InProgressAt:0 ExpiresAt:0 FinalizingAt:0 CompletedAt:0 FailedAt:0 CancelledAt:0 RequestCounts:{Total:0 Completed:0 Failed:0} Metadata:map[] BatchID:batch_2601271448442762997440124 TotalCount:50 CompletedCount:6 FailedCount:0}
[INFO] 2026/01/27 14:49:04 logger.go:71: 查询批量任务结果：map[cancelled_at:<nil> cancelling_at:<nil> completed_at:<nil> completion_window:24h created_at:1.769525324e+09 endpoint:/v1/chat/completions errors:<nil> expired_at:1.769611724e+09 expires_at:1.769611724e+09 failed_at:<nil> finalizing_at:<nil> id:batch_2601271448444108304240126 in_process_at:1.769525324e+09 input_file_id:file_2601271448413531851960954 object:spark output_file_id: request_counts:map[completed:0 failed:0 total:50] sid:bat000dee48@dx19bfe3678e50000572 status:in_progress]
[INFO] 2026/01/27 14:49:04 logger.go:71: 查询批量任务结果：&{ID: Object: Endpoint: InputFileID:file_2601271448413531851960954 CompletionWindow: Status:in_progress OutputFileID: ErrorFileID:<nil> CreatedAt:0 InProgressAt:0 ExpiresAt:0 FinalizingAt:0 CompletedAt:0 FailedAt:0 CancelledAt:0 RequestCounts:{Total:0 Completed:0 Failed:0} Metadata:map[] BatchID:batch_2601271448444108304240126 TotalCount:50 CompletedCount:0 FailedCount:0}
[INFO] 2026/01/27 14:49:04 logger.go:71: 查询批量任务结果：map[cancelled_at:<nil> cancelling_at:<nil> completed_at:<nil> completion_window:24h created_at:1.769525324e+09 endpoint:/v1/chat/completions errors:<nil> expired_at:1.769611724e+09 expires_at:1.769611724e+09 failed_at:<nil> finalizing_at:<nil> id:batch_2601271448444893256340128 in_process_at:1.769525324e+09 input_file_id:file_2601271448415529392740109 object:spark output_file_id: request_counts:map[completed:6 failed:0 total:50] sid:bat000dee49@dx19bfe3679310000572 status:in_progress]
[INFO] 2026/01/27 14:49:04 logger.go:71: 查询批量任务结果：&{ID: Object: Endpoint: InputFileID:file_2601271448415529392740109 CompletionWindow: Status:in_progress OutputFileID: ErrorFileID:<nil> CreatedAt:0 InProgressAt:0 ExpiresAt:0 FinalizingAt:0 CompletedAt:0 FailedAt:0 CancelledAt:0 RequestCounts:{Total:0 Completed:0 Failed:0} Metadata:map[] BatchID:batch_2601271448444893256340128 TotalCount:50 CompletedCount:6 FailedCount:0}
[INFO] 2026/01/27 14:49:04 logger.go:71: 查询批量任务结果：map[cancelled_at:<nil> cancelling_at:<nil> completed_at:<nil> completion_window:24h created_at:1.769525324e+09 endpoint:/v1/chat/completions errors:<nil> expired_at:1.769611724e+09 expires_at:1.769611724e+09 failed_at:<nil> finalizing_at:<nil> id:batch_2601271448445745598360961 in_process_at:1.769525324e+09 input_file_id:file_2601271448416469182040111 object:spark output_file_id: request_counts:map[completed:9 failed:0 total:50] sid:bat000d9cda@dx19bfe3679ab0000572 status:in_progress]
[INFO] 2026/01/27 14:49:04 logger.go:71: 查询批量任务结果：&{ID: Object: Endpoint: InputFileID:file_2601271448416469182040111 CompletionWindow: Status:in_progress OutputFileID: ErrorFileID:<nil> CreatedAt:0 InProgressAt:0 ExpiresAt:0 FinalizingAt:0 CompletedAt:0 FailedAt:0 CancelledAt:0 RequestCounts:{Total:0 Completed:0 Failed:0} Metadata:map[] BatchID:batch_2601271448445745598360961 TotalCount:50 CompletedCount:9 FailedCount:0}
[INFO] 2026/01/27 14:49:06 logger.go:71: 查询批量任务结果：map[cancelled_at:<nil> cancelling_at:<nil> completed_at:<nil> completion_window:24h created_at:1.769525323e+09 endpoint:/v1/chat/completions errors:<nil> expired_at:1.769611723e+09 expires_at:1.769611723e+09 failed_at:<nil> finalizing_at:<nil> id:batch_2601271448437416549440118 in_process_at:1.769525324e+09 input_file_id:file_2601271448406476337640105 object:spark output_file_id: request_counts:map[completed:7 failed:1 total:50] sid:bat000d9cdb@dx19bfe3681ce0000572 status:in_progress]
[INFO] 2026/01/27 14:49:06 logger.go:71: 查询批量任务结果：&{ID: Object: Endpoint: InputFileID:file_2601271448406476337640105 CompletionWindow: Status:in_progress OutputFileID: ErrorFileID:<nil> CreatedAt:0 InProgressAt:0 ExpiresAt:0 FinalizingAt:0 CompletedAt:0 FailedAt:0 CancelledAt:0 RequestCounts:{Total:0 Completed:0 Failed:0} Metadata:map[] BatchID:batch_2601271448437416549440118 TotalCount:50 CompletedCount:7 FailedCount:1}
[INFO] 2026/01/27 14:49:06 logger.go:71: 查询批量任务结果：map[cancelled_at:<nil> cancelling_at:<nil> completed_at:<nil> completion_window:24h created_at:1.769525323e+09 endpoint:/v1/chat/completions errors:<nil> expired_at:1.769611723e+09 expires_at:1.769611723e+09 failed_at:<nil> finalizing_at:<nil> id:batch_2601271448438262610660955 in_process_at:1.769525323e+09 input_file_id:file_2601271448408128248960944 object:spark output_file_id: request_counts:map[completed:38 failed:0 total:50] sid:bat000d9cdc@dx19bfe3682300000572 status:in_progress]
[INFO] 2026/01/27 14:49:06 logger.go:71: 查询批量任务结果：&{ID: Object: Endpoint: InputFileID:file_2601271448408128248960944 CompletionWindow: Status:in_progress OutputFileID: ErrorFileID:<nil> CreatedAt:0 InProgressAt:0 ExpiresAt:0 FinalizingAt:0 CompletedAt:0 FailedAt:0 CancelledAt:0 RequestCounts:{Total:0 Completed:0 Failed:0} Metadata:map[] BatchID:batch_2601271448438262610660955 TotalCount:50 CompletedCount:38 FailedCount:0}
[INFO] 2026/01/27 14:49:06 logger.go:71: 查询批量任务结果：map[cancelled_at:<nil> cancelling_at:<nil> completed_at:<nil> completion_window:24h created_at:1.769525323e+09 endpoint:/v1/chat/completions errors:<nil> expired_at:1.769611723e+09 expires_at:1.769611723e+09 failed_at:<nil> finalizing_at:<nil> id:batch_2601271448439134586160957 in_process_at:1.769525324e+09 input_file_id:file_2601271448408907407760946 object:spark output_file_id: request_counts:map[completed:8 failed:0 total:50] sid:bat000d9cdd@dx19bfe3682800000572 status:in_progress]
[INFO] 2026/01/27 14:49:06 logger.go:71: 查询批量任务结果：&{ID: Object: Endpoint: InputFileID:file_2601271448408907407760946 CompletionWindow: Status:in_progress OutputFileID: ErrorFileID:<nil> CreatedAt:0 InProgressAt:0 ExpiresAt:0 FinalizingAt:0 CompletedAt:0 FailedAt:0 CancelledAt:0 RequestCounts:{Total:0 Completed:0 Failed:0} Metadata:map[] BatchID:batch_2601271448439134586160957 TotalCount:50 CompletedCount:8 FailedCount:0}
[INFO] 2026/01/27 14:49:06 logger.go:71: 查询批量任务结果：map[cancelled_at:<nil> cancelling_at:<nil> completed_at:<nil> completion_window:24h created_at:1.769525324e+09 endpoint:/v1/chat/completions errors:<nil> expired_at:1.769611724e+09 expires_at:1.769611724e+09 failed_at:<nil> finalizing_at:<nil> id:batch_2601271448440034823460959 in_process_at:1.769525324e+09 input_file_id:file_2601271448409835690260948 object:spark output_file_id: request_counts:map[completed:4 failed:0 total:50] sid:bat000dee4a@dx19bfe3682c40000572 status:in_progress]
[INFO] 2026/01/27 14:49:06 logger.go:71: 查询批量任务结果：&{ID: Object: Endpoint: InputFileID:file_2601271448409835690260948 CompletionWindow: Status:in_progress OutputFileID: ErrorFileID:<nil> CreatedAt:0 InProgressAt:0 ExpiresAt:0 FinalizingAt:0 CompletedAt:0 FailedAt:0 CancelledAt:0 RequestCounts:{Total:0 Completed:0 Failed:0} Metadata:map[] BatchID:batch_2601271448440034823460959 TotalCount:50 CompletedCount:4 FailedCount:0}
[INFO] 2026/01/27 14:49:06 logger.go:71: 查询批量任务结果：map[cancelled_at:<nil> cancelling_at:<nil> completed_at:<nil> completion_window:24h created_at:1.769525324e+09 endpoint:/v1/chat/completions errors:<nil> expired_at:1.769611724e+09 expires_at:1.769611724e+09 failed_at:<nil> finalizing_at:<nil> id:batch_2601271448440822238840120 in_process_at:1.769525324e+09 input_file_id:file_2601271448411018673740107 object:spark output_file_id: request_counts:map[completed:9 failed:0 total:50] sid:bat000dee4b@dx19bfe3683090000572 status:in_progress]
[INFO] 2026/01/27 14:49:06 logger.go:71: 查询批量任务结果：&{ID: Object: Endpoint: InputFileID:file_2601271448411018673740107 CompletionWindow: Status:in_progress OutputFileID: ErrorFileID:<nil> CreatedAt:0 InProgressAt:0 ExpiresAt:0 FinalizingAt:0 CompletedAt:0 FailedAt:0 CancelledAt:0 RequestCounts:{Total:0 Completed:0 Failed:0} Metadata:map[] BatchID:batch_2601271448440822238840120 TotalCount:50 CompletedCount:9 FailedCount:0}
[INFO] 2026/01/27 14:49:06 logger.go:71: 查询批量任务结果：map[cancelled_at:<nil> cancelling_at:<nil> completed_at:<nil> completion_window:24h created_at:1.769525324e+09 endpoint:/v1/chat/completions errors:<nil> expired_at:1.769611724e+09 expires_at:1.769611724e+09 failed_at:<nil> finalizing_at:<nil> id:batch_2601271448441806721440122 in_process_at:1.769525324e+09 input_file_id:file_2601271448411938908660950 object:spark output_file_id: request_counts:map[completed:1 failed:0 total:50] sid:bat000d9cde@dx19bfe3683530000572 status:in_progress]
[INFO] 2026/01/27 14:49:06 logger.go:71: 查询批量任务结果：&{ID: Object: Endpoint: InputFileID:file_2601271448411938908660950 CompletionWindow: Status:in_progress OutputFileID: ErrorFileID:<nil> CreatedAt:0 InProgressAt:0 ExpiresAt:0 FinalizingAt:0 CompletedAt:0 FailedAt:0 CancelledAt:0 RequestCounts:{Total:0 Completed:0 Failed:0} Metadata:map[] BatchID:batch_2601271448441806721440122 TotalCount:50 CompletedCount:1 FailedCount:0}
[INFO] 2026/01/27 14:49:07 logger.go:71: 查询批量任务结果：map[cancelled_at:<nil> cancelling_at:<nil> completed_at:<nil> completion_window:24h created_at:1.769525324e+09 endpoint:/v1/chat/completions errors:<nil> expired_at:1.769611724e+09 expires_at:1.769611724e+09 failed_at:<nil> finalizing_at:<nil> id:batch_2601271448442762997440124 in_process_at:1.769525324e+09 input_file_id:file_2601271448412736929260952 object:spark output_file_id: request_counts:map[completed:7 failed:0 total:50] sid:bat000d9cdf@dx19bfe3683990000572 status:in_progress]
[INFO] 2026/01/27 14:49:07 logger.go:71: 查询批量任务结果：&{ID: Object: Endpoint: InputFileID:file_2601271448412736929260952 CompletionWindow: Status:in_progress OutputFileID: ErrorFileID:<nil> CreatedAt:0 InProgressAt:0 ExpiresAt:0 FinalizingAt:0 CompletedAt:0 FailedAt:0 CancelledAt:0 RequestCounts:{Total:0 Completed:0 Failed:0} Metadata:map[] BatchID:batch_2601271448442762997440124 TotalCount:50 CompletedCount:7 FailedCount:0}
[INFO] 2026/01/27 14:49:07 logger.go:71: 查询批量任务结果：map[cancelled_at:<nil> cancelling_at:<nil> completed_at:<nil> completion_window:24h created_at:1.769525324e+09 endpoint:/v1/chat/completions errors:<nil> expired_at:1.769611724e+09 expires_at:1.769611724e+09 failed_at:<nil> finalizing_at:<nil> id:batch_2601271448444108304240126 in_process_at:1.769525324e+09 input_file_id:file_2601271448413531851960954 object:spark output_file_id: request_counts:map[completed:0 failed:0 total:50] sid:bat000dee4c@dx19bfe3683eb0000572 status:in_progress]
[INFO] 2026/01/27 14:49:07 logger.go:71: 查询批量任务结果：&{ID: Object: Endpoint: InputFileID:file_2601271448413531851960954 CompletionWindow: Status:in_progress OutputFileID: ErrorFileID:<nil> CreatedAt:0 InProgressAt:0 ExpiresAt:0 FinalizingAt:0 CompletedAt:0 FailedAt:0 CancelledAt:0 RequestCounts:{Total:0 Completed:0 Failed:0} Metadata:map[] BatchID:batch_2601271448444108304240126 TotalCount:50 CompletedCount:0 FailedCount:0}
[INFO] 2026/01/27 14:49:07 logger.go:71: 查询批量任务结果：map[cancelled_at:<nil> cancelling_at:<nil> completed_at:<nil> completion_window:24h created_at:1.769525324e+09 endpoint:/v1/chat/completions errors:<nil> expired_at:1.769611724e+09 expires_at:1.769611724e+09 failed_at:<nil> finalizing_at:<nil> id:batch_2601271448444893256340128 in_process_at:1.769525324e+09 input_file_id:file_2601271448415529392740109 object:spark output_file_id: request_counts:map[completed:8 failed:0 total:50] sid:bat000dee4d@dx19bfe3684720000572 status:in_progress]
[INFO] 2026/01/27 14:49:07 logger.go:71: 查询批量任务结果：&{ID: Object: Endpoint: InputFileID:file_2601271448415529392740109 CompletionWindow: Status:in_progress OutputFileID: ErrorFileID:<nil> CreatedAt:0 InProgressAt:0 ExpiresAt:0 FinalizingAt:0 CompletedAt:0 FailedAt:0 CancelledAt:0 RequestCounts:{Total:0 Completed:0 Failed:0} Metadata:map[] BatchID:batch_2601271448444893256340128 TotalCount:50 CompletedCount:8 FailedCount:0}
[INFO] 2026/01/27 14:49:07 logger.go:71: 查询批量任务结果：map[cancelled_at:<nil> cancelling_at:<nil> completed_at:<nil> completion_window:24h created_at:1.769525324e+09 endpoint:/v1/chat/completions errors:<nil> expired_at:1.769611724e+09 expires_at:1.769611724e+09 failed_at:<nil> finalizing_at:<nil> id:batch_2601271448445745598360961 in_process_at:1.769525324e+09 input_file_id:file_2601271448416469182040111 object:spark output_file_id: request_counts:map[completed:10 failed:0 total:50] sid:bat000dee4e@dx19bfe3684ba0000572 status:in_progress]
[INFO] 2026/01/27 14:49:07 logger.go:71: 查询批量任务结果：&{ID: Object: Endpoint: InputFileID:file_2601271448416469182040111 CompletionWindow: Status:in_progress OutputFileID: ErrorFileID:<nil> CreatedAt:0 InProgressAt:0 ExpiresAt:0 FinalizingAt:0 CompletedAt:0 FailedAt:0 CancelledAt:0 RequestCounts:{Total:0 Completed:0 Failed:0} Metadata:map[] BatchID:batch_2601271448445745598360961 TotalCount:50 CompletedCount:10 FailedCount:0}
[INFO] 2026/01/27 14:49:09 logger.go:71: 查询批量任务结果：map[cancelled_at:<nil> cancelling_at:<nil> completed_at:<nil> completion_window:24h created_at:1.769525323e+09 endpoint:/v1/chat/completions errors:<nil> expired_at:1.769611723e+09 expires_at:1.769611723e+09 failed_at:<nil> finalizing_at:<nil> id:batch_2601271448437416549440118 in_process_at:1.769525324e+09 input_file_id:file_2601271448406476337640105 object:spark output_file_id: request_counts:map[completed:7 failed:1 total:50] sid:bat000dee4f@dx19bfe368cd80000572 status:in_progress]
[INFO] 2026/01/27 14:49:09 logger.go:71: 查询批量任务结果：&{ID: Object: Endpoint: InputFileID:file_2601271448406476337640105 CompletionWindow: Status:in_progress OutputFileID: ErrorFileID:<nil> CreatedAt:0 InProgressAt:0 ExpiresAt:0 FinalizingAt:0 CompletedAt:0 FailedAt:0 CancelledAt:0 RequestCounts:{Total:0 Completed:0 Failed:0} Metadata:map[] BatchID:batch_2601271448437416549440118 TotalCount:50 CompletedCount:7 FailedCount:1}
[INFO] 2026/01/27 14:49:09 logger.go:71: 查询批量任务结果：map[cancelled_at:<nil> cancelling_at:<nil> completed_at:<nil> completion_window:24h created_at:1.769525323e+09 endpoint:/v1/chat/completions errors:<nil> expired_at:1.769611723e+09 expires_at:1.769611723e+09 failed_at:<nil> finalizing_at:<nil> id:batch_2601271448438262610660955 in_process_at:1.769525323e+09 input_file_id:file_2601271448408128248960944 object:spark output_file_id: request_counts:map[completed:39 failed:0 total:50] sid:bat000dee50@dx19bfe368d3d0000572 status:in_progress]
[INFO] 2026/01/27 14:49:09 logger.go:71: 查询批量任务结果：&{ID: Object: Endpoint: InputFileID:file_2601271448408128248960944 CompletionWindow: Status:in_progress OutputFileID: ErrorFileID:<nil> CreatedAt:0 InProgressAt:0 ExpiresAt:0 FinalizingAt:0 CompletedAt:0 FailedAt:0 CancelledAt:0 RequestCounts:{Total:0 Completed:0 Failed:0} Metadata:map[] BatchID:batch_2601271448438262610660955 TotalCount:50 CompletedCount:39 FailedCount:0}
[INFO] 2026/01/27 14:49:09 logger.go:71: 查询批量任务结果：map[cancelled_at:<nil> cancelling_at:<nil> completed_at:<nil> completion_window:24h created_at:1.769525323e+09 endpoint:/v1/chat/completions errors:<nil> expired_at:1.769611723e+09 expires_at:1.769611723e+09 failed_at:<nil> finalizing_at:<nil> id:batch_2601271448439134586160957 in_process_at:1.769525324e+09 input_file_id:file_2601271448408907407760946 object:spark output_file_id: request_counts:map[completed:8 failed:0 total:50] sid:bat000dee51@dx19bfe368d890000572 status:in_progress]
[INFO] 2026/01/27 14:49:09 logger.go:71: 查询批量任务结果：&{ID: Object: Endpoint: InputFileID:file_2601271448408907407760946 CompletionWindow: Status:in_progress OutputFileID: ErrorFileID:<nil> CreatedAt:0 InProgressAt:0 ExpiresAt:0 FinalizingAt:0 CompletedAt:0 FailedAt:0 CancelledAt:0 RequestCounts:{Total:0 Completed:0 Failed:0} Metadata:map[] BatchID:batch_2601271448439134586160957 TotalCount:50 CompletedCount:8 FailedCount:0}
[INFO] 2026/01/27 14:49:09 logger.go:71: 查询批量任务结果：map[cancelled_at:<nil> cancelling_at:<nil> completed_at:<nil> completion_window:24h created_at:1.769525324e+09 endpoint:/v1/chat/completions errors:<nil> expired_at:1.769611724e+09 expires_at:1.769611724e+09 failed_at:<nil> finalizing_at:<nil> id:batch_2601271448440034823460959 in_process_at:1.769525324e+09 input_file_id:file_2601271448409835690260948 object:spark output_file_id: request_counts:map[completed:4 failed:0 total:50] sid:bat000dee52@dx19bfe368ddb0000572 status:in_progress]
[INFO] 2026/01/27 14:49:09 logger.go:71: 查询批量任务结果：&{ID: Object: Endpoint: InputFileID:file_2601271448409835690260948 CompletionWindow: Status:in_progress OutputFileID: ErrorFileID:<nil> CreatedAt:0 InProgressAt:0 ExpiresAt:0 FinalizingAt:0 CompletedAt:0 FailedAt:0 CancelledAt:0 RequestCounts:{Total:0 Completed:0 Failed:0} Metadata:map[] BatchID:batch_2601271448440034823460959 TotalCount:50 CompletedCount:4 FailedCount:0}
[INFO] 2026/01/27 14:49:09 logger.go:71: 查询批量任务结果：map[cancelled_at:<nil> cancelling_at:<nil> completed_at:<nil> completion_window:24h created_at:1.769525324e+09 endpoint:/v1/chat/completions errors:<nil> expired_at:1.769611724e+09 expires_at:1.769611724e+09 failed_at:<nil> finalizing_at:<nil> id:batch_2601271448440822238840120 in_process_at:1.769525324e+09 input_file_id:file_2601271448411018673740107 object:spark output_file_id: request_counts:map[completed:9 failed:0 total:50] sid:bat000dee53@dx19bfe368e300000572 status:in_progress]
[INFO] 2026/01/27 14:49:09 logger.go:71: 查询批量任务结果：&{ID: Object: Endpoint: InputFileID:file_2601271448411018673740107 CompletionWindow: Status:in_progress OutputFileID: ErrorFileID:<nil> CreatedAt:0 InProgressAt:0 ExpiresAt:0 FinalizingAt:0 CompletedAt:0 FailedAt:0 CancelledAt:0 RequestCounts:{Total:0 Completed:0 Failed:0} Metadata:map[] BatchID:batch_2601271448440822238840120 TotalCount:50 CompletedCount:9 FailedCount:0}
[INFO] 2026/01/27 14:49:09 logger.go:71: 查询批量任务结果：map[cancelled_at:<nil> cancelling_at:<nil> completed_at:<nil> completion_window:24h created_at:1.769525324e+09 endpoint:/v1/chat/completions errors:<nil> expired_at:1.769611724e+09 expires_at:1.769611724e+09 failed_at:<nil> finalizing_at:<nil> id:batch_2601271448441806721440122 in_process_at:1.769525324e+09 input_file_id:file_2601271448411938908660950 object:spark output_file_id: request_counts:map[completed:1 failed:0 total:50] sid:bat000dee54@dx19bfe368e810000572 status:in_progress]
[INFO] 2026/01/27 14:49:09 logger.go:71: 查询批量任务结果：&{ID: Object: Endpoint: InputFileID:file_2601271448411938908660950 CompletionWindow: Status:in_progress OutputFileID: ErrorFileID:<nil> CreatedAt:0 InProgressAt:0 ExpiresAt:0 FinalizingAt:0 CompletedAt:0 FailedAt:0 CancelledAt:0 RequestCounts:{Total:0 Completed:0 Failed:0} Metadata:map[] BatchID:batch_2601271448441806721440122 TotalCount:50 CompletedCount:1 FailedCount:0}
[INFO] 2026/01/27 14:49:09 logger.go:71: 查询批量任务结果：map[cancelled_at:<nil> cancelling_at:<nil> completed_at:<nil> completion_window:24h created_at:1.769525324e+09 endpoint:/v1/chat/completions errors:<nil> expired_at:1.769611724e+09 expires_at:1.769611724e+09 failed_at:<nil> finalizing_at:<nil> id:batch_2601271448442762997440124 in_process_at:1.769525324e+09 input_file_id:file_2601271448412736929260952 object:spark output_file_id: request_counts:map[completed:8 failed:0 total:50] sid:bat000dee55@dx19bfe368ed50000572 status:in_progress]
[INFO] 2026/01/27 14:49:09 logger.go:71: 查询批量任务结果：&{ID: Object: Endpoint: InputFileID:file_2601271448412736929260952 CompletionWindow: Status:in_progress OutputFileID: ErrorFileID:<nil> CreatedAt:0 InProgressAt:0 ExpiresAt:0 FinalizingAt:0 CompletedAt:0 FailedAt:0 CancelledAt:0 RequestCounts:{Total:0 Completed:0 Failed:0} Metadata:map[] BatchID:batch_2601271448442762997440124 TotalCount:50 CompletedCount:8 FailedCount:0}
[INFO] 2026/01/27 14:49:10 logger.go:71: 查询批量任务结果：map[cancelled_at:<nil> cancelling_at:<nil> completed_at:<nil> completion_window:24h created_at:1.769525324e+09 endpoint:/v1/chat/completions errors:<nil> expired_at:1.769611724e+09 expires_at:1.769611724e+09 failed_at:<nil> finalizing_at:<nil> id:batch_2601271448444108304240126 in_process_at:1.769525324e+09 input_file_id:file_2601271448413531851960954 object:spark output_file_id: request_counts:map[completed:0 failed:0 total:50] sid:bat000dee56@dx19bfe368f630000572 status:in_progress]
[INFO] 2026/01/27 14:49:10 logger.go:71: 查询批量任务结果：&{ID: Object: Endpoint: InputFileID:file_2601271448413531851960954 CompletionWindow: Status:in_progress OutputFileID: ErrorFileID:<nil> CreatedAt:0 InProgressAt:0 ExpiresAt:0 FinalizingAt:0 CompletedAt:0 FailedAt:0 CancelledAt:0 RequestCounts:{Total:0 Completed:0 Failed:0} Metadata:map[] BatchID:batch_2601271448444108304240126 TotalCount:50 CompletedCount:0 FailedCount:0}
[INFO] 2026/01/27 14:49:10 logger.go:71: 查询批量任务结果：map[cancelled_at:<nil> cancelling_at:<nil> completed_at:<nil> completion_window:24h created_at:1.769525324e+09 endpoint:/v1/chat/completions errors:<nil> expired_at:1.769611724e+09 expires_at:1.769611724e+09 failed_at:<nil> finalizing_at:<nil> id:batch_2601271448444893256340128 in_process_at:1.769525324e+09 input_file_id:file_2601271448415529392740109 object:spark output_file_id: request_counts:map[completed:8 failed:0 total:50] sid:bat000d9ce0@dx19bfe368fc50000572 status:in_progress]
[INFO] 2026/01/27 14:49:10 logger.go:71: 查询批量任务结果：&{ID: Object: Endpoint: InputFileID:file_2601271448415529392740109 CompletionWindow: Status:in_progress OutputFileID: ErrorFileID:<nil> CreatedAt:0 InProgressAt:0 ExpiresAt:0 FinalizingAt:0 CompletedAt:0 FailedAt:0 CancelledAt:0 RequestCounts:{Total:0 Completed:0 Failed:0} Metadata:map[] BatchID:batch_2601271448444893256340128 TotalCount:50 CompletedCount:8 FailedCount:0}
[INFO] 2026/01/27 14:49:10 logger.go:71: 查询批量任务结果：map[cancelled_at:<nil> cancelling_at:<nil> completed_at:<nil> completion_window:24h created_at:1.769525324e+09 endpoint:/v1/chat/completions errors:<nil> expired_at:1.769611724e+09 expires_at:1.769611724e+09 failed_at:<nil> finalizing_at:<nil> id:batch_2601271448445745598360961 in_process_at:1.769525324e+09 input_file_id:file_2601271448416469182040111 object:spark output_file_id: request_counts:map[completed:11 failed:0 total:50] sid:bat000d9ce1@dx19bfe3690290000572 status:in_progress]
[INFO] 2026/01/27 14:49:10 logger.go:71: 查询批量任务结果：&{ID: Object: Endpoint: InputFileID:file_2601271448416469182040111 CompletionWindow: Status:in_progress OutputFileID: ErrorFileID:<nil> CreatedAt:0 InProgressAt:0 ExpiresAt:0 FinalizingAt:0 CompletedAt:0 FailedAt:0 CancelledAt:0 RequestCounts:{Total:0 Completed:0 Failed:0} Metadata:map[] BatchID:batch_2601271448445745598360961 TotalCount:50 CompletedCount:11 FailedCount:0}
[INFO] 2026/01/27 14:49:12 logger.go:71: 查询批量任务结果：map[cancelled_at:<nil> cancelling_at:<nil> completed_at:<nil> completion_window:24h created_at:1.769525323e+09 endpoint:/v1/chat/completions errors:<nil> expired_at:1.769611723e+09 expires_at:1.769611723e+09 failed_at:<nil> finalizing_at:<nil> id:batch_2601271448437416549440118 in_process_at:1.769525324e+09 input_file_id:file_2601271448406476337640105 object:spark output_file_id: request_counts:map[completed:8 failed:1 total:50] sid:bat000dee57@dx19bfe3698ea0000572 status:in_progress]
[INFO] 2026/01/27 14:49:12 logger.go:71: 查询批量任务结果：&{ID: Object: Endpoint: InputFileID:file_2601271448406476337640105 CompletionWindow: Status:in_progress OutputFileID: ErrorFileID:<nil> CreatedAt:0 InProgressAt:0 ExpiresAt:0 FinalizingAt:0 CompletedAt:0 FailedAt:0 CancelledAt:0 RequestCounts:{Total:0 Completed:0 Failed:0} Metadata:map[] BatchID:batch_2601271448437416549440118 TotalCount:50 CompletedCount:8 FailedCount:1}
[INFO] 2026/01/27 14:49:12 logger.go:71: 查询批量任务结果：map[cancelled_at:<nil> cancelling_at:<nil> completed_at:<nil> completion_window:24h created_at:1.769525323e+09 endpoint:/v1/chat/completions errors:<nil> expired_at:1.769611723e+09 expires_at:1.769611723e+09 failed_at:<nil> finalizing_at:<nil> id:batch_2601271448438262610660955 in_process_at:1.769525323e+09 input_file_id:file_2601271448408128248960944 object:spark output_file_id: request_counts:map[completed:39 failed:0 total:50] sid:bat000dee58@dx19bfe36994d0000572 status:in_progress]
[INFO] 2026/01/27 14:49:12 logger.go:71: 查询批量任务结果：&{ID: Object: Endpoint: InputFileID:file_2601271448408128248960944 CompletionWindow: Status:in_progress OutputFileID: ErrorFileID:<nil> CreatedAt:0 InProgressAt:0 ExpiresAt:0 FinalizingAt:0 CompletedAt:0 FailedAt:0 CancelledAt:0 RequestCounts:{Total:0 Completed:0 Failed:0} Metadata:map[] BatchID:batch_2601271448438262610660955 TotalCount:50 CompletedCount:39 FailedCount:0}
[INFO] 2026/01/27 14:49:12 logger.go:71: 查询批量任务结果：map[cancelled_at:<nil> cancelling_at:<nil> completed_at:<nil> completion_window:24h created_at:1.769525323e+09 endpoint:/v1/chat/completions errors:<nil> expired_at:1.769611723e+09 expires_at:1.769611723e+09 failed_at:<nil> finalizing_at:<nil> id:batch_2601271448439134586160957 in_process_at:1.769525324e+09 input_file_id:file_2601271448408907407760946 object:spark output_file_id: request_counts:map[completed:8 failed:0 total:50] sid:bat000dee59@dx19bfe3699970000572 status:in_progress]
[INFO] 2026/01/27 14:49:12 logger.go:71: 查询批量任务结果：&{ID: Object: Endpoint: InputFileID:file_2601271448408907407760946 CompletionWindow: Status:in_progress OutputFileID: ErrorFileID:<nil> CreatedAt:0 InProgressAt:0 ExpiresAt:0 FinalizingAt:0 CompletedAt:0 FailedAt:0 CancelledAt:0 RequestCounts:{Total:0 Completed:0 Failed:0} Metadata:map[] BatchID:batch_2601271448439134586160957 TotalCount:50 CompletedCount:8 FailedCount:0}
[INFO] 2026/01/27 14:49:12 logger.go:71: 查询批量任务结果：map[cancelled_at:<nil> cancelling_at:<nil> completed_at:<nil> completion_window:24h created_at:1.769525324e+09 endpoint:/v1/chat/completions errors:<nil> expired_at:1.769611724e+09 expires_at:1.769611724e+09 failed_at:<nil> finalizing_at:<nil> id:batch_2601271448440034823460959 in_process_at:1.769525324e+09 input_file_id:file_2601271448409835690260948 object:spark output_file_id: request_counts:map[completed:4 failed:0 total:50] sid:bat000dee5a@dx19bfe3699e60000572 status:in_progress]
[INFO] 2026/01/27 14:49:12 logger.go:71: 查询批量任务结果：&{ID: Object: Endpoint: InputFileID:file_2601271448409835690260948 CompletionWindow: Status:in_progress OutputFileID: ErrorFileID:<nil> CreatedAt:0 InProgressAt:0 ExpiresAt:0 FinalizingAt:0 CompletedAt:0 FailedAt:0 CancelledAt:0 RequestCounts:{Total:0 Completed:0 Failed:0} Metadata:map[] BatchID:batch_2601271448440034823460959 TotalCount:50 CompletedCount:4 FailedCount:0}
[INFO] 2026/01/27 14:49:12 logger.go:71: 查询批量任务结果：map[cancelled_at:<nil> cancelling_at:<nil> completed_at:<nil> completion_window:24h created_at:1.769525324e+09 endpoint:/v1/chat/completions errors:<nil> expired_at:1.769611724e+09 expires_at:1.769611724e+09 failed_at:<nil> finalizing_at:<nil> id:batch_2601271448440822238840120 in_process_at:1.769525324e+09 input_file_id:file_2601271448411018673740107 object:spark output_file_id: request_counts:map[completed:9 failed:0 total:50] sid:bat000dee5b@dx19bfe369a300000572 status:in_progress]
[INFO] 2026/01/27 14:49:12 logger.go:71: 查询批量任务结果：&{ID: Object: Endpoint: InputFileID:file_2601271448411018673740107 CompletionWindow: Status:in_progress OutputFileID: ErrorFileID:<nil> CreatedAt:0 InProgressAt:0 ExpiresAt:0 FinalizingAt:0 CompletedAt:0 FailedAt:0 CancelledAt:0 RequestCounts:{Total:0 Completed:0 Failed:0} Metadata:map[] BatchID:batch_2601271448440822238840120 TotalCount:50 CompletedCount:9 FailedCount:0}
[INFO] 2026/01/27 14:49:12 logger.go:71: 查询批量任务结果：map[cancelled_at:<nil> cancelling_at:<nil> completed_at:<nil> completion_window:24h created_at:1.769525324e+09 endpoint:/v1/chat/completions errors:<nil> expired_at:1.769611724e+09 expires_at:1.769611724e+09 failed_at:<nil> finalizing_at:<nil> id:batch_2601271448441806721440122 in_process_at:1.769525324e+09 input_file_id:file_2601271448411938908660950 object:spark output_file_id: request_counts:map[completed:1 failed:0 total:50] sid:bat000dee5c@dx19bfe369a7d0000572 status:in_progress]
[INFO] 2026/01/27 14:49:12 logger.go:71: 查询批量任务结果：&{ID: Object: Endpoint: InputFileID:file_2601271448411938908660950 CompletionWindow: Status:in_progress OutputFileID: ErrorFileID:<nil> CreatedAt:0 InProgressAt:0 ExpiresAt:0 FinalizingAt:0 CompletedAt:0 FailedAt:0 CancelledAt:0 RequestCounts:{Total:0 Completed:0 Failed:0} Metadata:map[] BatchID:batch_2601271448441806721440122 TotalCount:50 CompletedCount:1 FailedCount:0}
[INFO] 2026/01/27 14:49:12 logger.go:71: 查询批量任务结果：map[cancelled_at:<nil> cancelling_at:<nil> completed_at:<nil> completion_window:24h created_at:1.769525324e+09 endpoint:/v1/chat/completions errors:<nil> expired_at:1.769611724e+09 expires_at:1.769611724e+09 failed_at:<nil> finalizing_at:<nil> id:batch_2601271448442762997440124 in_process_at:1.769525324e+09 input_file_id:file_2601271448412736929260952 object:spark output_file_id: request_counts:map[completed:8 failed:0 total:50] sid:bat000dee5d@dx19bfe369ac60000572 status:in_progress]
[INFO] 2026/01/27 14:49:12 logger.go:71: 查询批量任务结果：&{ID: Object: Endpoint: InputFileID:file_2601271448412736929260952 CompletionWindow: Status:in_progress OutputFileID: ErrorFileID:<nil> CreatedAt:0 InProgressAt:0 ExpiresAt:0 FinalizingAt:0 CompletedAt:0 FailedAt:0 CancelledAt:0 RequestCounts:{Total:0 Completed:0 Failed:0} Metadata:map[] BatchID:batch_2601271448442762997440124 TotalCount:50 CompletedCount:8 FailedCount:0}
[INFO] 2026/01/27 14:49:13 logger.go:71: 查询批量任务结果：map[cancelled_at:<nil> cancelling_at:<nil> completed_at:<nil> completion_window:24h created_at:1.769525324e+09 endpoint:/v1/chat/completions errors:<nil> expired_at:1.769611724e+09 expires_at:1.769611724e+09 failed_at:<nil> finalizing_at:<nil> id:batch_2601271448444108304240126 in_process_at:1.769525324e+09 input_file_id:file_2601271448413531851960954 object:spark output_file_id: request_counts:map[completed:0 failed:0 total:50] sid:bat000dee5e@dx19bfe369b190000572 status:in_progress]
[INFO] 2026/01/27 14:49:13 logger.go:71: 查询批量任务结果：&{ID: Object: Endpoint: InputFileID:file_2601271448413531851960954 CompletionWindow: Status:in_progress OutputFileID: ErrorFileID:<nil> CreatedAt:0 InProgressAt:0 ExpiresAt:0 FinalizingAt:0 CompletedAt:0 FailedAt:0 CancelledAt:0 RequestCounts:{Total:0 Completed:0 Failed:0} Metadata:map[] BatchID:batch_2601271448444108304240126 TotalCount:50 CompletedCount:0 FailedCount:0}
[INFO] 2026/01/27 14:49:13 logger.go:71: 查询批量任务结果：map[cancelled_at:<nil> cancelling_at:<nil> completed_at:<nil> completion_window:24h created_at:1.769525324e+09 endpoint:/v1/chat/completions errors:<nil> expired_at:1.769611724e+09 expires_at:1.769611724e+09 failed_at:<nil> finalizing_at:<nil> id:batch_2601271448444893256340128 in_process_at:1.769525324e+09 input_file_id:file_2601271448415529392740109 object:spark output_file_id: request_counts:map[completed:9 failed:0 total:50] sid:bat000dee5f@dx19bfe369b5f0000572 status:in_progress]
[INFO] 2026/01/27 14:49:13 logger.go:71: 查询批量任务结果：&{ID: Object: Endpoint: InputFileID:file_2601271448415529392740109 CompletionWindow: Status:in_progress OutputFileID: ErrorFileID:<nil> CreatedAt:0 InProgressAt:0 ExpiresAt:0 FinalizingAt:0 CompletedAt:0 FailedAt:0 CancelledAt:0 RequestCounts:{Total:0 Completed:0 Failed:0} Metadata:map[] BatchID:batch_2601271448444893256340128 TotalCount:50 CompletedCount:9 FailedCount:0}
[INFO] 2026/01/27 14:49:13 logger.go:71: 查询批量任务结果：map[cancelled_at:<nil> cancelling_at:<nil> completed_at:<nil> completion_window:24h created_at:1.769525324e+09 endpoint:/v1/chat/completions errors:<nil> expired_at:1.769611724e+09 expires_at:1.769611724e+09 failed_at:<nil> finalizing_at:<nil> id:batch_2601271448445745598360961 in_process_at:1.769525324e+09 input_file_id:file_2601271448416469182040111 object:spark output_file_id: request_counts:map[completed:12 failed:0 total:50] sid:bat000d9ce4@dx19bfe369bb00000572 status:in_progress]
[INFO] 2026/01/27 14:49:13 logger.go:71: 查询批量任务结果：&{ID: Object: Endpoint: InputFileID:file_2601271448416469182040111 CompletionWindow: Status:in_progress OutputFileID: ErrorFileID:<nil> CreatedAt:0 InProgressAt:0 ExpiresAt:0 FinalizingAt:0 CompletedAt:0 FailedAt:0 CancelledAt:0 RequestCounts:{Total:0 Completed:0 Failed:0} Metadata:map[] BatchID:batch_2601271448445745598360961 TotalCount:50 CompletedCount:12 FailedCount:0}
[INFO] 2026/01/27 14:49:15 logger.go:71: 查询批量任务结果：map[cancelled_at:<nil> cancelling_at:<nil> completed_at:<nil> completion_window:24h created_at:1.769525323e+09 endpoint:/v1/chat/completions errors:<nil> expired_at:1.769611723e+09 expires_at:1.769611723e+09 failed_at:<nil> finalizing_at:<nil> id:batch_2601271448437416549440118 in_process_at:1.769525324e+09 input_file_id:file_2601271448406476337640105 object:spark output_file_id: request_counts:map[completed:8 failed:1 total:50] sid:bat000dee60@dx19bfe36a41a0000572 status:in_progress]
[INFO] 2026/01/27 14:49:15 logger.go:71: 查询批量任务结果：&{ID: Object: Endpoint: InputFileID:file_2601271448406476337640105 CompletionWindow: Status:in_progress OutputFileID: ErrorFileID:<nil> CreatedAt:0 InProgressAt:0 ExpiresAt:0 FinalizingAt:0 CompletedAt:0 FailedAt:0 CancelledAt:0 RequestCounts:{Total:0 Completed:0 Failed:0} Metadata:map[] BatchID:batch_2601271448437416549440118 TotalCount:50 CompletedCount:8 FailedCount:1}
[INFO] 2026/01/27 14:49:15 logger.go:71: 查询批量任务结果：map[cancelled_at:<nil> cancelling_at:<nil> completed_at:<nil> completion_window:24h created_at:1.769525323e+09 endpoint:/v1/chat/completions errors:<nil> expired_at:1.769611723e+09 expires_at:1.769611723e+09 failed_at:<nil> finalizing_at:<nil> id:batch_2601271448438262610660955 in_process_at:1.769525323e+09 input_file_id:file_2601271448408128248960944 object:spark output_file_id: request_counts:map[completed:39 failed:0 total:50] sid:bat000dee61@dx19bfe36a4670000572 status:in_progress]
[INFO] 2026/01/27 14:49:15 logger.go:71: 查询批量任务结果：&{ID: Object: Endpoint: InputFileID:file_2601271448408128248960944 CompletionWindow: Status:in_progress OutputFileID: ErrorFileID:<nil> CreatedAt:0 InProgressAt:0 ExpiresAt:0 FinalizingAt:0 CompletedAt:0 FailedAt:0 CancelledAt:0 RequestCounts:{Total:0 Completed:0 Failed:0} Metadata:map[] BatchID:batch_2601271448438262610660955 TotalCount:50 CompletedCount:39 FailedCount:0}
[INFO] 2026/01/27 14:49:15 logger.go:71: 查询批量任务结果：map[cancelled_at:<nil> cancelling_at:<nil> completed_at:<nil> completion_window:24h created_at:1.769525323e+09 endpoint:/v1/chat/completions errors:<nil> expired_at:1.769611723e+09 expires_at:1.769611723e+09 failed_at:<nil> finalizing_at:<nil> id:batch_2601271448439134586160957 in_process_at:1.769525324e+09 input_file_id:file_2601271448408907407760946 object:spark output_file_id: request_counts:map[completed:8 failed:0 total:50] sid:bat000dee62@dx19bfe36a4b60000572 status:in_progress]
[INFO] 2026/01/27 14:49:15 logger.go:71: 查询批量任务结果：&{ID: Object: Endpoint: InputFileID:file_2601271448408907407760946 CompletionWindow: Status:in_progress OutputFileID: ErrorFileID:<nil> CreatedAt:0 InProgressAt:0 ExpiresAt:0 FinalizingAt:0 CompletedAt:0 FailedAt:0 CancelledAt:0 RequestCounts:{Total:0 Completed:0 Failed:0} Metadata:map[] BatchID:batch_2601271448439134586160957 TotalCount:50 CompletedCount:8 FailedCount:0}
[INFO] 2026/01/27 14:49:15 logger.go:71: 查询批量任务结果：map[cancelled_at:<nil> cancelling_at:<nil> completed_at:<nil> completion_window:24h created_at:1.769525324e+09 endpoint:/v1/chat/completions errors:<nil> expired_at:1.769611724e+09 expires_at:1.769611724e+09 failed_at:<nil> finalizing_at:<nil> id:batch_2601271448440034823460959 in_process_at:1.769525324e+09 input_file_id:file_2601271448409835690260948 object:spark output_file_id: request_counts:map[completed:4 failed:0 total:50] sid:bat000dee63@dx19bfe36a4fe0000572 status:in_progress]
[INFO] 2026/01/27 14:49:15 logger.go:71: 查询批量任务结果：&{ID: Object: Endpoint: InputFileID:file_2601271448409835690260948 CompletionWindow: Status:in_progress OutputFileID: ErrorFileID:<nil> CreatedAt:0 InProgressAt:0 ExpiresAt:0 FinalizingAt:0 CompletedAt:0 FailedAt:0 CancelledAt:0 RequestCounts:{Total:0 Completed:0 Failed:0} Metadata:map[] BatchID:batch_2601271448440034823460959 TotalCount:50 CompletedCount:4 FailedCount:0}
[INFO] 2026/01/27 14:49:15 logger.go:71: 查询批量任务结果：map[cancelled_at:<nil> cancelling_at:<nil> completed_at:<nil> completion_window:24h created_at:1.769525324e+09 endpoint:/v1/chat/completions errors:<nil> expired_at:1.769611724e+09 expires_at:1.769611724e+09 failed_at:<nil> finalizing_at:<nil> id:batch_2601271448440822238840120 in_process_at:1.769525324e+09 input_file_id:file_2601271448411018673740107 object:spark output_file_id: request_counts:map[completed:10 failed:0 total:50] sid:bat000dee64@dx19bfe36a5460000572 status:in_progress]
[INFO] 2026/01/27 14:49:15 logger.go:71: 查询批量任务结果：&{ID: Object: Endpoint: InputFileID:file_2601271448411018673740107 CompletionWindow: Status:in_progress OutputFileID: ErrorFileID:<nil> CreatedAt:0 InProgressAt:0 ExpiresAt:0 FinalizingAt:0 CompletedAt:0 FailedAt:0 CancelledAt:0 RequestCounts:{Total:0 Completed:0 Failed:0} Metadata:map[] BatchID:batch_2601271448440822238840120 TotalCount:50 CompletedCount:10 FailedCount:0}
[INFO] 2026/01/27 14:49:15 logger.go:71: 查询批量任务结果：map[cancelled_at:<nil> cancelling_at:<nil> completed_at:<nil> completion_window:24h created_at:1.769525324e+09 endpoint:/v1/chat/completions errors:<nil> expired_at:1.769611724e+09 expires_at:1.769611724e+09 failed_at:<nil> finalizing_at:<nil> id:batch_2601271448441806721440122 in_process_at:1.769525324e+09 input_file_id:file_2601271448411938908660950 object:spark output_file_id: request_counts:map[completed:1 failed:0 total:50] sid:bat000d9ce5@dx19bfe36a5900000572 status:in_progress]
[INFO] 2026/01/27 14:49:15 logger.go:71: 查询批量任务结果：&{ID: Object: Endpoint: InputFileID:file_2601271448411938908660950 CompletionWindow: Status:in_progress OutputFileID: ErrorFileID:<nil> CreatedAt:0 InProgressAt:0 ExpiresAt:0 FinalizingAt:0 CompletedAt:0 FailedAt:0 CancelledAt:0 RequestCounts:{Total:0 Completed:0 Failed:0} Metadata:map[] BatchID:batch_2601271448441806721440122 TotalCount:50 CompletedCount:1 FailedCount:0}
[INFO] 2026/01/27 14:49:15 logger.go:71: 查询批量任务结果：map[cancelled_at:<nil> cancelling_at:<nil> completed_at:<nil> completion_window:24h created_at:1.769525324e+09 endpoint:/v1/chat/completions errors:<nil> expired_at:1.769611724e+09 expires_at:1.769611724e+09 failed_at:<nil> finalizing_at:<nil> id:batch_2601271448442762997440124 in_process_at:1.769525324e+09 input_file_id:file_2601271448412736929260952 object:spark output_file_id: request_counts:map[completed:9 failed:0 total:50] sid:bat000d9ce6@dx19bfe36a6480000572 status:in_progress]
[INFO] 2026/01/27 14:49:15 logger.go:71: 查询批量任务结果：&{ID: Object: Endpoint: InputFileID:file_2601271448412736929260952 CompletionWindow: Status:in_progress OutputFileID: ErrorFileID:<nil> CreatedAt:0 InProgressAt:0 ExpiresAt:0 FinalizingAt:0 CompletedAt:0 FailedAt:0 CancelledAt:0 RequestCounts:{Total:0 Completed:0 Failed:0} Metadata:map[] BatchID:batch_2601271448442762997440124 TotalCount:50 CompletedCount:9 FailedCount:0}
[INFO] 2026/01/27 14:49:15 logger.go:71: 查询批量任务结果：map[cancelled_at:<nil> cancelling_at:<nil> completed_at:<nil> completion_window:24h created_at:1.769525324e+09 endpoint:/v1/chat/completions errors:<nil> expired_at:1.769611724e+09 expires_at:1.769611724e+09 failed_at:<nil> finalizing_at:<nil> id:batch_2601271448444108304240126 in_process_at:1.769525324e+09 input_file_id:file_2601271448413531851960954 object:spark output_file_id: request_counts:map[completed:0 failed:0 total:50] sid:bat000dee65@dx19bfe36a6900000572 status:in_progress]
[INFO] 2026/01/27 14:49:15 logger.go:71: 查询批量任务结果：&{ID: Object: Endpoint: InputFileID:file_2601271448413531851960954 CompletionWindow: Status:in_progress OutputFileID: ErrorFileID:<nil> CreatedAt:0 InProgressAt:0 ExpiresAt:0 FinalizingAt:0 CompletedAt:0 FailedAt:0 CancelledAt:0 RequestCounts:{Total:0 Completed:0 Failed:0} Metadata:map[] BatchID:batch_2601271448444108304240126 TotalCount:50 CompletedCount:0 FailedCount:0}
[INFO] 2026/01/27 14:49:16 logger.go:71: 查询批量任务结果：map[cancelled_at:<nil> cancelling_at:<nil> completed_at:<nil> completion_window:24h created_at:1.769525324e+09 endpoint:/v1/chat/completions errors:<nil> expired_at:1.769611724e+09 expires_at:1.769611724e+09 failed_at:<nil> finalizing_at:<nil> id:batch_2601271448444893256340128 in_process_at:1.769525324e+09 input_file_id:file_2601271448415529392740109 object:spark output_file_id: request_counts:map[completed:9 failed:0 total:50] sid:bat000dee66@dx19bfe36a6d90000572 status:in_progress]
[INFO] 2026/01/27 14:49:16 logger.go:71: 查询批量任务结果：&{ID: Object: Endpoint: InputFileID:file_2601271448415529392740109 CompletionWindow: Status:in_progress OutputFileID: ErrorFileID:<nil> CreatedAt:0 InProgressAt:0 ExpiresAt:0 FinalizingAt:0 CompletedAt:0 FailedAt:0 CancelledAt:0 RequestCounts:{Total:0 Completed:0 Failed:0} Metadata:map[] BatchID:batch_2601271448444893256340128 TotalCount:50 CompletedCount:9 FailedCount:0}
[INFO] 2026/01/27 14:49:16 logger.go:71: 查询批量任务结果：map[cancelled_at:<nil> cancelling_at:<nil> completed_at:<nil> completion_window:24h created_at:1.769525324e+09 endpoint:/v1/chat/completions errors:<nil> expired_at:1.769611724e+09 expires_at:1.769611724e+09 failed_at:<nil> finalizing_at:<nil> id:batch_2601271448445745598360961 in_process_at:1.769525324e+09 input_file_id:file_2601271448416469182040111 object:spark output_file_id: request_counts:map[completed:12 failed:0 total:50] sid:bat000dee67@dx19bfe36a7250000572 status:in_progress]
[INFO] 2026/01/27 14:49:16 logger.go:71: 查询批量任务结果：&{ID: Object: Endpoint: InputFileID:file_2601271448416469182040111 CompletionWindow: Status:in_progress OutputFileID: ErrorFileID:<nil> CreatedAt:0 InProgressAt:0 ExpiresAt:0 FinalizingAt:0 CompletedAt:0 FailedAt:0 CancelledAt:0 RequestCounts:{Total:0 Completed:0 Failed:0} Metadata:map[] BatchID:batch_2601271448445745598360961 TotalCount:50 CompletedCount:12 FailedCount:0}
[INFO] 2026/01/27 14:49:18 logger.go:71: 查询批量任务结果：map[cancelled_at:<nil> cancelling_at:<nil> completed_at:<nil> completion_window:24h created_at:1.769525323e+09 endpoint:/v1/chat/completions errors:<nil> expired_at:1.769611723e+09 expires_at:1.769611723e+09 failed_at:<nil> finalizing_at:<nil> id:batch_2601271448437416549440118 in_process_at:1.769525324e+09 input_file_id:file_2601271448406476337640105 object:spark output_file_id: request_counts:map[completed:8 failed:1 total:50] sid:bat000dee68@dx19bfe36af560000572 status:in_progress]
[INFO] 2026/01/27 14:49:18 logger.go:71: 查询批量任务结果：&{ID: Object: Endpoint: InputFileID:file_2601271448406476337640105 CompletionWindow: Status:in_progress OutputFileID: ErrorFileID:<nil> CreatedAt:0 InProgressAt:0 ExpiresAt:0 FinalizingAt:0 CompletedAt:0 FailedAt:0 CancelledAt:0 RequestCounts:{Total:0 Completed:0 Failed:0} Metadata:map[] BatchID:batch_2601271448437416549440118 TotalCount:50 CompletedCount:8 FailedCount:1}
[INFO] 2026/01/27 14:49:18 logger.go:71: 查询批量任务结果：map[cancelled_at:<nil> cancelling_at:<nil> completed_at:<nil> completion_window:24h created_at:1.769525323e+09 endpoint:/v1/chat/completions errors:<nil> expired_at:1.769611723e+09 expires_at:1.769611723e+09 failed_at:<nil> finalizing_at:<nil> id:batch_2601271448438262610660955 in_process_at:1.769525323e+09 input_file_id:file_2601271448408128248960944 object:spark output_file_id: request_counts:map[completed:39 failed:0 total:50] sid:bat000d9ce7@dx19bfe36afa30000572 status:in_progress]
[INFO] 2026/01/27 14:49:18 logger.go:71: 查询批量任务结果：&{ID: Object: Endpoint: InputFileID:file_2601271448408128248960944 CompletionWindow: Status:in_progress OutputFileID: ErrorFileID:<nil> CreatedAt:0 InProgressAt:0 ExpiresAt:0 FinalizingAt:0 CompletedAt:0 FailedAt:0 CancelledAt:0 RequestCounts:{Total:0 Completed:0 Failed:0} Metadata:map[] BatchID:batch_2601271448438262610660955 TotalCount:50 CompletedCount:39 FailedCount:0}
[INFO] 2026/01/27 14:49:18 logger.go:71: 查询批量任务结果：map[cancelled_at:<nil> cancelling_at:<nil> completed_at:<nil> completion_window:24h created_at:1.769525323e+09 endpoint:/v1/chat/completions errors:<nil> expired_at:1.769611723e+09 expires_at:1.769611723e+09 failed_at:<nil> finalizing_at:<nil> id:batch_2601271448439134586160957 in_process_at:1.769525324e+09 input_file_id:file_2601271448408907407760946 object:spark output_file_id: request_counts:map[completed:9 failed:0 total:50] sid:bat000dee69@dx19bfe36afef0000572 status:in_progress]
[INFO] 2026/01/27 14:49:18 logger.go:71: 查询批量任务结果：&{ID: Object: Endpoint: InputFileID:file_2601271448408907407760946 CompletionWindow: Status:in_progress OutputFileID: ErrorFileID:<nil> CreatedAt:0 InProgressAt:0 ExpiresAt:0 FinalizingAt:0 CompletedAt:0 FailedAt:0 CancelledAt:0 RequestCounts:{Total:0 Completed:0 Failed:0} Metadata:map[] BatchID:batch_2601271448439134586160957 TotalCount:50 CompletedCount:9 FailedCount:0}
[INFO] 2026/01/27 14:49:18 logger.go:71: 查询批量任务结果：map[cancelled_at:<nil> cancelling_at:<nil> completed_at:<nil> completion_window:24h created_at:1.769525324e+09 endpoint:/v1/chat/completions errors:<nil> expired_at:1.769611724e+09 expires_at:1.769611724e+09 failed_at:<nil> finalizing_at:<nil> id:batch_2601271448440034823460959 in_process_at:1.769525324e+09 input_file_id:file_2601271448409835690260948 object:spark output_file_id: request_counts:map[completed:4 failed:0 total:50] sid:bat000dee6a@dx19bfe36b0390000572 status:in_progress]
[INFO] 2026/01/27 14:49:18 logger.go:71: 查询批量任务结果：&{ID: Object: Endpoint: InputFileID:file_2601271448409835690260948 CompletionWindow: Status:in_progress OutputFileID: ErrorFileID:<nil> CreatedAt:0 InProgressAt:0 ExpiresAt:0 FinalizingAt:0 CompletedAt:0 FailedAt:0 CancelledAt:0 RequestCounts:{Total:0 Completed:0 Failed:0} Metadata:map[] BatchID:batch_2601271448440034823460959 TotalCount:50 CompletedCount:4 FailedCount:0}
[INFO] 2026/01/27 14:49:18 logger.go:71: 查询批量任务结果：map[cancelled_at:<nil> cancelling_at:<nil> completed_at:<nil> completion_window:24h created_at:1.769525324e+09 endpoint:/v1/chat/completions errors:<nil> expired_at:1.769611724e+09 expires_at:1.769611724e+09 failed_at:<nil> finalizing_at:<nil> id:batch_2601271448440822238840120 in_process_at:1.769525324e+09 input_file_id:file_2601271448411018673740107 object:spark output_file_id: request_counts:map[completed:11 failed:0 total:50] sid:bat000dee6b@dx19bfe36b0810000572 status:in_progress]
[INFO] 2026/01/27 14:49:18 logger.go:71: 查询批量任务结果：&{ID: Object: Endpoint: InputFileID:file_2601271448411018673740107 CompletionWindow: Status:in_progress OutputFileID: ErrorFileID:<nil> CreatedAt:0 InProgressAt:0 ExpiresAt:0 FinalizingAt:0 CompletedAt:0 FailedAt:0 CancelledAt:0 RequestCounts:{Total:0 Completed:0 Failed:0} Metadata:map[] BatchID:batch_2601271448440822238840120 TotalCount:50 CompletedCount:11 FailedCount:0}
[INFO] 2026/01/27 14:49:18 logger.go:71: 查询批量任务结果：map[cancelled_at:<nil> cancelling_at:<nil> completed_at:<nil> completion_window:24h created_at:1.769525324e+09 endpoint:/v1/chat/completions errors:<nil> expired_at:1.769611724e+09 expires_at:1.769611724e+09 failed_at:<nil> finalizing_at:<nil> id:batch_2601271448441806721440122 in_process_at:1.769525324e+09 input_file_id:file_2601271448411938908660950 object:spark output_file_id: request_counts:map[completed:1 failed:0 total:50] sid:bat000d9ce8@dx19bfe36b0c70000572 status:in_progress]
[INFO] 2026/01/27 14:49:18 logger.go:71: 查询批量任务结果：&{ID: Object: Endpoint: InputFileID:file_2601271448411938908660950 CompletionWindow: Status:in_progress OutputFileID: ErrorFileID:<nil> CreatedAt:0 InProgressAt:0 ExpiresAt:0 FinalizingAt:0 CompletedAt:0 FailedAt:0 CancelledAt:0 RequestCounts:{Total:0 Completed:0 Failed:0} Metadata:map[] BatchID:batch_2601271448441806721440122 TotalCount:50 CompletedCount:1 FailedCount:0}
[INFO] 2026/01/27 14:49:18 logger.go:71: 查询批量任务结果：map[cancelled_at:<nil> cancelling_at:<nil> completed_at:<nil> completion_window:24h created_at:1.769525324e+09 endpoint:/v1/chat/completions errors:<nil> expired_at:1.769611724e+09 expires_at:1.769611724e+09 failed_at:<nil> finalizing_at:<nil> id:batch_2601271448442762997440124 in_process_at:1.769525324e+09 input_file_id:file_2601271448412736929260952 object:spark output_file_id: request_counts:map[completed:10 failed:0 total:50] sid:bat000d9ce9@dx19bfe36b11b0000572 status:in_progress]
[INFO] 2026/01/27 14:49:18 logger.go:71: 查询批量任务结果：&{ID: Object: Endpoint: InputFileID:file_2601271448412736929260952 CompletionWindow: Status:in_progress OutputFileID: ErrorFileID:<nil> CreatedAt:0 InProgressAt:0 ExpiresAt:0 FinalizingAt:0 CompletedAt:0 FailedAt:0 CancelledAt:0 RequestCounts:{Total:0 Completed:0 Failed:0} Metadata:map[] BatchID:batch_2601271448442762997440124 TotalCount:50 CompletedCount:10 FailedCount:0}
[INFO] 2026/01/27 14:49:18 logger.go:71: 查询批量任务结果：map[cancelled_at:<nil> cancelling_at:<nil> completed_at:<nil> completion_window:24h created_at:1.769525324e+09 endpoint:/v1/chat/completions errors:<nil> expired_at:1.769611724e+09 expires_at:1.769611724e+09 failed_at:<nil> finalizing_at:<nil> id:batch_2601271448444108304240126 in_process_at:1.769525324e+09 input_file_id:file_2601271448413531851960954 object:spark output_file_id: request_counts:map[completed:0 failed:0 total:50] sid:bat000d9cea@dx19bfe36b1a40000572 status:in_progress]
[INFO] 2026/01/27 14:49:18 logger.go:71: 查询批量任务结果：&{ID: Object: Endpoint: InputFileID:file_2601271448413531851960954 CompletionWindow: Status:in_progress OutputFileID: ErrorFileID:<nil> CreatedAt:0 InProgressAt:0 ExpiresAt:0 FinalizingAt:0 CompletedAt:0 FailedAt:0 CancelledAt:0 RequestCounts:{Total:0 Completed:0 Failed:0} Metadata:map[] BatchID:batch_2601271448444108304240126 TotalCount:50 CompletedCount:0 FailedCount:0}
[INFO] 2026/01/27 14:49:18 logger.go:71: 查询批量任务结果：map[cancelled_at:<nil> cancelling_at:<nil> completed_at:<nil> completion_window:24h created_at:1.769525324e+09 endpoint:/v1/chat/completions errors:<nil> expired_at:1.769611724e+09 expires_at:1.769611724e+09 failed_at:<nil> finalizing_at:<nil> id:batch_2601271448444893256340128 in_process_at:1.769525324e+09 input_file_id:file_2601271448415529392740109 object:spark output_file_id: request_counts:map[completed:10 failed:0 total:50] sid:bat000dee6c@dx19bfe36b1fd0000572 status:in_progress]
[INFO] 2026/01/27 14:49:18 logger.go:71: 查询批量任务结果：&{ID: Object: Endpoint: InputFileID:file_2601271448415529392740109 CompletionWindow: Status:in_progress OutputFileID: ErrorFileID:<nil> CreatedAt:0 InProgressAt:0 ExpiresAt:0 FinalizingAt:0 CompletedAt:0 FailedAt:0 CancelledAt:0 RequestCounts:{Total:0 Completed:0 Failed:0} Metadata:map[] BatchID:batch_2601271448444893256340128 TotalCount:50 CompletedCount:10 FailedCount:0}
[INFO] 2026/01/27 14:49:19 logger.go:71: 查询批量任务结果：map[cancelled_at:<nil> cancelling_at:<nil> completed_at:<nil> completion_window:24h created_at:1.769525324e+09 endpoint:/v1/chat/completions errors:<nil> expired_at:1.769611724e+09 expires_at:1.769611724e+09 failed_at:<nil> finalizing_at:<nil> id:batch_2601271448445745598360961 in_process_at:1.769525324e+09 input_file_id:file_2601271448416469182040111 object:spark output_file_id: request_counts:map[completed:12 failed:0 total:50] sid:bat000dee6d@dx19bfe36b2630000572 status:in_progress]
[INFO] 2026/01/27 14:49:19 logger.go:71: 查询批量任务结果：&{ID: Object: Endpoint: InputFileID:file_2601271448416469182040111 CompletionWindow: Status:in_progress OutputFileID: ErrorFileID:<nil> CreatedAt:0 InProgressAt:0 ExpiresAt:0 FinalizingAt:0 CompletedAt:0 FailedAt:0 CancelledAt:0 RequestCounts:{Total:0 Completed:0 Failed:0} Metadata:map[] BatchID:batch_2601271448445745598360961 TotalCount:50 CompletedCount:12 FailedCount:0}
[INFO] 2026/01/27 14:49:21 logger.go:71: 查询批量任务结果：map[cancelled_at:<nil> cancelling_at:<nil> completed_at:<nil> completion_window:24h created_at:1.769525323e+09 endpoint:/v1/chat/completions errors:<nil> expired_at:1.769611723e+09 expires_at:1.769611723e+09 failed_at:<nil> finalizing_at:<nil> id:batch_2601271448437416549440118 in_process_at:1.769525324e+09 input_file_id:file_2601271448406476337640105 object:spark output_file_id: request_counts:map[completed:10 failed:1 total:50] sid:bat000dee6e@dx19bfe36bab00000572 status:in_progress]
[INFO] 2026/01/27 14:49:21 logger.go:71: 查询批量任务结果：&{ID: Object: Endpoint: InputFileID:file_2601271448406476337640105 CompletionWindow: Status:in_progress OutputFileID: ErrorFileID:<nil> CreatedAt:0 InProgressAt:0 ExpiresAt:0 FinalizingAt:0 CompletedAt:0 FailedAt:0 CancelledAt:0 RequestCounts:{Total:0 Completed:0 Failed:0} Metadata:map[] BatchID:batch_2601271448437416549440118 TotalCount:50 CompletedCount:10 FailedCount:1}
[INFO] 2026/01/27 14:49:21 logger.go:71: 查询批量任务结果：map[cancelled_at:<nil> cancelling_at:<nil> completed_at:<nil> completion_window:24h created_at:1.769525323e+09 endpoint:/v1/chat/completions errors:<nil> expired_at:1.769611723e+09 expires_at:1.769611723e+09 failed_at:<nil> finalizing_at:<nil> id:batch_2601271448438262610660955 in_process_at:1.769525323e+09 input_file_id:file_2601271448408128248960944 object:spark output_file_id: request_counts:map[completed:41 failed:0 total:50] sid:bat000dee6f@dx19bfe36bafa0000572 status:in_progress]
[INFO] 2026/01/27 14:49:21 logger.go:71: 查询批量任务结果：&{ID: Object: Endpoint: InputFileID:file_2601271448408128248960944 CompletionWindow: Status:in_progress OutputFileID: ErrorFileID:<nil> CreatedAt:0 InProgressAt:0 ExpiresAt:0 FinalizingAt:0 CompletedAt:0 FailedAt:0 CancelledAt:0 RequestCounts:{Total:0 Completed:0 Failed:0} Metadata:map[] BatchID:batch_2601271448438262610660955 TotalCount:50 CompletedCount:41 FailedCount:0}
[INFO] 2026/01/27 14:49:21 logger.go:71: 查询批量任务结果：map[cancelled_at:<nil> cancelling_at:<nil> completed_at:<nil> completion_window:24h created_at:1.769525323e+09 endpoint:/v1/chat/completions errors:<nil> expired_at:1.769611723e+09 expires_at:1.769611723e+09 failed_at:<nil> finalizing_at:<nil> id:batch_2601271448439134586160957 in_process_at:1.769525324e+09 input_file_id:file_2601271448408907407760946 object:spark output_file_id: request_counts:map[completed:11 failed:0 total:50] sid:bat000d9ceb@dx19bfe36bb400000572 status:in_progress]
[INFO] 2026/01/27 14:49:21 logger.go:71: 查询批量任务结果：&{ID: Object: Endpoint: InputFileID:file_2601271448408907407760946 CompletionWindow: Status:in_progress OutputFileID: ErrorFileID:<nil> CreatedAt:0 InProgressAt:0 ExpiresAt:0 FinalizingAt:0 CompletedAt:0 FailedAt:0 CancelledAt:0 RequestCounts:{Total:0 Completed:0 Failed:0} Metadata:map[] BatchID:batch_2601271448439134586160957 TotalCount:50 CompletedCount:11 FailedCount:0}
[INFO] 2026/01/27 14:49:21 logger.go:71: 查询批量任务结果：map[cancelled_at:<nil> cancelling_at:<nil> completed_at:<nil> completion_window:24h created_at:1.769525324e+09 endpoint:/v1/chat/completions errors:<nil> expired_at:1.769611724e+09 expires_at:1.769611724e+09 failed_at:<nil> finalizing_at:<nil> id:batch_2601271448440034823460959 in_process_at:1.769525324e+09 input_file_id:file_2601271448409835690260948 object:spark output_file_id: request_counts:map[completed:4 failed:0 total:50] sid:bat000d9cec@dx19bfe36bb850000572 status:in_progress]
[INFO] 2026/01/27 14:49:21 logger.go:71: 查询批量任务结果：&{ID: Object: Endpoint: InputFileID:file_2601271448409835690260948 CompletionWindow: Status:in_progress OutputFileID: ErrorFileID:<nil> CreatedAt:0 InProgressAt:0 ExpiresAt:0 FinalizingAt:0 CompletedAt:0 FailedAt:0 CancelledAt:0 RequestCounts:{Total:0 Completed:0 Failed:0} Metadata:map[] BatchID:batch_2601271448440034823460959 TotalCount:50 CompletedCount:4 FailedCount:0}
[INFO] 2026/01/27 14:49:21 logger.go:71: 查询批量任务结果：map[cancelled_at:<nil> cancelling_at:<nil> completed_at:<nil> completion_window:24h created_at:1.769525324e+09 endpoint:/v1/chat/completions errors:<nil> expired_at:1.769611724e+09 expires_at:1.769611724e+09 failed_at:<nil> finalizing_at:<nil> id:batch_2601271448440822238840120 in_process_at:1.769525324e+09 input_file_id:file_2601271448411018673740107 object:spark output_file_id: request_counts:map[completed:12 failed:0 total:50] sid:bat000d9ced@dx19bfe36bbca0000572 status:in_progress]
[INFO] 2026/01/27 14:49:21 logger.go:71: 查询批量任务结果：&{ID: Object: Endpoint: InputFileID:file_2601271448411018673740107 CompletionWindow: Status:in_progress OutputFileID: ErrorFileID:<nil> CreatedAt:0 InProgressAt:0 ExpiresAt:0 FinalizingAt:0 CompletedAt:0 FailedAt:0 CancelledAt:0 RequestCounts:{Total:0 Completed:0 Failed:0} Metadata:map[] BatchID:batch_2601271448440822238840120 TotalCount:50 CompletedCount:12 FailedCount:0}
[INFO] 2026/01/27 14:49:21 logger.go:71: 查询批量任务结果：map[cancelled_at:<nil> cancelling_at:<nil> completed_at:<nil> completion_window:24h created_at:1.769525324e+09 endpoint:/v1/chat/completions errors:<nil> expired_at:1.769611724e+09 expires_at:1.769611724e+09 failed_at:<nil> finalizing_at:<nil> id:batch_2601271448441806721440122 in_process_at:1.769525324e+09 input_file_id:file_2601271448411938908660950 object:spark output_file_id: request_counts:map[completed:1 failed:0 total:50] sid:bat000d9cee@dx19bfe36bc0f0000572 status:in_progress]
[INFO] 2026/01/27 14:49:21 logger.go:71: 查询批量任务结果：&{ID: Object: Endpoint: InputFileID:file_2601271448411938908660950 CompletionWindow: Status:in_progress OutputFileID: ErrorFileID:<nil> CreatedAt:0 InProgressAt:0 ExpiresAt:0 FinalizingAt:0 CompletedAt:0 FailedAt:0 CancelledAt:0 RequestCounts:{Total:0 Completed:0 Failed:0} Metadata:map[] BatchID:batch_2601271448441806721440122 TotalCount:50 CompletedCount:1 FailedCount:0}
[INFO] 2026/01/27 14:49:21 logger.go:71: 查询批量任务结果：map[cancelled_at:<nil> cancelling_at:<nil> completed_at:<nil> completion_window:24h created_at:1.769525324e+09 endpoint:/v1/chat/completions errors:<nil> expired_at:1.769611724e+09 expires_at:1.769611724e+09 failed_at:<nil> finalizing_at:<nil> id:batch_2601271448442762997440124 in_process_at:1.769525324e+09 input_file_id:file_2601271448412736929260952 object:spark output_file_id: request_counts:map[completed:11 failed:0 total:50] sid:bat000d9cef@dx19bfe36bc580000572 status:in_progress]
[INFO] 2026/01/27 14:49:21 logger.go:71: 查询批量任务结果：&{ID: Object: Endpoint: InputFileID:file_2601271448412736929260952 CompletionWindow: Status:in_progress OutputFileID: ErrorFileID:<nil> CreatedAt:0 InProgressAt:0 ExpiresAt:0 FinalizingAt:0 CompletedAt:0 FailedAt:0 CancelledAt:0 RequestCounts:{Total:0 Completed:0 Failed:0} Metadata:map[] BatchID:batch_2601271448442762997440124 TotalCount:50 CompletedCount:11 FailedCount:0}
[INFO] 2026/01/27 14:49:21 logger.go:71: 查询批量任务结果：map[cancelled_at:<nil> cancelling_at:<nil> completed_at:<nil> completion_window:24h created_at:1.769525324e+09 endpoint:/v1/chat/completions errors:<nil> expired_at:1.769611724e+09 expires_at:1.769611724e+09 failed_at:<nil> finalizing_at:<nil> id:batch_2601271448444108304240126 in_process_at:1.769525324e+09 input_file_id:file_2601271448413531851960954 object:spark output_file_id: request_counts:map[completed:0 failed:0 total:50] sid:bat000d9cf0@dx19bfe36bc9c0000572 status:in_progress]
[INFO] 2026/01/27 14:49:21 logger.go:71: 查询批量任务结果：&{ID: Object: Endpoint: InputFileID:file_2601271448413531851960954 CompletionWindow: Status:in_progress OutputFileID: ErrorFileID:<nil> CreatedAt:0 InProgressAt:0 ExpiresAt:0 FinalizingAt:0 CompletedAt:0 FailedAt:0 CancelledAt:0 RequestCounts:{Total:0 Completed:0 Failed:0} Metadata:map[] BatchID:batch_2601271448444108304240126 TotalCount:50 CompletedCount:0 FailedCount:0}
[INFO] 2026/01/27 14:49:21 logger.go:71: 查询批量任务结果：map[cancelled_at:<nil> cancelling_at:<nil> completed_at:<nil> completion_window:24h created_at:1.769525324e+09 endpoint:/v1/chat/completions errors:<nil> expired_at:1.769611724e+09 expires_at:1.769611724e+09 failed_at:<nil> finalizing_at:<nil> id:batch_2601271448444893256340128 in_process_at:1.769525324e+09 input_file_id:file_2601271448415529392740109 object:spark output_file_id: request_counts:map[completed:12 failed:0 total:50] sid:bat000dee70@dx19bfe36bce20000572 status:in_progress]
[INFO] 2026/01/27 14:49:21 logger.go:71: 查询批量任务结果：&{ID: Object: Endpoint: InputFileID:file_2601271448415529392740109 CompletionWindow: Status:in_progress OutputFileID: ErrorFileID:<nil> CreatedAt:0 InProgressAt:0 ExpiresAt:0 FinalizingAt:0 CompletedAt:0 FailedAt:0 CancelledAt:0 RequestCounts:{Total:0 Completed:0 Failed:0} Metadata:map[] BatchID:batch_2601271448444893256340128 TotalCount:50 CompletedCount:12 FailedCount:0}
[INFO] 2026/01/27 14:49:21 logger.go:71: 查询批量任务结果：map[cancelled_at:<nil> cancelling_at:<nil> completed_at:<nil> completion_window:24h created_at:1.769525324e+09 endpoint:/v1/chat/completions errors:<nil> expired_at:1.769611724e+09 expires_at:1.769611724e+09 failed_at:<nil> finalizing_at:<nil> id:batch_2601271448445745598360961 in_process_at:1.769525324e+09 input_file_id:file_2601271448416469182040111 object:spark output_file_id: request_counts:map[completed:15 failed:0 total:50] sid:bat000d9cf1@dx19bfe36bd290000572 status:in_progress]
[INFO] 2026/01/27 14:49:21 logger.go:71: 查询批量任务结果：&{ID: Object: Endpoint: InputFileID:file_2601271448416469182040111 CompletionWindow: Status:in_progress OutputFileID: ErrorFileID:<nil> CreatedAt:0 InProgressAt:0 ExpiresAt:0 FinalizingAt:0 CompletedAt:0 FailedAt:0 CancelledAt:0 RequestCounts:{Total:0 Completed:0 Failed:0} Metadata:map[] BatchID:batch_2601271448445745598360961 TotalCount:50 CompletedCount:15 FailedCount:0}
[INFO] 2026/01/27 14:49:23 logger.go:71: 查询批量任务结果：map[cancelled_at:<nil> cancelling_at:<nil> completed_at:<nil> completion_window:24h created_at:1.769525323e+09 endpoint:/v1/chat/completions errors:<nil> expired_at:1.769611723e+09 expires_at:1.769611723e+09 failed_at:<nil> finalizing_at:<nil> id:batch_2601271448437416549440118 in_process_at:1.769525324e+09 input_file_id:file_2601271448406476337640105 object:spark output_file_id: request_counts:map[completed:12 failed:1 total:50] sid:bat000d9cf2@dx19bfe36c55e0000572 status:in_progress]
[INFO] 2026/01/27 14:49:23 logger.go:71: 查询批量任务结果：&{ID: Object: Endpoint: InputFileID:file_2601271448406476337640105 CompletionWindow: Status:in_progress OutputFileID: ErrorFileID:<nil> CreatedAt:0 InProgressAt:0 ExpiresAt:0 FinalizingAt:0 CompletedAt:0 FailedAt:0 CancelledAt:0 RequestCounts:{Total:0 Completed:0 Failed:0} Metadata:map[] BatchID:batch_2601271448437416549440118 TotalCount:50 CompletedCount:12 FailedCount:1}
[INFO] 2026/01/27 14:49:23 logger.go:71: 查询批量任务结果：map[cancelled_at:<nil> cancelling_at:<nil> completed_at:<nil> completion_window:24h created_at:1.769525323e+09 endpoint:/v1/chat/completions errors:<nil> expired_at:1.769611723e+09 expires_at:1.769611723e+09 failed_at:<nil> finalizing_at:<nil> id:batch_2601271448438262610660955 in_process_at:1.769525323e+09 input_file_id:file_2601271448408128248960944 object:spark output_file_id: request_counts:map[completed:44 failed:0 total:50] sid:bat000d9cf3@dx19bfe36c5a80000572 status:in_progress]
[INFO] 2026/01/27 14:49:23 logger.go:71: 查询批量任务结果：&{ID: Object: Endpoint: InputFileID:file_2601271448408128248960944 CompletionWindow: Status:in_progress OutputFileID: ErrorFileID:<nil> CreatedAt:0 InProgressAt:0 ExpiresAt:0 FinalizingAt:0 CompletedAt:0 FailedAt:0 CancelledAt:0 RequestCounts:{Total:0 Completed:0 Failed:0} Metadata:map[] BatchID:batch_2601271448438262610660955 TotalCount:50 CompletedCount:44 FailedCount:0}
[INFO] 2026/01/27 14:49:24 logger.go:71: 查询批量任务结果：map[cancelled_at:<nil> cancelling_at:<nil> completed_at:<nil> completion_window:24h created_at:1.769525323e+09 endpoint:/v1/chat/completions errors:<nil> expired_at:1.769611723e+09 expires_at:1.769611723e+09 failed_at:<nil> finalizing_at:<nil> id:batch_2601271448439134586160957 in_process_at:1.769525324e+09 input_file_id:file_2601271448408907407760946 object:spark output_file_id: request_counts:map[completed:12 failed:0 total:50] sid:bat000dee71@dx19bfe36c5f40000572 status:in_progress]
[INFO] 2026/01/27 14:49:24 logger.go:71: 查询批量任务结果：&{ID: Object: Endpoint: InputFileID:file_2601271448408907407760946 CompletionWindow: Status:in_progress OutputFileID: ErrorFileID:<nil> CreatedAt:0 InProgressAt:0 ExpiresAt:0 FinalizingAt:0 CompletedAt:0 FailedAt:0 CancelledAt:0 RequestCounts:{Total:0 Completed:0 Failed:0} Metadata:map[] BatchID:batch_2601271448439134586160957 TotalCount:50 CompletedCount:12 FailedCount:0}
[INFO] 2026/01/27 14:49:24 logger.go:71: 查询批量任务结果：map[cancelled_at:<nil> cancelling_at:<nil> completed_at:<nil> completion_window:24h created_at:1.769525324e+09 endpoint:/v1/chat/completions errors:<nil> expired_at:1.769611724e+09 expires_at:1.769611724e+09 failed_at:<nil> finalizing_at:<nil> id:batch_2601271448440034823460959 in_process_at:1.769525324e+09 input_file_id:file_2601271448409835690260948 object:spark output_file_id: request_counts:map[completed:5 failed:0 total:50] sid:bat000dee72@dx19bfe36c63a0000572 status:in_progress]
[INFO] 2026/01/27 14:49:24 logger.go:71: 查询批量任务结果：&{ID: Object: Endpoint: InputFileID:file_2601271448409835690260948 CompletionWindow: Status:in_progress OutputFileID: ErrorFileID:<nil> CreatedAt:0 InProgressAt:0 ExpiresAt:0 FinalizingAt:0 CompletedAt:0 FailedAt:0 CancelledAt:0 RequestCounts:{Total:0 Completed:0 Failed:0} Metadata:map[] BatchID:batch_2601271448440034823460959 TotalCount:50 CompletedCount:5 FailedCount:0}
[INFO] 2026/01/27 14:49:24 logger.go:71: 查询批量任务结果：map[cancelled_at:<nil> cancelling_at:<nil> completed_at:<nil> completion_window:24h created_at:1.769525324e+09 endpoint:/v1/chat/completions errors:<nil> expired_at:1.769611724e+09 expires_at:1.769611724e+09 failed_at:<nil> finalizing_at:<nil> id:batch_2601271448440822238840120 in_process_at:1.769525324e+09 input_file_id:file_2601271448411018673740107 object:spark output_file_id: request_counts:map[completed:12 failed:0 total:50] sid:bat000d9cf4@dx19bfe36c67e0000572 status:in_progress]
[INFO] 2026/01/27 14:49:24 logger.go:71: 查询批量任务结果：&{ID: Object: Endpoint: InputFileID:file_2601271448411018673740107 CompletionWindow: Status:in_progress OutputFileID: ErrorFileID:<nil> CreatedAt:0 InProgressAt:0 ExpiresAt:0 FinalizingAt:0 CompletedAt:0 FailedAt:0 CancelledAt:0 RequestCounts:{Total:0 Completed:0 Failed:0} Metadata:map[] BatchID:batch_2601271448440822238840120 TotalCount:50 CompletedCount:12 FailedCount:0}
[INFO] 2026/01/27 14:49:24 logger.go:71: 查询批量任务结果：map[cancelled_at:<nil> cancelling_at:<nil> completed_at:<nil> completion_window:24h created_at:1.769525324e+09 endpoint:/v1/chat/completions errors:<nil> expired_at:1.769611724e+09 expires_at:1.769611724e+09 failed_at:<nil> finalizing_at:<nil> id:batch_2601271448441806721440122 in_process_at:1.769525324e+09 input_file_id:file_2601271448411938908660950 object:spark output_file_id: request_counts:map[completed:1 failed:0 total:50] sid:bat000dee73@dx19bfe36c6c60000572 status:in_progress]
[INFO] 2026/01/27 14:49:24 logger.go:71: 查询批量任务结果：&{ID: Object: Endpoint: InputFileID:file_2601271448411938908660950 CompletionWindow: Status:in_progress OutputFileID: ErrorFileID:<nil> CreatedAt:0 InProgressAt:0 ExpiresAt:0 FinalizingAt:0 CompletedAt:0 FailedAt:0 CancelledAt:0 RequestCounts:{Total:0 Completed:0 Failed:0} Metadata:map[] BatchID:batch_2601271448441806721440122 TotalCount:50 CompletedCount:1 FailedCount:0}
[INFO] 2026/01/27 14:49:24 logger.go:71: 查询批量任务结果：map[cancelled_at:<nil> cancelling_at:<nil> completed_at:<nil> completion_window:24h created_at:1.769525324e+09 endpoint:/v1/chat/completions errors:<nil> expired_at:1.769611724e+09 expires_at:1.769611724e+09 failed_at:<nil> finalizing_at:<nil> id:batch_2601271448442762997440124 in_process_at:1.769525324e+09 input_file_id:file_2601271448412736929260952 object:spark output_file_id: request_counts:map[completed:13 failed:0 total:50] sid:bat000d9cf5@dx19bfe36c72a0000572 status:in_progress]
[INFO] 2026/01/27 14:49:24 logger.go:71: 查询批量任务结果：&{ID: Object: Endpoint: InputFileID:file_2601271448412736929260952 CompletionWindow: Status:in_progress OutputFileID: ErrorFileID:<nil> CreatedAt:0 InProgressAt:0 ExpiresAt:0 FinalizingAt:0 CompletedAt:0 FailedAt:0 CancelledAt:0 RequestCounts:{Total:0 Completed:0 Failed:0} Metadata:map[] BatchID:batch_2601271448442762997440124 TotalCount:50 CompletedCount:13 FailedCount:0}
[INFO] 2026/01/27 14:49:24 logger.go:71: 查询批量任务结果：map[cancelled_at:<nil> cancelling_at:<nil> completed_at:<nil> completion_window:24h created_at:1.769525324e+09 endpoint:/v1/chat/completions errors:<nil> expired_at:1.769611724e+09 expires_at:1.769611724e+09 failed_at:<nil> finalizing_at:<nil> id:batch_2601271448444108304240126 in_process_at:1.769525324e+09 input_file_id:file_2601271448413531851960954 object:spark output_file_id: request_counts:map[completed:2 failed:0 total:50] sid:bat000d9cf8@dx19bfe36c7700000572 status:in_progress]
[INFO] 2026/01/27 14:49:24 logger.go:71: 查询批量任务结果：&{ID: Object: Endpoint: InputFileID:file_2601271448413531851960954 CompletionWindow: Status:in_progress OutputFileID: ErrorFileID:<nil> CreatedAt:0 InProgressAt:0 ExpiresAt:0 FinalizingAt:0 CompletedAt:0 FailedAt:0 CancelledAt:0 RequestCounts:{Total:0 Completed:0 Failed:0} Metadata:map[] BatchID:batch_2601271448444108304240126 TotalCount:50 CompletedCount:2 FailedCount:0}
[INFO] 2026/01/27 14:49:24 logger.go:71: 查询批量任务结果：map[cancelled_at:<nil> cancelling_at:<nil> completed_at:<nil> completion_window:24h created_at:1.769525324e+09 endpoint:/v1/chat/completions errors:<nil> expired_at:1.769611724e+09 expires_at:1.769611724e+09 failed_at:<nil> finalizing_at:<nil> id:batch_2601271448444893256340128 in_process_at:1.769525324e+09 input_file_id:file_2601271448415529392740109 object:spark output_file_id: request_counts:map[completed:13 failed:0 total:50] sid:bat000dee74@dx19bfe36c7ba0000572 status:in_progress]
[INFO] 2026/01/27 14:49:24 logger.go:71: 查询批量任务结果：&{ID: Object: Endpoint: InputFileID:file_2601271448415529392740109 CompletionWindow: Status:in_progress OutputFileID: ErrorFileID:<nil> CreatedAt:0 InProgressAt:0 ExpiresAt:0 FinalizingAt:0 CompletedAt:0 FailedAt:0 CancelledAt:0 RequestCounts:{Total:0 Completed:0 Failed:0} Metadata:map[] BatchID:batch_2601271448444893256340128 TotalCount:50 CompletedCount:13 FailedCount:0}
[INFO] 2026/01/27 14:49:24 logger.go:71: 查询批量任务结果：map[cancelled_at:<nil> cancelling_at:<nil> completed_at:<nil> completion_window:24h created_at:1.769525324e+09 endpoint:/v1/chat/completions errors:<nil> expired_at:1.769611724e+09 expires_at:1.769611724e+09 failed_at:<nil> finalizing_at:<nil> id:batch_2601271448445745598360961 in_process_at:1.769525324e+09 input_file_id:file_2601271448416469182040111 object:spark output_file_id: request_counts:map[completed:17 failed:0 total:50] sid:bat000dee75@dx19bfe36c8060000572 status:in_progress]
[INFO] 2026/01/27 14:49:24 logger.go:71: 查询批量任务结果：&{ID: Object: Endpoint: InputFileID:file_2601271448416469182040111 CompletionWindow: Status:in_progress OutputFileID: ErrorFileID:<nil> CreatedAt:0 InProgressAt:0 ExpiresAt:0 FinalizingAt:0 CompletedAt:0 FailedAt:0 CancelledAt:0 RequestCounts:{Total:0 Completed:0 Failed:0} Metadata:map[] BatchID:batch_2601271448445745598360961 TotalCount:50 CompletedCount:17 FailedCount:0}
[INFO] 2026/01/27 14:49:26 logger.go:71: 查询批量任务结果：map[cancelled_at:<nil> cancelling_at:<nil> completed_at:<nil> completion_window:24h created_at:1.769525323e+09 endpoint:/v1/chat/completions errors:<nil> expired_at:1.769611723e+09 expires_at:1.769611723e+09 failed_at:<nil> finalizing_at:<nil> id:batch_2601271448437416549440118 in_process_at:1.769525324e+09 input_file_id:file_2601271448406476337640105 object:spark output_file_id: request_counts:map[completed:14 failed:1 total:50] sid:bat000dee7b@dx19bfe36d06c0000572 status:in_progress]
[INFO] 2026/01/27 14:49:26 logger.go:71: 查询批量任务结果：&{ID: Object: Endpoint: InputFileID:file_2601271448406476337640105 CompletionWindow: Status:in_progress OutputFileID: ErrorFileID:<nil> CreatedAt:0 InProgressAt:0 ExpiresAt:0 FinalizingAt:0 CompletedAt:0 FailedAt:0 CancelledAt:0 RequestCounts:{Total:0 Completed:0 Failed:0} Metadata:map[] BatchID:batch_2601271448437416549440118 TotalCount:50 CompletedCount:14 FailedCount:1}
[INFO] 2026/01/27 14:49:26 logger.go:71: 查询批量任务结果：map[cancelled_at:<nil> cancelling_at:<nil> completed_at:<nil> completion_window:24h created_at:1.769525323e+09 endpoint:/v1/chat/completions errors:<nil> expired_at:1.769611723e+09 expires_at:1.769611723e+09 failed_at:<nil> finalizing_at:<nil> id:batch_2601271448438262610660955 in_process_at:1.769525323e+09 input_file_id:file_2601271448408128248960944 object:spark output_file_id: request_counts:map[completed:46 failed:0 total:50] sid:bat000d9cfb@dx19bfe36d0bd0000572 status:in_progress]
[INFO] 2026/01/27 14:49:26 logger.go:71: 查询批量任务结果：&{ID: Object: Endpoint: InputFileID:file_2601271448408128248960944 CompletionWindow: Status:in_progress OutputFileID: ErrorFileID:<nil> CreatedAt:0 InProgressAt:0 ExpiresAt:0 FinalizingAt:0 CompletedAt:0 FailedAt:0 CancelledAt:0 RequestCounts:{Total:0 Completed:0 Failed:0} Metadata:map[] BatchID:batch_2601271448438262610660955 TotalCount:50 CompletedCount:46 FailedCount:0}
[INFO] 2026/01/27 14:49:26 logger.go:71: 查询批量任务结果：map[cancelled_at:<nil> cancelling_at:<nil> completed_at:<nil> completion_window:24h created_at:1.769525323e+09 endpoint:/v1/chat/completions errors:<nil> expired_at:1.769611723e+09 expires_at:1.769611723e+09 failed_at:<nil> finalizing_at:<nil> id:batch_2601271448439134586160957 in_process_at:1.769525324e+09 input_file_id:file_2601271448408907407760946 object:spark output_file_id: request_counts:map[completed:14 failed:0 total:50] sid:bat000d9cfc@dx19bfe36d1000000572 status:in_progress]
[INFO] 2026/01/27 14:49:26 logger.go:71: 查询批量任务结果：&{ID: Object: Endpoint: InputFileID:file_2601271448408907407760946 CompletionWindow: Status:in_progress OutputFileID: ErrorFileID:<nil> CreatedAt:0 InProgressAt:0 ExpiresAt:0 FinalizingAt:0 CompletedAt:0 FailedAt:0 CancelledAt:0 RequestCounts:{Total:0 Completed:0 Failed:0} Metadata:map[] BatchID:batch_2601271448439134586160957 TotalCount:50 CompletedCount:14 FailedCount:0}
[INFO] 2026/01/27 14:49:26 logger.go:71: 查询批量任务结果：map[cancelled_at:<nil> cancelling_at:<nil> completed_at:<nil> completion_window:24h created_at:1.769525324e+09 endpoint:/v1/chat/completions errors:<nil> expired_at:1.769611724e+09 expires_at:1.769611724e+09 failed_at:<nil> finalizing_at:<nil> id:batch_2601271448440034823460959 in_process_at:1.769525324e+09 input_file_id:file_2601271448409835690260948 object:spark output_file_id: request_counts:map[completed:5 failed:0 total:50] sid:bat000d9cfd@dx19bfe36d1420000572 status:in_progress]
[INFO] 2026/01/27 14:49:26 logger.go:71: 查询批量任务结果：&{ID: Object: Endpoint: InputFileID:file_2601271448409835690260948 CompletionWindow: Status:in_progress OutputFileID: ErrorFileID:<nil> CreatedAt:0 InProgressAt:0 ExpiresAt:0 FinalizingAt:0 CompletedAt:0 FailedAt:0 CancelledAt:0 RequestCounts:{Total:0 Completed:0 Failed:0} Metadata:map[] BatchID:batch_2601271448440034823460959 TotalCount:50 CompletedCount:5 FailedCount:0}
[INFO] 2026/01/27 14:49:26 logger.go:71: 查询批量任务结果：map[cancelled_at:<nil> cancelling_at:<nil> completed_at:<nil> completion_window:24h created_at:1.769525324e+09 endpoint:/v1/chat/completions errors:<nil> expired_at:1.769611724e+09 expires_at:1.769611724e+09 failed_at:<nil> finalizing_at:<nil> id:batch_2601271448440822238840120 in_process_at:1.769525324e+09 input_file_id:file_2601271448411018673740107 object:spark output_file_id: request_counts:map[completed:14 failed:0 total:50] sid:bat000d9cfe@dx19bfe36d1860000572 status:in_progress]
[INFO] 2026/01/27 14:49:26 logger.go:71: 查询批量任务结果：&{ID: Object: Endpoint: InputFileID:file_2601271448411018673740107 CompletionWindow: Status:in_progress OutputFileID: ErrorFileID:<nil> CreatedAt:0 InProgressAt:0 ExpiresAt:0 FinalizingAt:0 CompletedAt:0 FailedAt:0 CancelledAt:0 RequestCounts:{Total:0 Completed:0 Failed:0} Metadata:map[] BatchID:batch_2601271448440822238840120 TotalCount:50 CompletedCount:14 FailedCount:0}
[INFO] 2026/01/27 14:49:27 logger.go:71: 查询批量任务结果：map[cancelled_at:<nil> cancelling_at:<nil> completed_at:<nil> completion_window:24h created_at:1.769525324e+09 endpoint:/v1/chat/completions errors:<nil> expired_at:1.769611724e+09 expires_at:1.769611724e+09 failed_at:<nil> finalizing_at:<nil> id:batch_2601271448441806721440122 in_process_at:1.769525324e+09 input_file_id:file_2601271448411938908660950 object:spark output_file_id: request_counts:map[completed:1 failed:0 total:50] sid:bat000dee7c@dx19bfe36d1ca0000572 status:in_progress]
[INFO] 2026/01/27 14:49:27 logger.go:71: 查询批量任务结果：&{ID: Object: Endpoint: InputFileID:file_2601271448411938908660950 CompletionWindow: Status:in_progress OutputFileID: ErrorFileID:<nil> CreatedAt:0 InProgressAt:0 ExpiresAt:0 FinalizingAt:0 CompletedAt:0 FailedAt:0 CancelledAt:0 RequestCounts:{Total:0 Completed:0 Failed:0} Metadata:map[] BatchID:batch_2601271448441806721440122 TotalCount:50 CompletedCount:1 FailedCount:0}
[INFO] 2026/01/27 14:49:27 logger.go:71: 查询批量任务结果：map[cancelled_at:<nil> cancelling_at:<nil> completed_at:<nil> completion_window:24h created_at:1.769525324e+09 endpoint:/v1/chat/completions errors:<nil> expired_at:1.769611724e+09 expires_at:1.769611724e+09 failed_at:<nil> finalizing_at:<nil> id:batch_2601271448442762997440124 in_process_at:1.769525324e+09 input_file_id:file_2601271448412736929260952 object:spark output_file_id: request_counts:map[completed:15 failed:0 total:50] sid:bat000d9cff@dx19bfe36d20c0000572 status:in_progress]
[INFO] 2026/01/27 14:49:27 logger.go:71: 查询批量任务结果：&{ID: Object: Endpoint: InputFileID:file_2601271448412736929260952 CompletionWindow: Status:in_progress OutputFileID: ErrorFileID:<nil> CreatedAt:0 InProgressAt:0 ExpiresAt:0 FinalizingAt:0 CompletedAt:0 FailedAt:0 CancelledAt:0 RequestCounts:{Total:0 Completed:0 Failed:0} Metadata:map[] BatchID:batch_2601271448442762997440124 TotalCount:50 CompletedCount:15 FailedCount:0}
[INFO] 2026/01/27 14:49:27 logger.go:71: 查询批量任务结果：map[cancelled_at:<nil> cancelling_at:<nil> completed_at:<nil> completion_window:24h created_at:1.769525324e+09 endpoint:/v1/chat/completions errors:<nil> expired_at:1.769611724e+09 expires_at:1.769611724e+09 failed_at:<nil> finalizing_at:<nil> id:batch_2601271448444108304240126 in_process_at:1.769525324e+09 input_file_id:file_2601271448413531851960954 object:spark output_file_id: request_counts:map[completed:2 failed:0 total:50] sid:bat000dee7d@dx19bfe36d29d0000572 status:in_progress]
[INFO] 2026/01/27 14:49:27 logger.go:71: 查询批量任务结果：&{ID: Object: Endpoint: InputFileID:file_2601271448413531851960954 CompletionWindow: Status:in_progress OutputFileID: ErrorFileID:<nil> CreatedAt:0 InProgressAt:0 ExpiresAt:0 FinalizingAt:0 CompletedAt:0 FailedAt:0 CancelledAt:0 RequestCounts:{Total:0 Completed:0 Failed:0} Metadata:map[] BatchID:batch_2601271448444108304240126 TotalCount:50 CompletedCount:2 FailedCount:0}
[INFO] 2026/01/27 14:49:27 logger.go:71: 查询批量任务结果：map[cancelled_at:<nil> cancelling_at:<nil> completed_at:<nil> completion_window:24h created_at:1.769525324e+09 endpoint:/v1/chat/completions errors:<nil> expired_at:1.769611724e+09 expires_at:1.769611724e+09 failed_at:<nil> finalizing_at:<nil> id:batch_2601271448444893256340128 in_process_at:1.769525324e+09 input_file_id:file_2601271448415529392740109 object:spark output_file_id: request_counts:map[completed:15 failed:0 total:50] sid:bat000d9d00@dx19bfe36d2fb0000572 status:in_progress]
[INFO] 2026/01/27 14:49:27 logger.go:71: 查询批量任务结果：&{ID: Object: Endpoint: InputFileID:file_2601271448415529392740109 CompletionWindow: Status:in_progress OutputFileID: ErrorFileID:<nil> CreatedAt:0 InProgressAt:0 ExpiresAt:0 FinalizingAt:0 CompletedAt:0 FailedAt:0 CancelledAt:0 RequestCounts:{Total:0 Completed:0 Failed:0} Metadata:map[] BatchID:batch_2601271448444893256340128 TotalCount:50 CompletedCount:15 FailedCount:0}
[INFO] 2026/01/27 14:49:27 logger.go:71: 查询批量任务结果：map[cancelled_at:<nil> cancelling_at:<nil> completed_at:<nil> completion_window:24h created_at:1.769525324e+09 endpoint:/v1/chat/completions errors:<nil> expired_at:1.769611724e+09 expires_at:1.769611724e+09 failed_at:<nil> finalizing_at:<nil> id:batch_2601271448445745598360961 in_process_at:1.769525324e+09 input_file_id:file_2601271448416469182040111 object:spark output_file_id: request_counts:map[completed:20 failed:0 total:50] sid:bat000dee7e@dx19bfe36d35d0000572 status:in_progress]
[INFO] 2026/01/27 14:49:27 logger.go:71: 查询批量任务结果：&{ID: Object: Endpoint: InputFileID:file_2601271448416469182040111 CompletionWindow: Status:in_progress OutputFileID: ErrorFileID:<nil> CreatedAt:0 InProgressAt:0 ExpiresAt:0 FinalizingAt:0 CompletedAt:0 FailedAt:0 CancelledAt:0 RequestCounts:{Total:0 Completed:0 Failed:0} Metadata:map[] BatchID:batch_2601271448445745598360961 TotalCount:50 CompletedCount:20 FailedCount:0}
[INFO] 2026/01/27 14:49:29 logger.go:71: 查询批量任务结果：map[cancelled_at:<nil> cancelling_at:<nil> completed_at:<nil> completion_window:24h created_at:1.769525323e+09 endpoint:/v1/chat/completions errors:<nil> expired_at:1.769611723e+09 expires_at:1.769611723e+09 failed_at:<nil> finalizing_at:<nil> id:batch_2601271448437416549440118 in_process_at:1.769525324e+09 input_file_id:file_2601271448406476337640105 object:spark output_file_id: request_counts:map[completed:17 failed:1 total:50] sid:bat000dee7f@dx19bfe36db830000572 status:in_progress]
[INFO] 2026/01/27 14:49:29 logger.go:71: 查询批量任务结果：&{ID: Object: Endpoint: InputFileID:file_2601271448406476337640105 CompletionWindow: Status:in_progress OutputFileID: ErrorFileID:<nil> CreatedAt:0 InProgressAt:0 ExpiresAt:0 FinalizingAt:0 CompletedAt:0 FailedAt:0 CancelledAt:0 RequestCounts:{Total:0 Completed:0 Failed:0} Metadata:map[] BatchID:batch_2601271448437416549440118 TotalCount:50 CompletedCount:17 FailedCount:1}
[INFO] 2026/01/27 14:49:29 logger.go:71: 查询批量任务结果：map[cancelled_at:<nil> cancelling_at:<nil> completed_at:<nil> completion_window:24h created_at:1.769525323e+09 endpoint:/v1/chat/completions errors:<nil> expired_at:1.769611723e+09 expires_at:1.769611723e+09 failed_at:<nil> finalizing_at:<nil> id:batch_2601271448438262610660955 in_process_at:1.769525323e+09 input_file_id:file_2601271448408128248960944 object:spark output_file_id: request_counts:map[completed:48 failed:0 total:50] sid:bat000dee80@dx19bfe36dbe50000572 status:in_progress]
[INFO] 2026/01/27 14:49:29 logger.go:71: 查询批量任务结果：&{ID: Object: Endpoint: InputFileID:file_2601271448408128248960944 CompletionWindow: Status:in_progress OutputFileID: ErrorFileID:<nil> CreatedAt:0 InProgressAt:0 ExpiresAt:0 FinalizingAt:0 CompletedAt:0 FailedAt:0 CancelledAt:0 RequestCounts:{Total:0 Completed:0 Failed:0} Metadata:map[] BatchID:batch_2601271448438262610660955 TotalCount:50 CompletedCount:48 FailedCount:0}
[INFO] 2026/01/27 14:49:29 logger.go:71: 查询批量任务结果：map[cancelled_at:<nil> cancelling_at:<nil> completed_at:<nil> completion_window:24h created_at:1.769525323e+09 endpoint:/v1/chat/completions errors:<nil> expired_at:1.769611723e+09 expires_at:1.769611723e+09 failed_at:<nil> finalizing_at:<nil> id:batch_2601271448439134586160957 in_process_at:1.769525324e+09 input_file_id:file_2601271448408907407760946 object:spark output_file_id: request_counts:map[completed:16 failed:0 total:50] sid:bat000d9d01@dx19bfe36dc2c0000572 status:in_progress]
[INFO] 2026/01/27 14:49:29 logger.go:71: 查询批量任务结果：&{ID: Object: Endpoint: InputFileID:file_2601271448408907407760946 CompletionWindow: Status:in_progress OutputFileID: ErrorFileID:<nil> CreatedAt:0 InProgressAt:0 ExpiresAt:0 FinalizingAt:0 CompletedAt:0 FailedAt:0 CancelledAt:0 RequestCounts:{Total:0 Completed:0 Failed:0} Metadata:map[] BatchID:batch_2601271448439134586160957 TotalCount:50 CompletedCount:16 FailedCount:0}
[INFO] 2026/01/27 14:49:29 logger.go:71: 查询批量任务结果：map[cancelled_at:<nil> cancelling_at:<nil> completed_at:<nil> completion_window:24h created_at:1.769525324e+09 endpoint:/v1/chat/completions errors:<nil> expired_at:1.769611724e+09 expires_at:1.769611724e+09 failed_at:<nil> finalizing_at:<nil> id:batch_2601271448440034823460959 in_process_at:1.769525324e+09 input_file_id:file_2601271448409835690260948 object:spark output_file_id: request_counts:map[completed:5 failed:0 total:50] sid:bat000d9d02@dx19bfe36dc740000572 status:in_progress]
[INFO] 2026/01/27 14:49:29 logger.go:71: 查询批量任务结果：&{ID: Object: Endpoint: InputFileID:file_2601271448409835690260948 CompletionWindow: Status:in_progress OutputFileID: ErrorFileID:<nil> CreatedAt:0 InProgressAt:0 ExpiresAt:0 FinalizingAt:0 CompletedAt:0 FailedAt:0 CancelledAt:0 RequestCounts:{Total:0 Completed:0 Failed:0} Metadata:map[] BatchID:batch_2601271448440034823460959 TotalCount:50 CompletedCount:5 FailedCount:0}
[INFO] 2026/01/27 14:49:29 logger.go:71: 查询批量任务结果：map[cancelled_at:<nil> cancelling_at:<nil> completed_at:<nil> completion_window:24h created_at:1.769525324e+09 endpoint:/v1/chat/completions errors:<nil> expired_at:1.769611724e+09 expires_at:1.769611724e+09 failed_at:<nil> finalizing_at:<nil> id:batch_2601271448440822238840120 in_process_at:1.769525324e+09 input_file_id:file_2601271448411018673740107 object:spark output_file_id: request_counts:map[completed:17 failed:0 total:50] sid:bat000dee81@dx19bfe36dcbe0000572 status:in_progress]
[INFO] 2026/01/27 14:49:29 logger.go:71: 查询批量任务结果：&{ID: Object: Endpoint: InputFileID:file_2601271448411018673740107 CompletionWindow: Status:in_progress OutputFileID: ErrorFileID:<nil> CreatedAt:0 InProgressAt:0 ExpiresAt:0 FinalizingAt:0 CompletedAt:0 FailedAt:0 CancelledAt:0 RequestCounts:{Total:0 Completed:0 Failed:0} Metadata:map[] BatchID:batch_2601271448440822238840120 TotalCount:50 CompletedCount:17 FailedCount:0}
[INFO] 2026/01/27 14:49:29 logger.go:71: 查询批量任务结果：map[cancelled_at:<nil> cancelling_at:<nil> completed_at:<nil> completion_window:24h created_at:1.769525324e+09 endpoint:/v1/chat/completions errors:<nil> expired_at:1.769611724e+09 expires_at:1.769611724e+09 failed_at:<nil> finalizing_at:<nil> id:batch_2601271448441806721440122 in_process_at:1.769525324e+09 input_file_id:file_2601271448411938908660950 object:spark output_file_id: request_counts:map[completed:2 failed:0 total:50] sid:bat000d9d03@dx19bfe36dd060000572 status:in_progress]
[INFO] 2026/01/27 14:49:29 logger.go:71: 查询批量任务结果：&{ID: Object: Endpoint: InputFileID:file_2601271448411938908660950 CompletionWindow: Status:in_progress OutputFileID: ErrorFileID:<nil> CreatedAt:0 InProgressAt:0 ExpiresAt:0 FinalizingAt:0 CompletedAt:0 FailedAt:0 CancelledAt:0 RequestCounts:{Total:0 Completed:0 Failed:0} Metadata:map[] BatchID:batch_2601271448441806721440122 TotalCount:50 CompletedCount:2 FailedCount:0}
[INFO] 2026/01/27 14:49:29 logger.go:71: 查询批量任务结果：map[cancelled_at:<nil> cancelling_at:<nil> completed_at:<nil> completion_window:24h created_at:1.769525324e+09 endpoint:/v1/chat/completions errors:<nil> expired_at:1.769611724e+09 expires_at:1.769611724e+09 failed_at:<nil> finalizing_at:<nil> id:batch_2601271448442762997440124 in_process_at:1.769525324e+09 input_file_id:file_2601271448412736929260952 object:spark output_file_id: request_counts:map[completed:16 failed:0 total:50] sid:bat000dee82@dx19bfe36dd500000572 status:in_progress]
[INFO] 2026/01/27 14:49:29 logger.go:71: 查询批量任务结果：&{ID: Object: Endpoint: InputFileID:file_2601271448412736929260952 CompletionWindow: Status:in_progress OutputFileID: ErrorFileID:<nil> CreatedAt:0 InProgressAt:0 ExpiresAt:0 FinalizingAt:0 CompletedAt:0 FailedAt:0 CancelledAt:0 RequestCounts:{Total:0 Completed:0 Failed:0} Metadata:map[] BatchID:batch_2601271448442762997440124 TotalCount:50 CompletedCount:16 FailedCount:0}
[INFO] 2026/01/27 14:49:30 logger.go:71: 查询批量任务结果：map[cancelled_at:<nil> cancelling_at:<nil> completed_at:<nil> completion_window:24h created_at:1.769525324e+09 endpoint:/v1/chat/completions errors:<nil> expired_at:1.769611724e+09 expires_at:1.769611724e+09 failed_at:<nil> finalizing_at:<nil> id:batch_2601271448444108304240126 in_process_at:1.769525324e+09 input_file_id:file_2601271448413531851960954 object:spark output_file_id: request_counts:map[completed:2 failed:0 total:50] sid:bat000dee83@dx19bfe36dd9a0000572 status:in_progress]
[INFO] 2026/01/27 14:49:30 logger.go:71: 查询批量任务结果：&{ID: Object: Endpoint: InputFileID:file_2601271448413531851960954 CompletionWindow: Status:in_progress OutputFileID: ErrorFileID:<nil> CreatedAt:0 InProgressAt:0 ExpiresAt:0 FinalizingAt:0 CompletedAt:0 FailedAt:0 CancelledAt:0 RequestCounts:{Total:0 Completed:0 Failed:0} Metadata:map[] BatchID:batch_2601271448444108304240126 TotalCount:50 CompletedCount:2 FailedCount:0}
[INFO] 2026/01/27 14:49:30 logger.go:71: 查询批量任务结果：map[cancelled_at:<nil> cancelling_at:<nil> completed_at:<nil> completion_window:24h created_at:1.769525324e+09 endpoint:/v1/chat/completions errors:<nil> expired_at:1.769611724e+09 expires_at:1.769611724e+09 failed_at:<nil> finalizing_at:<nil> id:batch_2601271448444893256340128 in_process_at:1.769525324e+09 input_file_id:file_2601271448415529392740109 object:spark output_file_id: request_counts:map[completed:17 failed:0 total:50] sid:bat000dee84@dx19bfe36dde50000572 status:in_progress]
[INFO] 2026/01/27 14:49:30 logger.go:71: 查询批量任务结果：&{ID: Object: Endpoint: InputFileID:file_2601271448415529392740109 CompletionWindow: Status:in_progress OutputFileID: ErrorFileID:<nil> CreatedAt:0 InProgressAt:0 ExpiresAt:0 FinalizingAt:0 CompletedAt:0 FailedAt:0 CancelledAt:0 RequestCounts:{Total:0 Completed:0 Failed:0} Metadata:map[] BatchID:batch_2601271448444893256340128 TotalCount:50 CompletedCount:17 FailedCount:0}
[INFO] 2026/01/27 14:49:30 logger.go:71: 查询批量任务结果：map[cancelled_at:<nil> cancelling_at:<nil> completed_at:<nil> completion_window:24h created_at:1.769525324e+09 endpoint:/v1/chat/completions errors:<nil> expired_at:1.769611724e+09 expires_at:1.769611724e+09 failed_at:<nil> finalizing_at:<nil> id:batch_2601271448445745598360961 in_process_at:1.769525324e+09 input_file_id:file_2601271448416469182040111 object:spark output_file_id: request_counts:map[completed:21 failed:0 total:50] sid:bat000dee85@dx19bfe36de2b0000572 status:in_progress]
[INFO] 2026/01/27 14:49:30 logger.go:71: 查询批量任务结果：&{ID: Object: Endpoint: InputFileID:file_2601271448416469182040111 CompletionWindow: Status:in_progress OutputFileID: ErrorFileID:<nil> CreatedAt:0 InProgressAt:0 ExpiresAt:0 FinalizingAt:0 CompletedAt:0 FailedAt:0 CancelledAt:0 RequestCounts:{Total:0 Completed:0 Failed:0} Metadata:map[] BatchID:batch_2601271448445745598360961 TotalCount:50 CompletedCount:21 FailedCount:0}
[INFO] 2026/01/27 14:49:32 logger.go:71: 查询批量任务结果：map[cancelled_at:<nil> cancelling_at:<nil> completed_at:<nil> completion_window:24h created_at:1.769525323e+09 endpoint:/v1/chat/completions errors:<nil> expired_at:1.769611723e+09 expires_at:1.769611723e+09 failed_at:<nil> finalizing_at:<nil> id:batch_2601271448437416549440118 in_process_at:1.769525324e+09 input_file_id:file_2601271448406476337640105 object:spark output_file_id: request_counts:map[completed:19 failed:1 total:50] sid:bat000dee88@dx19bfe36e6840000572 status:in_progress]
[INFO] 2026/01/27 14:49:32 logger.go:71: 查询批量任务结果：&{ID: Object: Endpoint: InputFileID:file_2601271448406476337640105 CompletionWindow: Status:in_progress OutputFileID: ErrorFileID:<nil> CreatedAt:0 InProgressAt:0 ExpiresAt:0 FinalizingAt:0 CompletedAt:0 FailedAt:0 CancelledAt:0 RequestCounts:{Total:0 Completed:0 Failed:0} Metadata:map[] BatchID:batch_2601271448437416549440118 TotalCount:50 CompletedCount:19 FailedCount:1}
[INFO] 2026/01/27 14:49:32 logger.go:71: 查询批量任务结果：map[cancelled_at:<nil> cancelling_at:<nil> completed_at:<nil> completion_window:24h created_at:1.769525323e+09 endpoint:/v1/chat/completions errors:<nil> expired_at:1.769611723e+09 expires_at:1.769611723e+09 failed_at:<nil> finalizing_at:1.769525368e+09 id:batch_2601271448438262610660955 in_process_at:1.769525323e+09 input_file_id:file_2601271448408128248960944 object:spark output_file_id:file_2601271449282645894961062 request_counts:map[completed:50 failed:0 total:50] sid:bat000dee89@dx19bfe36e6e70000572 status:completed]
[INFO] 2026/01/27 14:49:32 logger.go:71: 查询批量任务结果：&{ID: Object: Endpoint: InputFileID:file_2601271448408128248960944 CompletionWindow: Status:completed OutputFileID:file_2601271449282645894961062 ErrorFileID:<nil> CreatedAt:0 InProgressAt:0 ExpiresAt:0 FinalizingAt:0 CompletedAt:0 FailedAt:0 CancelledAt:0 RequestCounts:{Total:0 Completed:0 Failed:0} Metadata:map[] BatchID:batch_2601271448438262610660955 TotalCount:50 CompletedCount:50 FailedCount:0}
[INFO] 2026/01/27 14:49:32 logger.go:71: 查询批量任务结果：map[cancelled_at:<nil> cancelling_at:<nil> completed_at:<nil> completion_window:24h created_at:1.769525323e+09 endpoint:/v1/chat/completions errors:<nil> expired_at:1.769611723e+09 expires_at:1.769611723e+09 failed_at:<nil> finalizing_at:<nil> id:batch_2601271448439134586160957 in_process_at:1.769525324e+09 input_file_id:file_2601271448408907407760946 object:spark output_file_id: request_counts:map[completed:18 failed:0 total:50] sid:bat000dee8b@dx19bfe36e8e90000572 status:in_progress]
[INFO] 2026/01/27 14:49:32 logger.go:71: 查询批量任务结果：&{ID: Object: Endpoint: InputFileID:file_2601271448408907407760946 CompletionWindow: Status:in_progress OutputFileID: ErrorFileID:<nil> CreatedAt:0 InProgressAt:0 ExpiresAt:0 FinalizingAt:0 CompletedAt:0 FailedAt:0 CancelledAt:0 RequestCounts:{Total:0 Completed:0 Failed:0} Metadata:map[] BatchID:batch_2601271448439134586160957 TotalCount:50 CompletedCount:18 FailedCount:0}
[INFO] 2026/01/27 14:49:33 logger.go:71: 查询批量任务结果：map[cancelled_at:<nil> cancelling_at:<nil> completed_at:<nil> completion_window:24h created_at:1.769525324e+09 endpoint:/v1/chat/completions errors:<nil> expired_at:1.769611724e+09 expires_at:1.769611724e+09 failed_at:<nil> finalizing_at:<nil> id:batch_2601271448440034823460959 in_process_at:1.769525324e+09 input_file_id:file_2601271448409835690260948 object:spark output_file_id: request_counts:map[completed:5 failed:0 total:50] sid:bat000dee8c@dx19bfe36e9430000572 status:in_progress]
[INFO] 2026/01/27 14:49:33 logger.go:71: 查询批量任务结果：&{ID: Object: Endpoint: InputFileID:file_2601271448409835690260948 CompletionWindow: Status:in_progress OutputFileID: ErrorFileID:<nil> CreatedAt:0 InProgressAt:0 ExpiresAt:0 FinalizingAt:0 CompletedAt:0 FailedAt:0 CancelledAt:0 RequestCounts:{Total:0 Completed:0 Failed:0} Metadata:map[] BatchID:batch_2601271448440034823460959 TotalCount:50 CompletedCount:5 FailedCount:0}
[INFO] 2026/01/27 14:49:33 logger.go:71: 查询批量任务结果：map[cancelled_at:<nil> cancelling_at:<nil> completed_at:<nil> completion_window:24h created_at:1.769525324e+09 endpoint:/v1/chat/completions errors:<nil> expired_at:1.769611724e+09 expires_at:1.769611724e+09 failed_at:<nil> finalizing_at:<nil> id:batch_2601271448440822238840120 in_process_at:1.769525324e+09 input_file_id:file_2601271448411018673740107 object:spark output_file_id: request_counts:map[completed:19 failed:0 total:50] sid:bat000d9d04@dx19bfe36e98c0000572 status:in_progress]
[INFO] 2026/01/27 14:49:33 logger.go:71: 查询批量任务结果：&{ID: Object: Endpoint: InputFileID:file_2601271448411018673740107 CompletionWindow: Status:in_progress OutputFileID: ErrorFileID:<nil> CreatedAt:0 InProgressAt:0 ExpiresAt:0 FinalizingAt:0 CompletedAt:0 FailedAt:0 CancelledAt:0 RequestCounts:{Total:0 Completed:0 Failed:0} Metadata:map[] BatchID:batch_2601271448440822238840120 TotalCount:50 CompletedCount:19 FailedCount:0}
[INFO] 2026/01/27 14:49:33 logger.go:71: 查询批量任务结果：map[cancelled_at:<nil> cancelling_at:<nil> completed_at:<nil> completion_window:24h created_at:1.769525324e+09 endpoint:/v1/chat/completions errors:<nil> expired_at:1.769611724e+09 expires_at:1.769611724e+09 failed_at:<nil> finalizing_at:<nil> id:batch_2601271448441806721440122 in_process_at:1.769525324e+09 input_file_id:file_2601271448411938908660950 object:spark output_file_id: request_counts:map[completed:2 failed:0 total:50] sid:bat000d9d05@dx19bfe36e9db0000572 status:in_progress]
[INFO] 2026/01/27 14:49:33 logger.go:71: 查询批量任务结果：&{ID: Object: Endpoint: InputFileID:file_2601271448411938908660950 CompletionWindow: Status:in_progress OutputFileID: ErrorFileID:<nil> CreatedAt:0 InProgressAt:0 ExpiresAt:0 FinalizingAt:0 CompletedAt:0 FailedAt:0 CancelledAt:0 RequestCounts:{Total:0 Completed:0 Failed:0} Metadata:map[] BatchID:batch_2601271448441806721440122 TotalCount:50 CompletedCount:2 FailedCount:0}
[INFO] 2026/01/27 14:49:33 logger.go:71: 查询批量任务结果：map[cancelled_at:<nil> cancelling_at:<nil> completed_at:<nil> completion_window:24h created_at:1.769525324e+09 endpoint:/v1/chat/completions errors:<nil> expired_at:1.769611724e+09 expires_at:1.769611724e+09 failed_at:<nil> finalizing_at:<nil> id:batch_2601271448442762997440124 in_process_at:1.769525324e+09 input_file_id:file_2601271448412736929260952 object:spark output_file_id: request_counts:map[completed:18 failed:0 total:50] sid:bat000d9d06@dx19bfe36ea5c0000572 status:in_progress]
[INFO] 2026/01/27 14:49:33 logger.go:71: 查询批量任务结果：&{ID: Object: Endpoint: InputFileID:file_2601271448412736929260952 CompletionWindow: Status:in_progress OutputFileID: ErrorFileID:<nil> CreatedAt:0 InProgressAt:0 ExpiresAt:0 FinalizingAt:0 CompletedAt:0 FailedAt:0 CancelledAt:0 RequestCounts:{Total:0 Completed:0 Failed:0} Metadata:map[] BatchID:batch_2601271448442762997440124 TotalCount:50 CompletedCount:18 FailedCount:0}
[INFO] 2026/01/27 14:49:33 logger.go:71: 查询批量任务结果：map[cancelled_at:<nil> cancelling_at:<nil> completed_at:<nil> completion_window:24h created_at:1.769525324e+09 endpoint:/v1/chat/completions errors:<nil> expired_at:1.769611724e+09 expires_at:1.769611724e+09 failed_at:<nil> finalizing_at:<nil> id:batch_2601271448444108304240126 in_process_at:1.769525324e+09 input_file_id:file_2601271448413531851960954 object:spark output_file_id: request_counts:map[completed:2 failed:0 total:50] sid:bat000d9d07@dx19bfe36eab40000572 status:in_progress]
[INFO] 2026/01/27 14:49:33 logger.go:71: 查询批量任务结果：&{ID: Object: Endpoint: InputFileID:file_2601271448413531851960954 CompletionWindow: Status:in_progress OutputFileID: ErrorFileID:<nil> CreatedAt:0 InProgressAt:0 ExpiresAt:0 FinalizingAt:0 CompletedAt:0 FailedAt:0 CancelledAt:0 RequestCounts:{Total:0 Completed:0 Failed:0} Metadata:map[] BatchID:batch_2601271448444108304240126 TotalCount:50 CompletedCount:2 FailedCount:0}
[INFO] 2026/01/27 14:49:33 logger.go:71: 查询批量任务结果：map[cancelled_at:<nil> cancelling_at:<nil> completed_at:<nil> completion_window:24h created_at:1.769525324e+09 endpoint:/v1/chat/completions errors:<nil> expired_at:1.769611724e+09 expires_at:1.769611724e+09 failed_at:<nil> finalizing_at:<nil> id:batch_2601271448444893256340128 in_process_at:1.769525324e+09 input_file_id:file_2601271448415529392740109 object:spark output_file_id: request_counts:map[completed:20 failed:0 total:50] sid:bat000dee8d@dx19bfe36eafe0000572 status:in_progress]
[INFO] 2026/01/27 14:49:33 logger.go:71: 查询批量任务结果：&{ID: Object: Endpoint: InputFileID:file_2601271448415529392740109 CompletionWindow: Status:in_progress OutputFileID: ErrorFileID:<nil> CreatedAt:0 InProgressAt:0 ExpiresAt:0 FinalizingAt:0 CompletedAt:0 FailedAt:0 CancelledAt:0 RequestCounts:{Total:0 Completed:0 Failed:0} Metadata:map[] BatchID:batch_2601271448444893256340128 TotalCount:50 CompletedCount:20 FailedCount:0}
[INFO] 2026/01/27 14:49:33 logger.go:71: 查询批量任务结果：map[cancelled_at:<nil> cancelling_at:<nil> completed_at:<nil> completion_window:24h created_at:1.769525324e+09 endpoint:/v1/chat/completions errors:<nil> expired_at:1.769611724e+09 expires_at:1.769611724e+09 failed_at:<nil> finalizing_at:<nil> id:batch_2601271448445745598360961 in_process_at:1.769525324e+09 input_file_id:file_2601271448416469182040111 object:spark output_file_id: request_counts:map[completed:23 failed:0 total:50] sid:bat000d9d08@dx19bfe36eb460000572 status:in_progress]
[INFO] 2026/01/27 14:49:33 logger.go:71: 查询批量任务结果：&{ID: Object: Endpoint: InputFileID:file_2601271448416469182040111 CompletionWindow: Status:in_progress OutputFileID: ErrorFileID:<nil> CreatedAt:0 InProgressAt:0 ExpiresAt:0 FinalizingAt:0 CompletedAt:0 FailedAt:0 CancelledAt:0 RequestCounts:{Total:0 Completed:0 Failed:0} Metadata:map[] BatchID:batch_2601271448445745598360961 TotalCount:50 CompletedCount:23 FailedCount:0}
[INFO] 2026/01/27 14:49:35 logger.go:71: 查询批量任务结果：map[cancelled_at:<nil> cancelling_at:<nil> completed_at:<nil> completion_window:24h created_at:1.769525323e+09 endpoint:/v1/chat/completions errors:<nil> expired_at:1.769611723e+09 expires_at:1.769611723e+09 failed_at:<nil> finalizing_at:<nil> id:batch_2601271448437416549440118 in_process_at:1.769525324e+09 input_file_id:file_2601271448406476337640105 object:spark output_file_id: request_counts:map[completed:21 failed:1 total:50] sid:bat000d9d09@dx19bfe36f3740000572 status:in_progress]
[INFO] 2026/01/27 14:49:35 logger.go:71: 查询批量任务结果：&{ID: Object: Endpoint: InputFileID:file_2601271448406476337640105 CompletionWindow: Status:in_progress OutputFileID: ErrorFileID:<nil> CreatedAt:0 InProgressAt:0 ExpiresAt:0 FinalizingAt:0 CompletedAt:0 FailedAt:0 CancelledAt:0 RequestCounts:{Total:0 Completed:0 Failed:0} Metadata:map[] BatchID:batch_2601271448437416549440118 TotalCount:50 CompletedCount:21 FailedCount:1}
[INFO] 2026/01/27 14:49:35 logger.go:71: 查询批量任务结果：map[cancelled_at:<nil> cancelling_at:<nil> completed_at:<nil> completion_window:24h created_at:1.769525323e+09 endpoint:/v1/chat/completions errors:<nil> expired_at:1.769611723e+09 expires_at:1.769611723e+09 failed_at:<nil> finalizing_at:<nil> id:batch_2601271448439134586160957 in_process_at:1.769525324e+09 input_file_id:file_2601271448408907407760946 object:spark output_file_id: request_counts:map[completed:20 failed:0 total:50] sid:bat000d9d0a@dx19bfe36f3e10000572 status:in_progress]
[INFO] 2026/01/27 14:49:35 logger.go:71: 查询批量任务结果：&{ID: Object: Endpoint: InputFileID:file_2601271448408907407760946 CompletionWindow: Status:in_progress OutputFileID: ErrorFileID:<nil> CreatedAt:0 InProgressAt:0 ExpiresAt:0 FinalizingAt:0 CompletedAt:0 FailedAt:0 CancelledAt:0 RequestCounts:{Total:0 Completed:0 Failed:0} Metadata:map[] BatchID:batch_2601271448439134586160957 TotalCount:50 CompletedCount:20 FailedCount:0}
[INFO] 2026/01/27 14:49:35 logger.go:71: 查询批量任务结果：map[cancelled_at:<nil> cancelling_at:<nil> completed_at:<nil> completion_window:24h created_at:1.769525324e+09 endpoint:/v1/chat/completions errors:<nil> expired_at:1.769611724e+09 expires_at:1.769611724e+09 failed_at:<nil> finalizing_at:<nil> id:batch_2601271448440034823460959 in_process_at:1.769525324e+09 input_file_id:file_2601271448409835690260948 object:spark output_file_id: request_counts:map[completed:5 failed:0 total:50] sid:bat000d9d0b@dx19bfe36f4270000572 status:in_progress]
[INFO] 2026/01/27 14:49:35 logger.go:71: 查询批量任务结果：&{ID: Object: Endpoint: InputFileID:file_2601271448409835690260948 CompletionWindow: Status:in_progress OutputFileID: ErrorFileID:<nil> CreatedAt:0 InProgressAt:0 ExpiresAt:0 FinalizingAt:0 CompletedAt:0 FailedAt:0 CancelledAt:0 RequestCounts:{Total:0 Completed:0 Failed:0} Metadata:map[] BatchID:batch_2601271448440034823460959 TotalCount:50 CompletedCount:5 FailedCount:0}
[INFO] 2026/01/27 14:49:35 logger.go:71: 查询批量任务结果：map[cancelled_at:<nil> cancelling_at:<nil> completed_at:<nil> completion_window:24h created_at:1.769525324e+09 endpoint:/v1/chat/completions errors:<nil> expired_at:1.769611724e+09 expires_at:1.769611724e+09 failed_at:<nil> finalizing_at:<nil> id:batch_2601271448440822238840120 in_process_at:1.769525324e+09 input_file_id:file_2601271448411018673740107 object:spark output_file_id: request_counts:map[completed:22 failed:0 total:50] sid:bat000d9d0c@dx19bfe36f46c0000572 status:in_progress]
[INFO] 2026/01/27 14:49:35 logger.go:71: 查询批量任务结果：&{ID: Object: Endpoint: InputFileID:file_2601271448411018673740107 CompletionWindow: Status:in_progress OutputFileID: ErrorFileID:<nil> CreatedAt:0 InProgressAt:0 ExpiresAt:0 FinalizingAt:0 CompletedAt:0 FailedAt:0 CancelledAt:0 RequestCounts:{Total:0 Completed:0 Failed:0} Metadata:map[] BatchID:batch_2601271448440822238840120 TotalCount:50 CompletedCount:22 FailedCount:0}
[INFO] 2026/01/27 14:49:35 logger.go:71: 查询批量任务结果：map[cancelled_at:<nil> cancelling_at:<nil> completed_at:<nil> completion_window:24h created_at:1.769525324e+09 endpoint:/v1/chat/completions errors:<nil> expired_at:1.769611724e+09 expires_at:1.769611724e+09 failed_at:<nil> finalizing_at:<nil> id:batch_2601271448441806721440122 in_process_at:1.769525324e+09 input_file_id:file_2601271448411938908660950 object:spark output_file_id: request_counts:map[completed:2 failed:0 total:50] sid:bat000dee8e@dx19bfe36f4b40000572 status:in_progress]
[INFO] 2026/01/27 14:49:35 logger.go:71: 查询批量任务结果：&{ID: Object: Endpoint: InputFileID:file_2601271448411938908660950 CompletionWindow: Status:in_progress OutputFileID: ErrorFileID:<nil> CreatedAt:0 InProgressAt:0 ExpiresAt:0 FinalizingAt:0 CompletedAt:0 FailedAt:0 CancelledAt:0 RequestCounts:{Total:0 Completed:0 Failed:0} Metadata:map[] BatchID:batch_2601271448441806721440122 TotalCount:50 CompletedCount:2 FailedCount:0}
[INFO] 2026/01/27 14:49:36 logger.go:71: 查询批量任务结果：map[cancelled_at:<nil> cancelling_at:<nil> completed_at:<nil> completion_window:24h created_at:1.769525324e+09 endpoint:/v1/chat/completions errors:<nil> expired_at:1.769611724e+09 expires_at:1.769611724e+09 failed_at:<nil> finalizing_at:<nil> id:batch_2601271448442762997440124 in_process_at:1.769525324e+09 input_file_id:file_2601271448412736929260952 object:spark output_file_id: request_counts:map[completed:23 failed:0 total:50] sid:bat000dee8f@dx19bfe36f4fc0000572 status:in_progress]
[INFO] 2026/01/27 14:49:36 logger.go:71: 查询批量任务结果：&{ID: Object: Endpoint: InputFileID:file_2601271448412736929260952 CompletionWindow: Status:in_progress OutputFileID: ErrorFileID:<nil> CreatedAt:0 InProgressAt:0 ExpiresAt:0 FinalizingAt:0 CompletedAt:0 FailedAt:0 CancelledAt:0 RequestCounts:{Total:0 Completed:0 Failed:0} Metadata:map[] BatchID:batch_2601271448442762997440124 TotalCount:50 CompletedCount:23 FailedCount:0}
[INFO] 2026/01/27 14:49:36 logger.go:71: 查询批量任务结果：map[cancelled_at:<nil> cancelling_at:<nil> completed_at:<nil> completion_window:24h created_at:1.769525324e+09 endpoint:/v1/chat/completions errors:<nil> expired_at:1.769611724e+09 expires_at:1.769611724e+09 failed_at:<nil> finalizing_at:<nil> id:batch_2601271448444108304240126 in_process_at:1.769525324e+09 input_file_id:file_2601271448413531851960954 object:spark output_file_id: request_counts:map[completed:2 failed:0 total:50] sid:bat000dee90@dx19bfe36f5640000572 status:in_progress]
[INFO] 2026/01/27 14:49:36 logger.go:71: 查询批量任务结果：&{ID: Object: Endpoint: InputFileID:file_2601271448413531851960954 CompletionWindow: Status:in_progress OutputFileID: ErrorFileID:<nil> CreatedAt:0 InProgressAt:0 ExpiresAt:0 FinalizingAt:0 CompletedAt:0 FailedAt:0 CancelledAt:0 RequestCounts:{Total:0 Completed:0 Failed:0} Metadata:map[] BatchID:batch_2601271448444108304240126 TotalCount:50 CompletedCount:2 FailedCount:0}
[INFO] 2026/01/27 14:49:36 logger.go:71: 查询批量任务结果：map[cancelled_at:<nil> cancelling_at:<nil> completed_at:<nil> completion_window:24h created_at:1.769525324e+09 endpoint:/v1/chat/completions errors:<nil> expired_at:1.769611724e+09 expires_at:1.769611724e+09 failed_at:<nil> finalizing_at:<nil> id:batch_2601271448444893256340128 in_process_at:1.769525324e+09 input_file_id:file_2601271448415529392740109 object:spark output_file_id: request_counts:map[completed:22 failed:0 total:50] sid:bat000dee91@dx19bfe36f5a80000572 status:in_progress]
[INFO] 2026/01/27 14:49:36 logger.go:71: 查询批量任务结果：&{ID: Object: Endpoint: InputFileID:file_2601271448415529392740109 CompletionWindow: Status:in_progress OutputFileID: ErrorFileID:<nil> CreatedAt:0 InProgressAt:0 ExpiresAt:0 FinalizingAt:0 CompletedAt:0 FailedAt:0 CancelledAt:0 RequestCounts:{Total:0 Completed:0 Failed:0} Metadata:map[] BatchID:batch_2601271448444893256340128 TotalCount:50 CompletedCount:22 FailedCount:0}
[INFO] 2026/01/27 14:49:36 logger.go:71: 查询批量任务结果：map[cancelled_at:<nil> cancelling_at:<nil> completed_at:<nil> completion_window:24h created_at:1.769525324e+09 endpoint:/v1/chat/completions errors:<nil> expired_at:1.769611724e+09 expires_at:1.769611724e+09 failed_at:<nil> finalizing_at:<nil> id:batch_2601271448445745598360961 in_process_at:1.769525324e+09 input_file_id:file_2601271448416469182040111 object:spark output_file_id: request_counts:map[completed:23 failed:0 total:50] sid:bat000dee92@dx19bfe36f5f00000572 status:in_progress]
[INFO] 2026/01/27 14:49:36 logger.go:71: 查询批量任务结果：&{ID: Object: Endpoint: InputFileID:file_2601271448416469182040111 CompletionWindow: Status:in_progress OutputFileID: ErrorFileID:<nil> CreatedAt:0 InProgressAt:0 ExpiresAt:0 FinalizingAt:0 CompletedAt:0 FailedAt:0 CancelledAt:0 RequestCounts:{Total:0 Completed:0 Failed:0} Metadata:map[] BatchID:batch_2601271448445745598360961 TotalCount:50 CompletedCount:23 FailedCount:0}
[INFO] 2026/01/27 14:49:38 logger.go:71: 查询批量任务结果：map[cancelled_at:<nil> cancelling_at:<nil> completed_at:<nil> completion_window:24h created_at:1.769525323e+09 endpoint:/v1/chat/completions errors:<nil> expired_at:1.769611723e+09 expires_at:1.769611723e+09 failed_at:<nil> finalizing_at:<nil> id:batch_2601271448437416549440118 in_process_at:1.769525324e+09 input_file_id:file_2601271448406476337640105 object:spark output_file_id: request_counts:map[completed:21 failed:1 total:50] sid:bat000d9d0d@dx19bfe36fe660000572 status:in_progress]
[INFO] 2026/01/27 14:49:38 logger.go:71: 查询批量任务结果：&{ID: Object: Endpoint: InputFileID:file_2601271448406476337640105 CompletionWindow: Status:in_progress OutputFileID: ErrorFileID:<nil> CreatedAt:0 InProgressAt:0 ExpiresAt:0 FinalizingAt:0 CompletedAt:0 FailedAt:0 CancelledAt:0 RequestCounts:{Total:0 Completed:0 Failed:0} Metadata:map[] BatchID:batch_2601271448437416549440118 TotalCount:50 CompletedCount:21 FailedCount:1}
[INFO] 2026/01/27 14:49:38 logger.go:71: 查询批量任务结果：map[cancelled_at:<nil> cancelling_at:<nil> completed_at:<nil> completion_window:24h created_at:1.769525323e+09 endpoint:/v1/chat/completions errors:<nil> expired_at:1.769611723e+09 expires_at:1.769611723e+09 failed_at:<nil> finalizing_at:<nil> id:batch_2601271448439134586160957 in_process_at:1.769525324e+09 input_file_id:file_2601271448408907407760946 object:spark output_file_id: request_counts:map[completed:20 failed:0 total:50] sid:bat000dee93@dx19bfe36fef00000572 status:in_progress]
[INFO] 2026/01/27 14:49:38 logger.go:71: 查询批量任务结果：&{ID: Object: Endpoint: InputFileID:file_2601271448408907407760946 CompletionWindow: Status:in_progress OutputFileID: ErrorFileID:<nil> CreatedAt:0 InProgressAt:0 ExpiresAt:0 FinalizingAt:0 CompletedAt:0 FailedAt:0 CancelledAt:0 RequestCounts:{Total:0 Completed:0 Failed:0} Metadata:map[] BatchID:batch_2601271448439134586160957 TotalCount:50 CompletedCount:20 FailedCount:0}
[INFO] 2026/01/27 14:49:38 logger.go:71: 查询批量任务结果：map[cancelled_at:<nil> cancelling_at:<nil> completed_at:<nil> completion_window:24h created_at:1.769525324e+09 endpoint:/v1/chat/completions errors:<nil> expired_at:1.769611724e+09 expires_at:1.769611724e+09 failed_at:<nil> finalizing_at:<nil> id:batch_2601271448440034823460959 in_process_at:1.769525324e+09 input_file_id:file_2601271448409835690260948 object:spark output_file_id: request_counts:map[completed:5 failed:0 total:50] sid:bat000dee94@dx19bfe36ff3e0000572 status:in_progress]
[INFO] 2026/01/27 14:49:38 logger.go:71: 查询批量任务结果：&{ID: Object: Endpoint: InputFileID:file_2601271448409835690260948 CompletionWindow: Status:in_progress OutputFileID: ErrorFileID:<nil> CreatedAt:0 InProgressAt:0 ExpiresAt:0 FinalizingAt:0 CompletedAt:0 FailedAt:0 CancelledAt:0 RequestCounts:{Total:0 Completed:0 Failed:0} Metadata:map[] BatchID:batch_2601271448440034823460959 TotalCount:50 CompletedCount:5 FailedCount:0}
[INFO] 2026/01/27 14:49:38 logger.go:71: 查询批量任务结果：map[cancelled_at:<nil> cancelling_at:<nil> completed_at:<nil> completion_window:24h created_at:1.769525324e+09 endpoint:/v1/chat/completions errors:<nil> expired_at:1.769611724e+09 expires_at:1.769611724e+09 failed_at:<nil> finalizing_at:<nil> id:batch_2601271448440822238840120 in_process_at:1.769525324e+09 input_file_id:file_2601271448411018673740107 object:spark output_file_id: request_counts:map[completed:23 failed:0 total:50] sid:bat000dee95@dx19bfe36ff820000572 status:in_progress]
[INFO] 2026/01/27 14:49:38 logger.go:71: 查询批量任务结果：&{ID: Object: Endpoint: InputFileID:file_2601271448411018673740107 CompletionWindow: Status:in_progress OutputFileID: ErrorFileID:<nil> CreatedAt:0 InProgressAt:0 ExpiresAt:0 FinalizingAt:0 CompletedAt:0 FailedAt:0 CancelledAt:0 RequestCounts:{Total:0 Completed:0 Failed:0} Metadata:map[] BatchID:batch_2601271448440822238840120 TotalCount:50 CompletedCount:23 FailedCount:0}
[INFO] 2026/01/27 14:49:38 logger.go:71: 查询批量任务结果：map[cancelled_at:<nil> cancelling_at:<nil> completed_at:<nil> completion_window:24h created_at:1.769525324e+09 endpoint:/v1/chat/completions errors:<nil> expired_at:1.769611724e+09 expires_at:1.769611724e+09 failed_at:<nil> finalizing_at:<nil> id:batch_2601271448441806721440122 in_process_at:1.769525324e+09 input_file_id:file_2601271448411938908660950 object:spark output_file_id: request_counts:map[completed:2 failed:0 total:50] sid:bat000d9d0e@dx19bfe36ffc80000572 status:in_progress]
[INFO] 2026/01/27 14:49:38 logger.go:71: 查询批量任务结果：&{ID: Object: Endpoint: InputFileID:file_2601271448411938908660950 CompletionWindow: Status:in_progress OutputFileID: ErrorFileID:<nil> CreatedAt:0 InProgressAt:0 ExpiresAt:0 FinalizingAt:0 CompletedAt:0 FailedAt:0 CancelledAt:0 RequestCounts:{Total:0 Completed:0 Failed:0} Metadata:map[] BatchID:batch_2601271448441806721440122 TotalCount:50 CompletedCount:2 FailedCount:0}
[INFO] 2026/01/27 14:49:38 logger.go:71: 查询批量任务结果：map[cancelled_at:<nil> cancelling_at:<nil> completed_at:<nil> completion_window:24h created_at:1.769525324e+09 endpoint:/v1/chat/completions errors:<nil> expired_at:1.769611724e+09 expires_at:1.769611724e+09 failed_at:<nil> finalizing_at:<nil> id:batch_2601271448442762997440124 in_process_at:1.769525324e+09 input_file_id:file_2601271448412736929260952 object:spark output_file_id: request_counts:map[completed:23 failed:0 total:50] sid:bat000d9d0f@dx19bfe3700160000572 status:in_progress]
[INFO] 2026/01/27 14:49:38 logger.go:71: 查询批量任务结果：&{ID: Object: Endpoint: InputFileID:file_2601271448412736929260952 CompletionWindow: Status:in_progress OutputFileID: ErrorFileID:<nil> CreatedAt:0 InProgressAt:0 ExpiresAt:0 FinalizingAt:0 CompletedAt:0 FailedAt:0 CancelledAt:0 RequestCounts:{Total:0 Completed:0 Failed:0} Metadata:map[] BatchID:batch_2601271448442762997440124 TotalCount:50 CompletedCount:23 FailedCount:0}
[INFO] 2026/01/27 14:49:38 logger.go:71: 查询批量任务结果：map[cancelled_at:<nil> cancelling_at:<nil> completed_at:<nil> completion_window:24h created_at:1.769525324e+09 endpoint:/v1/chat/completions errors:<nil> expired_at:1.769611724e+09 expires_at:1.769611724e+09 failed_at:<nil> finalizing_at:<nil> id:batch_2601271448444108304240126 in_process_at:1.769525324e+09 input_file_id:file_2601271448413531851960954 object:spark output_file_id: request_counts:map[completed:2 failed:0 total:50] sid:bat000dee96@dx19bfe37005a0000572 status:in_progress]
[INFO] 2026/01/27 14:49:38 logger.go:71: 查询批量任务结果：&{ID: Object: Endpoint: InputFileID:file_2601271448413531851960954 CompletionWindow: Status:in_progress OutputFileID: ErrorFileID:<nil> CreatedAt:0 InProgressAt:0 ExpiresAt:0 FinalizingAt:0 CompletedAt:0 FailedAt:0 CancelledAt:0 RequestCounts:{Total:0 Completed:0 Failed:0} Metadata:map[] BatchID:batch_2601271448444108304240126 TotalCount:50 CompletedCount:2 FailedCount:0}
[INFO] 2026/01/27 14:49:39 logger.go:71: 查询批量任务结果：map[cancelled_at:<nil> cancelling_at:<nil> completed_at:<nil> completion_window:24h created_at:1.769525324e+09 endpoint:/v1/chat/completions errors:<nil> expired_at:1.769611724e+09 expires_at:1.769611724e+09 failed_at:<nil> finalizing_at:<nil> id:batch_2601271448444893256340128 in_process_at:1.769525324e+09 input_file_id:file_2601271448415529392740109 object:spark output_file_id: request_counts:map[completed:22 failed:0 total:50] sid:bat000dee97@dx19bfe37009f0000572 status:in_progress]
[INFO] 2026/01/27 14:49:39 logger.go:71: 查询批量任务结果：&{ID: Object: Endpoint: InputFileID:file_2601271448415529392740109 CompletionWindow: Status:in_progress OutputFileID: ErrorFileID:<nil> CreatedAt:0 InProgressAt:0 ExpiresAt:0 FinalizingAt:0 CompletedAt:0 FailedAt:0 CancelledAt:0 RequestCounts:{Total:0 Completed:0 Failed:0} Metadata:map[] BatchID:batch_2601271448444893256340128 TotalCount:50 CompletedCount:22 FailedCount:0}
[INFO] 2026/01/27 14:49:39 logger.go:71: 查询批量任务结果：map[cancelled_at:<nil> cancelling_at:<nil> completed_at:<nil> completion_window:24h created_at:1.769525324e+09 endpoint:/v1/chat/completions errors:<nil> expired_at:1.769611724e+09 expires_at:1.769611724e+09 failed_at:<nil> finalizing_at:<nil> id:batch_2601271448445745598360961 in_process_at:1.769525324e+09 input_file_id:file_2601271448416469182040111 object:spark output_file_id: request_counts:map[completed:24 failed:0 total:50] sid:bat000dee98@dx19bfe37012f0000572 status:in_progress]
[INFO] 2026/01/27 14:49:39 logger.go:71: 查询批量任务结果：&{ID: Object: Endpoint: InputFileID:file_2601271448416469182040111 CompletionWindow: Status:in_progress OutputFileID: ErrorFileID:<nil> CreatedAt:0 InProgressAt:0 ExpiresAt:0 FinalizingAt:0 CompletedAt:0 FailedAt:0 CancelledAt:0 RequestCounts:{Total:0 Completed:0 Failed:0} Metadata:map[] BatchID:batch_2601271448445745598360961 TotalCount:50 CompletedCount:24 FailedCount:0}
[INFO] 2026/01/27 14:49:41 logger.go:71: 查询批量任务结果：map[cancelled_at:<nil> cancelling_at:<nil> completed_at:<nil> completion_window:24h created_at:1.769525323e+09 endpoint:/v1/chat/completions errors:<nil> expired_at:1.769611723e+09 expires_at:1.769611723e+09 failed_at:<nil> finalizing_at:<nil> id:batch_2601271448437416549440118 in_process_at:1.769525324e+09 input_file_id:file_2601271448406476337640105 object:spark output_file_id: request_counts:map[completed:21 failed:1 total:50] sid:bat000dee99@dx19bfe37096d0000572 status:in_progress]
[INFO] 2026/01/27 14:49:41 logger.go:71: 查询批量任务结果：&{ID: Object: Endpoint: InputFileID:file_2601271448406476337640105 CompletionWindow: Status:in_progress OutputFileID: ErrorFileID:<nil> CreatedAt:0 InProgressAt:0 ExpiresAt:0 FinalizingAt:0 CompletedAt:0 FailedAt:0 CancelledAt:0 RequestCounts:{Total:0 Completed:0 Failed:0} Metadata:map[] BatchID:batch_2601271448437416549440118 TotalCount:50 CompletedCount:21 FailedCount:1}
[INFO] 2026/01/27 14:49:41 logger.go:71: 查询批量任务结果：map[cancelled_at:<nil> cancelling_at:<nil> completed_at:<nil> completion_window:24h created_at:1.769525323e+09 endpoint:/v1/chat/completions errors:<nil> expired_at:1.769611723e+09 expires_at:1.769611723e+09 failed_at:<nil> finalizing_at:<nil> id:batch_2601271448439134586160957 in_process_at:1.769525324e+09 input_file_id:file_2601271448408907407760946 object:spark output_file_id: request_counts:map[completed:20 failed:0 total:50] sid:bat000d9d10@dx19bfe370a5c0000572 status:in_progress]
[INFO] 2026/01/27 14:49:41 logger.go:71: 查询批量任务结果：&{ID: Object: Endpoint: InputFileID:file_2601271448408907407760946 CompletionWindow: Status:in_progress OutputFileID: ErrorFileID:<nil> CreatedAt:0 InProgressAt:0 ExpiresAt:0 FinalizingAt:0 CompletedAt:0 FailedAt:0 CancelledAt:0 RequestCounts:{Total:0 Completed:0 Failed:0} Metadata:map[] BatchID:batch_2601271448439134586160957 TotalCount:50 CompletedCount:20 FailedCount:0}
[INFO] 2026/01/27 14:49:41 logger.go:71: 查询批量任务结果：map[cancelled_at:<nil> cancelling_at:<nil> completed_at:<nil> completion_window:24h created_at:1.769525324e+09 endpoint:/v1/chat/completions errors:<nil> expired_at:1.769611724e+09 expires_at:1.769611724e+09 failed_at:<nil> finalizing_at:<nil> id:batch_2601271448440034823460959 in_process_at:1.769525324e+09 input_file_id:file_2601271448409835690260948 object:spark output_file_id: request_counts:map[completed:5 failed:0 total:50] sid:bat000d9d11@dx19bfe370ab80000572 status:in_progress]
[INFO] 2026/01/27 14:49:41 logger.go:71: 查询批量任务结果：&{ID: Object: Endpoint: InputFileID:file_2601271448409835690260948 CompletionWindow: Status:in_progress OutputFileID: ErrorFileID:<nil> CreatedAt:0 InProgressAt:0 ExpiresAt:0 FinalizingAt:0 CompletedAt:0 FailedAt:0 CancelledAt:0 RequestCounts:{Total:0 Completed:0 Failed:0} Metadata:map[] BatchID:batch_2601271448440034823460959 TotalCount:50 CompletedCount:5 FailedCount:0}
[INFO] 2026/01/27 14:49:41 logger.go:71: 查询批量任务结果：map[cancelled_at:<nil> cancelling_at:<nil> completed_at:<nil> completion_window:24h created_at:1.769525324e+09 endpoint:/v1/chat/completions errors:<nil> expired_at:1.769611724e+09 expires_at:1.769611724e+09 failed_at:<nil> finalizing_at:<nil> id:batch_2601271448440822238840120 in_process_at:1.769525324e+09 input_file_id:file_2601271448411018673740107 object:spark output_file_id: request_counts:map[completed:23 failed:0 total:50] sid:bat000d9d12@dx19bfe370afc0000572 status:in_progress]
[INFO] 2026/01/27 14:49:41 logger.go:71: 查询批量任务结果：&{ID: Object: Endpoint: InputFileID:file_2601271448411018673740107 CompletionWindow: Status:in_progress OutputFileID: ErrorFileID:<nil> CreatedAt:0 InProgressAt:0 ExpiresAt:0 FinalizingAt:0 CompletedAt:0 FailedAt:0 CancelledAt:0 RequestCounts:{Total:0 Completed:0 Failed:0} Metadata:map[] BatchID:batch_2601271448440822238840120 TotalCount:50 CompletedCount:23 FailedCount:0}
[INFO] 2026/01/27 14:49:41 logger.go:71: 查询批量任务结果：map[cancelled_at:<nil> cancelling_at:<nil> completed_at:<nil> completion_window:24h created_at:1.769525324e+09 endpoint:/v1/chat/completions errors:<nil> expired_at:1.769611724e+09 expires_at:1.769611724e+09 failed_at:<nil> finalizing_at:<nil> id:batch_2601271448441806721440122 in_process_at:1.769525324e+09 input_file_id:file_2601271448411938908660950 object:spark output_file_id: request_counts:map[completed:2 failed:0 total:50] sid:bat000d9d13@dx19bfe370b460000572 status:in_progress]
[INFO] 2026/01/27 14:49:41 logger.go:71: 查询批量任务结果：&{ID: Object: Endpoint: InputFileID:file_2601271448411938908660950 CompletionWindow: Status:in_progress OutputFileID: ErrorFileID:<nil> CreatedAt:0 InProgressAt:0 ExpiresAt:0 FinalizingAt:0 CompletedAt:0 FailedAt:0 CancelledAt:0 RequestCounts:{Total:0 Completed:0 Failed:0} Metadata:map[] BatchID:batch_2601271448441806721440122 TotalCount:50 CompletedCount:2 FailedCount:0}
[INFO] 2026/01/27 14:49:41 logger.go:71: 查询批量任务结果：map[cancelled_at:<nil> cancelling_at:<nil> completed_at:<nil> completion_window:24h created_at:1.769525324e+09 endpoint:/v1/chat/completions errors:<nil> expired_at:1.769611724e+09 expires_at:1.769611724e+09 failed_at:<nil> finalizing_at:<nil> id:batch_2601271448442762997440124 in_process_at:1.769525324e+09 input_file_id:file_2601271448412736929260952 object:spark output_file_id: request_counts:map[completed:23 failed:0 total:50] sid:bat000dee9a@dx19bfe370b950000572 status:in_progress]
[INFO] 2026/01/27 14:49:41 logger.go:71: 查询批量任务结果：&{ID: Object: Endpoint: InputFileID:file_2601271448412736929260952 CompletionWindow: Status:in_progress OutputFileID: ErrorFileID:<nil> CreatedAt:0 InProgressAt:0 ExpiresAt:0 FinalizingAt:0 CompletedAt:0 FailedAt:0 CancelledAt:0 RequestCounts:{Total:0 Completed:0 Failed:0} Metadata:map[] BatchID:batch_2601271448442762997440124 TotalCount:50 CompletedCount:23 FailedCount:0}
[INFO] 2026/01/27 14:49:41 logger.go:71: 查询批量任务结果：map[cancelled_at:<nil> cancelling_at:<nil> completed_at:<nil> completion_window:24h created_at:1.769525324e+09 endpoint:/v1/chat/completions errors:<nil> expired_at:1.769611724e+09 expires_at:1.769611724e+09 failed_at:<nil> finalizing_at:<nil> id:batch_2601271448444108304240126 in_process_at:1.769525324e+09 input_file_id:file_2601271448413531851960954 object:spark output_file_id: request_counts:map[completed:2 failed:0 total:50] sid:bat000dee9b@dx19bfe370bf80000572 status:in_progress]
[INFO] 2026/01/27 14:49:41 logger.go:71: 查询批量任务结果：&{ID: Object: Endpoint: InputFileID:file_2601271448413531851960954 CompletionWindow: Status:in_progress OutputFileID: ErrorFileID:<nil> CreatedAt:0 InProgressAt:0 ExpiresAt:0 FinalizingAt:0 CompletedAt:0 FailedAt:0 CancelledAt:0 RequestCounts:{Total:0 Completed:0 Failed:0} Metadata:map[] BatchID:batch_2601271448444108304240126 TotalCount:50 CompletedCount:2 FailedCount:0}
[INFO] 2026/01/27 14:49:42 logger.go:71: 查询批量任务结果：map[cancelled_at:<nil> cancelling_at:<nil> completed_at:<nil> completion_window:24h created_at:1.769525324e+09 endpoint:/v1/chat/completions errors:<nil> expired_at:1.769611724e+09 expires_at:1.769611724e+09 failed_at:<nil> finalizing_at:<nil> id:batch_2601271448444893256340128 in_process_at:1.769525324e+09 input_file_id:file_2601271448415529392740109 object:spark output_file_id: request_counts:map[completed:22 failed:0 total:50] sid:bat000dee9c@dx19bfe370c3c0000572 status:in_progress]
[INFO] 2026/01/27 14:49:42 logger.go:71: 查询批量任务结果：&{ID: Object: Endpoint: InputFileID:file_2601271448415529392740109 CompletionWindow: Status:in_progress OutputFileID: ErrorFileID:<nil> CreatedAt:0 InProgressAt:0 ExpiresAt:0 FinalizingAt:0 CompletedAt:0 FailedAt:0 CancelledAt:0 RequestCounts:{Total:0 Completed:0 Failed:0} Metadata:map[] BatchID:batch_2601271448444893256340128 TotalCount:50 CompletedCount:22 FailedCount:0}
[INFO] 2026/01/27 14:49:42 logger.go:71: 查询批量任务结果：map[cancelled_at:<nil> cancelling_at:<nil> completed_at:<nil> completion_window:24h created_at:1.769525324e+09 endpoint:/v1/chat/completions errors:<nil> expired_at:1.769611724e+09 expires_at:1.769611724e+09 failed_at:<nil> finalizing_at:<nil> id:batch_2601271448445745598360961 in_process_at:1.769525324e+09 input_file_id:file_2601271448416469182040111 object:spark output_file_id: request_counts:map[completed:25 failed:0 total:50] sid:bat000dee9d@dx19bfe370c850000572 status:in_progress]
[INFO] 2026/01/27 14:49:42 logger.go:71: 查询批量任务结果：&{ID: Object: Endpoint: InputFileID:file_2601271448416469182040111 CompletionWindow: Status:in_progress OutputFileID: ErrorFileID:<nil> CreatedAt:0 InProgressAt:0 ExpiresAt:0 FinalizingAt:0 CompletedAt:0 FailedAt:0 CancelledAt:0 RequestCounts:{Total:0 Completed:0 Failed:0} Metadata:map[] BatchID:batch_2601271448445745598360961 TotalCount:50 CompletedCount:25 FailedCount:0}
[INFO] 2026/01/27 14:49:44 logger.go:71: 查询批量任务结果：map[cancelled_at:<nil> cancelling_at:<nil> completed_at:<nil> completion_window:24h created_at:1.769525323e+09 endpoint:/v1/chat/completions errors:<nil> expired_at:1.769611723e+09 expires_at:1.769611723e+09 failed_at:<nil> finalizing_at:<nil> id:batch_2601271448437416549440118 in_process_at:1.769525324e+09 input_file_id:file_2601271448406476337640105 object:spark output_file_id: request_counts:map[completed:21 failed:1 total:50] sid:bat000dee9e@dx19bfe3714ae0000572 status:in_progress]
[INFO] 2026/01/27 14:49:44 logger.go:71: 查询批量任务结果：&{ID: Object: Endpoint: InputFileID:file_2601271448406476337640105 CompletionWindow: Status:in_progress OutputFileID: ErrorFileID:<nil> CreatedAt:0 InProgressAt:0 ExpiresAt:0 FinalizingAt:0 CompletedAt:0 FailedAt:0 CancelledAt:0 RequestCounts:{Total:0 Completed:0 Failed:0} Metadata:map[] BatchID:batch_2601271448437416549440118 TotalCount:50 CompletedCount:21 FailedCount:1}
[INFO] 2026/01/27 14:49:44 logger.go:71: 查询批量任务结果：map[cancelled_at:<nil> cancelling_at:<nil> completed_at:<nil> completion_window:24h created_at:1.769525323e+09 endpoint:/v1/chat/completions errors:<nil> expired_at:1.769611723e+09 expires_at:1.769611723e+09 failed_at:<nil> finalizing_at:<nil> id:batch_2601271448439134586160957 in_process_at:1.769525324e+09 input_file_id:file_2601271448408907407760946 object:spark output_file_id: request_counts:map[completed:20 failed:0 total:50] sid:bat000d9d14@dx19bfe3714f40000572 status:in_progress]
[INFO] 2026/01/27 14:49:44 logger.go:71: 查询批量任务结果：&{ID: Object: Endpoint: InputFileID:file_2601271448408907407760946 CompletionWindow: Status:in_progress OutputFileID: ErrorFileID:<nil> CreatedAt:0 InProgressAt:0 ExpiresAt:0 FinalizingAt:0 CompletedAt:0 FailedAt:0 CancelledAt:0 RequestCounts:{Total:0 Completed:0 Failed:0} Metadata:map[] BatchID:batch_2601271448439134586160957 TotalCount:50 CompletedCount:20 FailedCount:0}
[INFO] 2026/01/27 14:49:44 logger.go:71: 查询批量任务结果：map[cancelled_at:<nil> cancelling_at:<nil> completed_at:<nil> completion_window:24h created_at:1.769525324e+09 endpoint:/v1/chat/completions errors:<nil> expired_at:1.769611724e+09 expires_at:1.769611724e+09 failed_at:<nil> finalizing_at:<nil> id:batch_2601271448440034823460959 in_process_at:1.769525324e+09 input_file_id:file_2601271448409835690260948 object:spark output_file_id: request_counts:map[completed:5 failed:0 total:50] sid:bat000dee9f@dx19bfe37153c0000572 status:in_progress]
[INFO] 2026/01/27 14:49:44 logger.go:71: 查询批量任务结果：&{ID: Object: Endpoint: InputFileID:file_2601271448409835690260948 CompletionWindow: Status:in_progress OutputFileID: ErrorFileID:<nil> CreatedAt:0 InProgressAt:0 ExpiresAt:0 FinalizingAt:0 CompletedAt:0 FailedAt:0 CancelledAt:0 RequestCounts:{Total:0 Completed:0 Failed:0} Metadata:map[] BatchID:batch_2601271448440034823460959 TotalCount:50 CompletedCount:5 FailedCount:0}
[INFO] 2026/01/27 14:49:44 logger.go:71: 查询批量任务结果：map[cancelled_at:<nil> cancelling_at:<nil> completed_at:<nil> completion_window:24h created_at:1.769525324e+09 endpoint:/v1/chat/completions errors:<nil> expired_at:1.769611724e+09 expires_at:1.769611724e+09 failed_at:<nil> finalizing_at:<nil> id:batch_2601271448440822238840120 in_process_at:1.769525324e+09 input_file_id:file_2601271448411018673740107 object:spark output_file_id: request_counts:map[completed:23 failed:0 total:50] sid:bat000deea0@dx19bfe3715840000572 status:in_progress]
[INFO] 2026/01/27 14:49:44 logger.go:71: 查询批量任务结果：&{ID: Object: Endpoint: InputFileID:file_2601271448411018673740107 CompletionWindow: Status:in_progress OutputFileID: ErrorFileID:<nil> CreatedAt:0 InProgressAt:0 ExpiresAt:0 FinalizingAt:0 CompletedAt:0 FailedAt:0 CancelledAt:0 RequestCounts:{Total:0 Completed:0 Failed:0} Metadata:map[] BatchID:batch_2601271448440822238840120 TotalCount:50 CompletedCount:23 FailedCount:0}
[INFO] 2026/01/27 14:49:44 logger.go:71: 查询批量任务结果：map[cancelled_at:<nil> cancelling_at:<nil> completed_at:<nil> completion_window:24h created_at:1.769525324e+09 endpoint:/v1/chat/completions errors:<nil> expired_at:1.769611724e+09 expires_at:1.769611724e+09 failed_at:<nil> finalizing_at:<nil> id:batch_2601271448441806721440122 in_process_at:1.769525324e+09 input_file_id:file_2601271448411938908660950 object:spark output_file_id: request_counts:map[completed:2 failed:0 total:50] sid:bat000d9d15@dx19bfe3715d10000572 status:in_progress]
[INFO] 2026/01/27 14:49:44 logger.go:71: 查询批量任务结果：&{ID: Object: Endpoint: InputFileID:file_2601271448411938908660950 CompletionWindow: Status:in_progress OutputFileID: ErrorFileID:<nil> CreatedAt:0 InProgressAt:0 ExpiresAt:0 FinalizingAt:0 CompletedAt:0 FailedAt:0 CancelledAt:0 RequestCounts:{Total:0 Completed:0 Failed:0} Metadata:map[] BatchID:batch_2601271448441806721440122 TotalCount:50 CompletedCount:2 FailedCount:0}
[INFO] 2026/01/27 14:49:44 logger.go:71: 查询批量任务结果：map[cancelled_at:<nil> cancelling_at:<nil> completed_at:<nil> completion_window:24h created_at:1.769525324e+09 endpoint:/v1/chat/completions errors:<nil> expired_at:1.769611724e+09 expires_at:1.769611724e+09 failed_at:<nil> finalizing_at:<nil> id:batch_2601271448442762997440124 in_process_at:1.769525324e+09 input_file_id:file_2601271448412736929260952 object:spark output_file_id: request_counts:map[completed:23 failed:0 total:50] sid:bat000deea1@dx19bfe3716150000572 status:in_progress]
[INFO] 2026/01/27 14:49:44 logger.go:71: 查询批量任务结果：&{ID: Object: Endpoint: InputFileID:file_2601271448412736929260952 CompletionWindow: Status:in_progress OutputFileID: ErrorFileID:<nil> CreatedAt:0 InProgressAt:0 ExpiresAt:0 FinalizingAt:0 CompletedAt:0 FailedAt:0 CancelledAt:0 RequestCounts:{Total:0 Completed:0 Failed:0} Metadata:map[] BatchID:batch_2601271448442762997440124 TotalCount:50 CompletedCount:23 FailedCount:0}
[INFO] 2026/01/27 14:49:44 logger.go:71: 查询批量任务结果：map[cancelled_at:<nil> cancelling_at:<nil> completed_at:<nil> completion_window:24h created_at:1.769525324e+09 endpoint:/v1/chat/completions errors:<nil> expired_at:1.769611724e+09 expires_at:1.769611724e+09 failed_at:<nil> finalizing_at:<nil> id:batch_2601271448444108304240126 in_process_at:1.769525324e+09 input_file_id:file_2601271448413531851960954 object:spark output_file_id: request_counts:map[completed:2 failed:0 total:50] sid:bat000d9d16@dx19bfe3716640000572 status:in_progress]
[INFO] 2026/01/27 14:49:44 logger.go:71: 查询批量任务结果：&{ID: Object: Endpoint: InputFileID:file_2601271448413531851960954 CompletionWindow: Status:in_progress OutputFileID: ErrorFileID:<nil> CreatedAt:0 InProgressAt:0 ExpiresAt:0 FinalizingAt:0 CompletedAt:0 FailedAt:0 CancelledAt:0 RequestCounts:{Total:0 Completed:0 Failed:0} Metadata:map[] BatchID:batch_2601271448444108304240126 TotalCount:50 CompletedCount:2 FailedCount:0}
[INFO] 2026/01/27 14:49:44 logger.go:71: 查询批量任务结果：map[cancelled_at:<nil> cancelling_at:<nil> completed_at:<nil> completion_window:24h created_at:1.769525324e+09 endpoint:/v1/chat/completions errors:<nil> expired_at:1.769611724e+09 expires_at:1.769611724e+09 failed_at:<nil> finalizing_at:<nil> id:batch_2601271448444893256340128 in_process_at:1.769525324e+09 input_file_id:file_2601271448415529392740109 object:spark output_file_id: request_counts:map[completed:22 failed:0 total:50] sid:bat000d9d17@dx19bfe3716b80000572 status:in_progress]
[INFO] 2026/01/27 14:49:44 logger.go:71: 查询批量任务结果：&{ID: Object: Endpoint: InputFileID:file_2601271448415529392740109 CompletionWindow: Status:in_progress OutputFileID: ErrorFileID:<nil> CreatedAt:0 InProgressAt:0 ExpiresAt:0 FinalizingAt:0 CompletedAt:0 FailedAt:0 CancelledAt:0 RequestCounts:{Total:0 Completed:0 Failed:0} Metadata:map[] BatchID:batch_2601271448444893256340128 TotalCount:50 CompletedCount:22 FailedCount:0}
[INFO] 2026/01/27 14:49:44 logger.go:71: 查询批量任务结果：map[cancelled_at:<nil> cancelling_at:<nil> completed_at:<nil> completion_window:24h created_at:1.769525324e+09 endpoint:/v1/chat/completions errors:<nil> expired_at:1.769611724e+09 expires_at:1.769611724e+09 failed_at:<nil> finalizing_at:<nil> id:batch_2601271448445745598360961 in_process_at:1.769525324e+09 input_file_id:file_2601271448416469182040111 object:spark output_file_id: request_counts:map[completed:26 failed:0 total:50] sid:bat000d9d18@dx19bfe37174f0000572 status:in_progress]
[INFO] 2026/01/27 14:49:44 logger.go:71: 查询批量任务结果：&{ID: Object: Endpoint: InputFileID:file_2601271448416469182040111 CompletionWindow: Status:in_progress OutputFileID: ErrorFileID:<nil> CreatedAt:0 InProgressAt:0 ExpiresAt:0 FinalizingAt:0 CompletedAt:0 FailedAt:0 CancelledAt:0 RequestCounts:{Total:0 Completed:0 Failed:0} Metadata:map[] BatchID:batch_2601271448445745598360961 TotalCount:50 CompletedCount:26 FailedCount:0}
[INFO] 2026/01/27 14:49:46 logger.go:71: 查询批量任务结果：map[cancelled_at:<nil> cancelling_at:<nil> completed_at:<nil> completion_window:24h created_at:1.769525323e+09 endpoint:/v1/chat/completions errors:<nil> expired_at:1.769611723e+09 expires_at:1.769611723e+09 failed_at:<nil> finalizing_at:<nil> id:batch_2601271448437416549440118 in_process_at:1.769525324e+09 input_file_id:file_2601271448406476337640105 object:spark output_file_id: request_counts:map[completed:21 failed:1 total:50] sid:bat000deea2@dx19bfe371f7e0000572 status:in_progress]
[INFO] 2026/01/27 14:49:46 logger.go:71: 查询批量任务结果：&{ID: Object: Endpoint: InputFileID:file_2601271448406476337640105 CompletionWindow: Status:in_progress OutputFileID: ErrorFileID:<nil> CreatedAt:0 InProgressAt:0 ExpiresAt:0 FinalizingAt:0 CompletedAt:0 FailedAt:0 CancelledAt:0 RequestCounts:{Total:0 Completed:0 Failed:0} Metadata:map[] BatchID:batch_2601271448437416549440118 TotalCount:50 CompletedCount:21 FailedCount:1}
[INFO] 2026/01/27 14:49:47 logger.go:71: 查询批量任务结果：map[cancelled_at:<nil> cancelling_at:<nil> completed_at:<nil> completion_window:24h created_at:1.769525323e+09 endpoint:/v1/chat/completions errors:<nil> expired_at:1.769611723e+09 expires_at:1.769611723e+09 failed_at:<nil> finalizing_at:<nil> id:batch_2601271448439134586160957 in_process_at:1.769525324e+09 input_file_id:file_2601271448408907407760946 object:spark output_file_id: request_counts:map[completed:20 failed:0 total:50] sid:bat000deea3@dx19bfe371fc00000572 status:in_progress]
[INFO] 2026/01/27 14:49:47 logger.go:71: 查询批量任务结果：&{ID: Object: Endpoint: InputFileID:file_2601271448408907407760946 CompletionWindow: Status:in_progress OutputFileID: ErrorFileID:<nil> CreatedAt:0 InProgressAt:0 ExpiresAt:0 FinalizingAt:0 CompletedAt:0 FailedAt:0 CancelledAt:0 RequestCounts:{Total:0 Completed:0 Failed:0} Metadata:map[] BatchID:batch_2601271448439134586160957 TotalCount:50 CompletedCount:20 FailedCount:0}
[INFO] 2026/01/27 14:49:47 logger.go:71: 查询批量任务结果：map[cancelled_at:<nil> cancelling_at:<nil> completed_at:<nil> completion_window:24h created_at:1.769525324e+09 endpoint:/v1/chat/completions errors:<nil> expired_at:1.769611724e+09 expires_at:1.769611724e+09 failed_at:<nil> finalizing_at:<nil> id:batch_2601271448440034823460959 in_process_at:1.769525324e+09 input_file_id:file_2601271448409835690260948 object:spark output_file_id: request_counts:map[completed:5 failed:0 total:50] sid:bat000deea4@dx19bfe37200a0000572 status:in_progress]
[INFO] 2026/01/27 14:49:47 logger.go:71: 查询批量任务结果：&{ID: Object: Endpoint: InputFileID:file_2601271448409835690260948 CompletionWindow: Status:in_progress OutputFileID: ErrorFileID:<nil> CreatedAt:0 InProgressAt:0 ExpiresAt:0 FinalizingAt:0 CompletedAt:0 FailedAt:0 CancelledAt:0 RequestCounts:{Total:0 Completed:0 Failed:0} Metadata:map[] BatchID:batch_2601271448440034823460959 TotalCount:50 CompletedCount:5 FailedCount:0}
[INFO] 2026/01/27 14:49:47 logger.go:71: 查询批量任务结果：map[cancelled_at:<nil> cancelling_at:<nil> completed_at:<nil> completion_window:24h created_at:1.769525324e+09 endpoint:/v1/chat/completions errors:<nil> expired_at:1.769611724e+09 expires_at:1.769611724e+09 failed_at:<nil> finalizing_at:<nil> id:batch_2601271448440822238840120 in_process_at:1.769525324e+09 input_file_id:file_2601271448411018673740107 object:spark output_file_id: request_counts:map[completed:23 failed:0 total:50] sid:bat000deea5@dx19bfe37204f0000572 status:in_progress]
[INFO] 2026/01/27 14:49:47 logger.go:71: 查询批量任务结果：&{ID: Object: Endpoint: InputFileID:file_2601271448411018673740107 CompletionWindow: Status:in_progress OutputFileID: ErrorFileID:<nil> CreatedAt:0 InProgressAt:0 ExpiresAt:0 FinalizingAt:0 CompletedAt:0 FailedAt:0 CancelledAt:0 RequestCounts:{Total:0 Completed:0 Failed:0} Metadata:map[] BatchID:batch_2601271448440822238840120 TotalCount:50 CompletedCount:23 FailedCount:0}
[INFO] 2026/01/27 14:49:47 logger.go:71: 查询批量任务结果：map[cancelled_at:<nil> cancelling_at:<nil> completed_at:<nil> completion_window:24h created_at:1.769525324e+09 endpoint:/v1/chat/completions errors:<nil> expired_at:1.769611724e+09 expires_at:1.769611724e+09 failed_at:<nil> finalizing_at:<nil> id:batch_2601271448441806721440122 in_process_at:1.769525324e+09 input_file_id:file_2601271448411938908660950 object:spark output_file_id: request_counts:map[completed:2 failed:0 total:50] sid:bat000deea6@dx19bfe3720900000572 status:in_progress]
[INFO] 2026/01/27 14:49:47 logger.go:71: 查询批量任务结果：&{ID: Object: Endpoint: InputFileID:file_2601271448411938908660950 CompletionWindow: Status:in_progress OutputFileID: ErrorFileID:<nil> CreatedAt:0 InProgressAt:0 ExpiresAt:0 FinalizingAt:0 CompletedAt:0 FailedAt:0 CancelledAt:0 RequestCounts:{Total:0 Completed:0 Failed:0} Metadata:map[] BatchID:batch_2601271448441806721440122 TotalCount:50 CompletedCount:2 FailedCount:0}
[INFO] 2026/01/27 14:49:47 logger.go:71: 查询批量任务结果：map[cancelled_at:<nil> cancelling_at:<nil> completed_at:<nil> completion_window:24h created_at:1.769525324e+09 endpoint:/v1/chat/completions errors:<nil> expired_at:1.769611724e+09 expires_at:1.769611724e+09 failed_at:<nil> finalizing_at:<nil> id:batch_2601271448442762997440124 in_process_at:1.769525324e+09 input_file_id:file_2601271448412736929260952 object:spark output_file_id: request_counts:map[completed:24 failed:0 total:50] sid:bat000deea7@dx19bfe3720de0000572 status:in_progress]
[INFO] 2026/01/27 14:49:47 logger.go:71: 查询批量任务结果：&{ID: Object: Endpoint: InputFileID:file_2601271448412736929260952 CompletionWindow: Status:in_progress OutputFileID: ErrorFileID:<nil> CreatedAt:0 InProgressAt:0 ExpiresAt:0 FinalizingAt:0 CompletedAt:0 FailedAt:0 CancelledAt:0 RequestCounts:{Total:0 Completed:0 Failed:0} Metadata:map[] BatchID:batch_2601271448442762997440124 TotalCount:50 CompletedCount:24 FailedCount:0}
[INFO] 2026/01/27 14:49:47 logger.go:71: 查询批量任务结果：map[cancelled_at:<nil> cancelling_at:<nil> completed_at:<nil> completion_window:24h created_at:1.769525324e+09 endpoint:/v1/chat/completions errors:<nil> expired_at:1.769611724e+09 expires_at:1.769611724e+09 failed_at:<nil> finalizing_at:<nil> id:batch_2601271448444108304240126 in_process_at:1.769525324e+09 input_file_id:file_2601271448413531851960954 object:spark output_file_id: request_counts:map[completed:2 failed:0 total:50] sid:bat000d9d19@dx19bfe37216d0000572 status:in_progress]
[INFO] 2026/01/27 14:49:47 logger.go:71: 查询批量任务结果：&{ID: Object: Endpoint: InputFileID:file_2601271448413531851960954 CompletionWindow: Status:in_progress OutputFileID: ErrorFileID:<nil> CreatedAt:0 InProgressAt:0 ExpiresAt:0 FinalizingAt:0 CompletedAt:0 FailedAt:0 CancelledAt:0 RequestCounts:{Total:0 Completed:0 Failed:0} Metadata:map[] BatchID:batch_2601271448444108304240126 TotalCount:50 CompletedCount:2 FailedCount:0}
[INFO] 2026/01/27 14:49:47 logger.go:71: 查询批量任务结果：map[cancelled_at:<nil> cancelling_at:<nil> completed_at:<nil> completion_window:24h created_at:1.769525324e+09 endpoint:/v1/chat/completions errors:<nil> expired_at:1.769611724e+09 expires_at:1.769611724e+09 failed_at:<nil> finalizing_at:<nil> id:batch_2601271448444893256340128 in_process_at:1.769525324e+09 input_file_id:file_2601271448415529392740109 object:spark output_file_id: request_counts:map[completed:22 failed:0 total:50] sid:bat000d9d1a@dx19bfe3721b10000572 status:in_progress]
[INFO] 2026/01/27 14:49:47 logger.go:71: 查询批量任务结果：&{ID: Object: Endpoint: InputFileID:file_2601271448415529392740109 CompletionWindow: Status:in_progress OutputFileID: ErrorFileID:<nil> CreatedAt:0 InProgressAt:0 ExpiresAt:0 FinalizingAt:0 CompletedAt:0 FailedAt:0 CancelledAt:0 RequestCounts:{Total:0 Completed:0 Failed:0} Metadata:map[] BatchID:batch_2601271448444893256340128 TotalCount:50 CompletedCount:22 FailedCount:0}
[INFO] 2026/01/27 14:49:47 logger.go:71: 查询批量任务结果：map[cancelled_at:<nil> cancelling_at:<nil> completed_at:<nil> completion_window:24h created_at:1.769525324e+09 endpoint:/v1/chat/completions errors:<nil> expired_at:1.769611724e+09 expires_at:1.769611724e+09 failed_at:<nil> finalizing_at:<nil> id:batch_2601271448445745598360961 in_process_at:1.769525324e+09 input_file_id:file_2601271448416469182040111 object:spark output_file_id: request_counts:map[completed:26 failed:0 total:50] sid:bat000d9d1b@dx19bfe3722110000572 status:in_progress]
[INFO] 2026/01/27 14:49:47 logger.go:71: 查询批量任务结果：&{ID: Object: Endpoint: InputFileID:file_2601271448416469182040111 CompletionWindow: Status:in_progress OutputFileID: ErrorFileID:<nil> CreatedAt:0 InProgressAt:0 ExpiresAt:0 FinalizingAt:0 CompletedAt:0 FailedAt:0 CancelledAt:0 RequestCounts:{Total:0 Completed:0 Failed:0} Metadata:map[] BatchID:batch_2601271448445745598360961 TotalCount:50 CompletedCount:26 FailedCount:0}
[INFO] 2026/01/27 14:49:49 logger.go:71: 查询批量任务结果：map[cancelled_at:<nil> cancelling_at:<nil> completed_at:<nil> completion_window:24h created_at:1.769525323e+09 endpoint:/v1/chat/completions errors:<nil> expired_at:1.769611723e+09 expires_at:1.769611723e+09 failed_at:<nil> finalizing_at:<nil> id:batch_2601271448437416549440118 in_process_at:1.769525324e+09 input_file_id:file_2601271448406476337640105 object:spark output_file_id: request_counts:map[completed:24 failed:1 total:50] sid:bat000deea8@dx19bfe372a2d0000572 status:in_progress]
[INFO] 2026/01/27 14:49:49 logger.go:71: 查询批量任务结果：&{ID: Object: Endpoint: InputFileID:file_2601271448406476337640105 CompletionWindow: Status:in_progress OutputFileID: ErrorFileID:<nil> CreatedAt:0 InProgressAt:0 ExpiresAt:0 FinalizingAt:0 CompletedAt:0 FailedAt:0 CancelledAt:0 RequestCounts:{Total:0 Completed:0 Failed:0} Metadata:map[] BatchID:batch_2601271448437416549440118 TotalCount:50 CompletedCount:24 FailedCount:1}
[INFO] 2026/01/27 14:49:49 logger.go:71: 查询批量任务结果：map[cancelled_at:<nil> cancelling_at:<nil> completed_at:<nil> completion_window:24h created_at:1.769525323e+09 endpoint:/v1/chat/completions errors:<nil> expired_at:1.769611723e+09 expires_at:1.769611723e+09 failed_at:<nil> finalizing_at:<nil> id:batch_2601271448439134586160957 in_process_at:1.769525324e+09 input_file_id:file_2601271448408907407760946 object:spark output_file_id: request_counts:map[completed:22 failed:0 total:50] sid:bat000deea9@dx19bfe372a830000572 status:in_progress]
[INFO] 2026/01/27 14:49:49 logger.go:71: 查询批量任务结果：&{ID: Object: Endpoint: InputFileID:file_2601271448408907407760946 CompletionWindow: Status:in_progress OutputFileID: ErrorFileID:<nil> CreatedAt:0 InProgressAt:0 ExpiresAt:0 FinalizingAt:0 CompletedAt:0 FailedAt:0 CancelledAt:0 RequestCounts:{Total:0 Completed:0 Failed:0} Metadata:map[] BatchID:batch_2601271448439134586160957 TotalCount:50 CompletedCount:22 FailedCount:0}
[INFO] 2026/01/27 14:49:49 logger.go:71: 查询批量任务结果：map[cancelled_at:<nil> cancelling_at:<nil> completed_at:<nil> completion_window:24h created_at:1.769525324e+09 endpoint:/v1/chat/completions errors:<nil> expired_at:1.769611724e+09 expires_at:1.769611724e+09 failed_at:<nil> finalizing_at:<nil> id:batch_2601271448440034823460959 in_process_at:1.769525324e+09 input_file_id:file_2601271448409835690260948 object:spark output_file_id: request_counts:map[completed:5 failed:0 total:50] sid:bat000d9d1c@dx19bfe372ac90000572 status:in_progress]
[INFO] 2026/01/27 14:49:49 logger.go:71: 查询批量任务结果：&{ID: Object: Endpoint: InputFileID:file_2601271448409835690260948 CompletionWindow: Status:in_progress OutputFileID: ErrorFileID:<nil> CreatedAt:0 InProgressAt:0 ExpiresAt:0 FinalizingAt:0 CompletedAt:0 FailedAt:0 CancelledAt:0 RequestCounts:{Total:0 Completed:0 Failed:0} Metadata:map[] BatchID:batch_2601271448440034823460959 TotalCount:50 CompletedCount:5 FailedCount:0}
[INFO] 2026/01/27 14:49:49 logger.go:71: 查询批量任务结果：map[cancelled_at:<nil> cancelling_at:<nil> completed_at:<nil> completion_window:24h created_at:1.769525324e+09 endpoint:/v1/chat/completions errors:<nil> expired_at:1.769611724e+09 expires_at:1.769611724e+09 failed_at:<nil> finalizing_at:<nil> id:batch_2601271448440822238840120 in_process_at:1.769525324e+09 input_file_id:file_2601271448411018673740107 object:spark output_file_id: request_counts:map[completed:26 failed:0 total:50] sid:bat000deeaa@dx19bfe372b1b0000572 status:in_progress]
[INFO] 2026/01/27 14:49:49 logger.go:71: 查询批量任务结果：&{ID: Object: Endpoint: InputFileID:file_2601271448411018673740107 CompletionWindow: Status:in_progress OutputFileID: ErrorFileID:<nil> CreatedAt:0 InProgressAt:0 ExpiresAt:0 FinalizingAt:0 CompletedAt:0 FailedAt:0 CancelledAt:0 RequestCounts:{Total:0 Completed:0 Failed:0} Metadata:map[] BatchID:batch_2601271448440822238840120 TotalCount:50 CompletedCount:26 FailedCount:0}
[INFO] 2026/01/27 14:49:50 logger.go:71: 查询批量任务结果：map[cancelled_at:<nil> cancelling_at:<nil> completed_at:<nil> completion_window:24h created_at:1.769525324e+09 endpoint:/v1/chat/completions errors:<nil> expired_at:1.769611724e+09 expires_at:1.769611724e+09 failed_at:<nil> finalizing_at:<nil> id:batch_2601271448441806721440122 in_process_at:1.769525324e+09 input_file_id:file_2601271448411938908660950 object:spark output_file_id: request_counts:map[completed:2 failed:0 total:50] sid:bat000d9d1d@dx19bfe372bc00000572 status:in_progress]
[INFO] 2026/01/27 14:49:50 logger.go:71: 查询批量任务结果：&{ID: Object: Endpoint: InputFileID:file_2601271448411938908660950 CompletionWindow: Status:in_progress OutputFileID: ErrorFileID:<nil> CreatedAt:0 InProgressAt:0 ExpiresAt:0 FinalizingAt:0 CompletedAt:0 FailedAt:0 CancelledAt:0 RequestCounts:{Total:0 Completed:0 Failed:0} Metadata:map[] BatchID:batch_2601271448441806721440122 TotalCount:50 CompletedCount:2 FailedCount:0}
[INFO] 2026/01/27 14:49:50 logger.go:71: 查询批量任务结果：map[cancelled_at:<nil> cancelling_at:<nil> completed_at:<nil> completion_window:24h created_at:1.769525324e+09 endpoint:/v1/chat/completions errors:<nil> expired_at:1.769611724e+09 expires_at:1.769611724e+09 failed_at:<nil> finalizing_at:<nil> id:batch_2601271448442762997440124 in_process_at:1.769525324e+09 input_file_id:file_2601271448412736929260952 object:spark output_file_id: request_counts:map[completed:26 failed:0 total:50] sid:bat000deeab@dx19bfe372c080000572 status:in_progress]
[INFO] 2026/01/27 14:49:50 logger.go:71: 查询批量任务结果：&{ID: Object: Endpoint: InputFileID:file_2601271448412736929260952 CompletionWindow: Status:in_progress OutputFileID: ErrorFileID:<nil> CreatedAt:0 InProgressAt:0 ExpiresAt:0 FinalizingAt:0 CompletedAt:0 FailedAt:0 CancelledAt:0 RequestCounts:{Total:0 Completed:0 Failed:0} Metadata:map[] BatchID:batch_2601271448442762997440124 TotalCount:50 CompletedCount:26 FailedCount:0}
[INFO] 2026/01/27 14:49:50 logger.go:71: 查询批量任务结果：map[cancelled_at:<nil> cancelling_at:<nil> completed_at:<nil> completion_window:24h created_at:1.769525324e+09 endpoint:/v1/chat/completions errors:<nil> expired_at:1.769611724e+09 expires_at:1.769611724e+09 failed_at:<nil> finalizing_at:<nil> id:batch_2601271448444108304240126 in_process_at:1.769525324e+09 input_file_id:file_2601271448413531851960954 object:spark output_file_id: request_counts:map[completed:2 failed:0 total:50] sid:bat000d9d1e@dx19bfe372c590000572 status:in_progress]
[INFO] 2026/01/27 14:49:50 logger.go:71: 查询批量任务结果：&{ID: Object: Endpoint: InputFileID:file_2601271448413531851960954 CompletionWindow: Status:in_progress OutputFileID: ErrorFileID:<nil> CreatedAt:0 InProgressAt:0 ExpiresAt:0 FinalizingAt:0 CompletedAt:0 FailedAt:0 CancelledAt:0 RequestCounts:{Total:0 Completed:0 Failed:0} Metadata:map[] BatchID:batch_2601271448444108304240126 TotalCount:50 CompletedCount:2 FailedCount:0}
[INFO] 2026/01/27 14:49:50 logger.go:71: 查询批量任务结果：map[cancelled_at:<nil> cancelling_at:<nil> completed_at:<nil> completion_window:24h created_at:1.769525324e+09 endpoint:/v1/chat/completions errors:<nil> expired_at:1.769611724e+09 expires_at:1.769611724e+09 failed_at:<nil> finalizing_at:<nil> id:batch_2601271448444893256340128 in_process_at:1.769525324e+09 input_file_id:file_2601271448415529392740109 object:spark output_file_id: request_counts:map[completed:24 failed:0 total:50] sid:bat000deeac@dx19bfe372c9e0000572 status:in_progress]
[INFO] 2026/01/27 14:49:50 logger.go:71: 查询批量任务结果：&{ID: Object: Endpoint: InputFileID:file_2601271448415529392740109 CompletionWindow: Status:in_progress OutputFileID: ErrorFileID:<nil> CreatedAt:0 InProgressAt:0 ExpiresAt:0 FinalizingAt:0 CompletedAt:0 FailedAt:0 CancelledAt:0 RequestCounts:{Total:0 Completed:0 Failed:0} Metadata:map[] BatchID:batch_2601271448444893256340128 TotalCount:50 CompletedCount:24 FailedCount:0}
[INFO] 2026/01/27 14:49:50 logger.go:71: 查询批量任务结果：map[cancelled_at:<nil> cancelling_at:<nil> completed_at:<nil> completion_window:24h created_at:1.769525324e+09 endpoint:/v1/chat/completions errors:<nil> expired_at:1.769611724e+09 expires_at:1.769611724e+09 failed_at:<nil> finalizing_at:<nil> id:batch_2601271448445745598360961 in_process_at:1.769525324e+09 input_file_id:file_2601271448416469182040111 object:spark output_file_id: request_counts:map[completed:29 failed:0 total:50] sid:bat000deead@dx19bfe372ce20000572 status:in_progress]
[INFO] 2026/01/27 14:49:50 logger.go:71: 查询批量任务结果：&{ID: Object: Endpoint: InputFileID:file_2601271448416469182040111 CompletionWindow: Status:in_progress OutputFileID: ErrorFileID:<nil> CreatedAt:0 InProgressAt:0 ExpiresAt:0 FinalizingAt:0 CompletedAt:0 FailedAt:0 CancelledAt:0 RequestCounts:{Total:0 Completed:0 Failed:0} Metadata:map[] BatchID:batch_2601271448445745598360961 TotalCount:50 CompletedCount:29 FailedCount:0}
[INFO] 2026/01/27 14:49:52 logger.go:71: 查询批量任务结果：map[cancelled_at:<nil> cancelling_at:<nil> completed_at:<nil> completion_window:24h created_at:1.769525323e+09 endpoint:/v1/chat/completions errors:<nil> expired_at:1.769611723e+09 expires_at:1.769611723e+09 failed_at:<nil> finalizing_at:<nil> id:batch_2601271448437416549440118 in_process_at:1.769525324e+09 input_file_id:file_2601271448406476337640105 object:spark output_file_id: request_counts:map[completed:27 failed:1 total:50] sid:bat000deeae@dx19bfe37350f0000572 status:in_progress]
[INFO] 2026/01/27 14:49:52 logger.go:71: 查询批量任务结果：&{ID: Object: Endpoint: InputFileID:file_2601271448406476337640105 CompletionWindow: Status:in_progress OutputFileID: ErrorFileID:<nil> CreatedAt:0 InProgressAt:0 ExpiresAt:0 FinalizingAt:0 CompletedAt:0 FailedAt:0 CancelledAt:0 RequestCounts:{Total:0 Completed:0 Failed:0} Metadata:map[] BatchID:batch_2601271448437416549440118 TotalCount:50 CompletedCount:27 FailedCount:1}
[INFO] 2026/01/27 14:49:52 logger.go:71: 查询批量任务结果：map[cancelled_at:<nil> cancelling_at:<nil> completed_at:<nil> completion_window:24h created_at:1.769525323e+09 endpoint:/v1/chat/completions errors:<nil> expired_at:1.769611723e+09 expires_at:1.769611723e+09 failed_at:<nil> finalizing_at:<nil> id:batch_2601271448439134586160957 in_process_at:1.769525324e+09 input_file_id:file_2601271448408907407760946 object:spark output_file_id: request_counts:map[completed:25 failed:0 total:50] sid:bat000deeaf@dx19bfe3735600000572 status:in_progress]
[INFO] 2026/01/27 14:49:52 logger.go:71: 查询批量任务结果：&{ID: Object: Endpoint: InputFileID:file_2601271448408907407760946 CompletionWindow: Status:in_progress OutputFileID: ErrorFileID:<nil> CreatedAt:0 InProgressAt:0 ExpiresAt:0 FinalizingAt:0 CompletedAt:0 FailedAt:0 CancelledAt:0 RequestCounts:{Total:0 Completed:0 Failed:0} Metadata:map[] BatchID:batch_2601271448439134586160957 TotalCount:50 CompletedCount:25 FailedCount:0}
[INFO] 2026/01/27 14:49:52 logger.go:71: 查询批量任务结果：map[cancelled_at:<nil> cancelling_at:<nil> completed_at:<nil> completion_window:24h created_at:1.769525324e+09 endpoint:/v1/chat/completions errors:<nil> expired_at:1.769611724e+09 expires_at:1.769611724e+09 failed_at:<nil> finalizing_at:<nil> id:batch_2601271448440034823460959 in_process_at:1.769525324e+09 input_file_id:file_2601271448409835690260948 object:spark output_file_id: request_counts:map[completed:5 failed:0 total:50] sid:bat000deeb0@dx19bfe3735a80000572 status:in_progress]
[INFO] 2026/01/27 14:49:52 logger.go:71: 查询批量任务结果：&{ID: Object: Endpoint: InputFileID:file_2601271448409835690260948 CompletionWindow: Status:in_progress OutputFileID: ErrorFileID:<nil> CreatedAt:0 InProgressAt:0 ExpiresAt:0 FinalizingAt:0 CompletedAt:0 FailedAt:0 CancelledAt:0 RequestCounts:{Total:0 Completed:0 Failed:0} Metadata:map[] BatchID:batch_2601271448440034823460959 TotalCount:50 CompletedCount:5 FailedCount:0}
[INFO] 2026/01/27 14:49:52 logger.go:71: 查询批量任务结果：map[cancelled_at:<nil> cancelling_at:<nil> completed_at:<nil> completion_window:24h created_at:1.769525324e+09 endpoint:/v1/chat/completions errors:<nil> expired_at:1.769611724e+09 expires_at:1.769611724e+09 failed_at:<nil> finalizing_at:<nil> id:batch_2601271448440822238840120 in_process_at:1.769525324e+09 input_file_id:file_2601271448411018673740107 object:spark output_file_id: request_counts:map[completed:27 failed:0 total:50] sid:bat000d9d1f@dx19bfe3735ed0000572 status:in_progress]
[INFO] 2026/01/27 14:49:52 logger.go:71: 查询批量任务结果：&{ID: Object: Endpoint: InputFileID:file_2601271448411018673740107 CompletionWindow: Status:in_progress OutputFileID: ErrorFileID:<nil> CreatedAt:0 InProgressAt:0 ExpiresAt:0 FinalizingAt:0 CompletedAt:0 FailedAt:0 CancelledAt:0 RequestCounts:{Total:0 Completed:0 Failed:0} Metadata:map[] BatchID:batch_2601271448440822238840120 TotalCount:50 CompletedCount:27 FailedCount:0}
[INFO] 2026/01/27 14:49:52 logger.go:71: 查询批量任务结果：map[cancelled_at:<nil> cancelling_at:<nil> completed_at:<nil> completion_window:24h created_at:1.769525324e+09 endpoint:/v1/chat/completions errors:<nil> expired_at:1.769611724e+09 expires_at:1.769611724e+09 failed_at:<nil> finalizing_at:<nil> id:batch_2601271448441806721440122 in_process_at:1.769525324e+09 input_file_id:file_2601271448411938908660950 object:spark output_file_id: request_counts:map[completed:2 failed:0 total:50] sid:bat000d9d20@dx19bfe3736310000572 status:in_progress]
[INFO] 2026/01/27 14:49:52 logger.go:71: 查询批量任务结果：&{ID: Object: Endpoint: InputFileID:file_2601271448411938908660950 CompletionWindow: Status:in_progress OutputFileID: ErrorFileID:<nil> CreatedAt:0 InProgressAt:0 ExpiresAt:0 FinalizingAt:0 CompletedAt:0 FailedAt:0 CancelledAt:0 RequestCounts:{Total:0 Completed:0 Failed:0} Metadata:map[] BatchID:batch_2601271448441806721440122 TotalCount:50 CompletedCount:2 FailedCount:0}
[INFO] 2026/01/27 14:49:52 logger.go:71: 查询批量任务结果：map[cancelled_at:<nil> cancelling_at:<nil> completed_at:<nil> completion_window:24h created_at:1.769525324e+09 endpoint:/v1/chat/completions errors:<nil> expired_at:1.769611724e+09 expires_at:1.769611724e+09 failed_at:<nil> finalizing_at:<nil> id:batch_2601271448442762997440124 in_process_at:1.769525324e+09 input_file_id:file_2601271448412736929260952 object:spark output_file_id: request_counts:map[completed:30 failed:0 total:50] sid:bat000d9d21@dx19bfe3736740000572 status:in_progress]
[INFO] 2026/01/27 14:49:52 logger.go:71: 查询批量任务结果：&{ID: Object: Endpoint: InputFileID:file_2601271448412736929260952 CompletionWindow: Status:in_progress OutputFileID: ErrorFileID:<nil> CreatedAt:0 InProgressAt:0 ExpiresAt:0 FinalizingAt:0 CompletedAt:0 FailedAt:0 CancelledAt:0 RequestCounts:{Total:0 Completed:0 Failed:0} Metadata:map[] BatchID:batch_2601271448442762997440124 TotalCount:50 CompletedCount:30 FailedCount:0}
[INFO] 2026/01/27 14:49:52 logger.go:71: 查询批量任务结果：map[cancelled_at:<nil> cancelling_at:<nil> completed_at:<nil> completion_window:24h created_at:1.769525324e+09 endpoint:/v1/chat/completions errors:<nil> expired_at:1.769611724e+09 expires_at:1.769611724e+09 failed_at:<nil> finalizing_at:<nil> id:batch_2601271448444108304240126 in_process_at:1.769525324e+09 input_file_id:file_2601271448413531851960954 object:spark output_file_id: request_counts:map[completed:2 failed:0 total:50] sid:bat000d9d22@dx19bfe3736bf0000572 status:in_progress]
[INFO] 2026/01/27 14:49:52 logger.go:71: 查询批量任务结果：&{ID: Object: Endpoint: InputFileID:file_2601271448413531851960954 CompletionWindow: Status:in_progress OutputFileID: ErrorFileID:<nil> CreatedAt:0 InProgressAt:0 ExpiresAt:0 FinalizingAt:0 CompletedAt:0 FailedAt:0 CancelledAt:0 RequestCounts:{Total:0 Completed:0 Failed:0} Metadata:map[] BatchID:batch_2601271448444108304240126 TotalCount:50 CompletedCount:2 FailedCount:0}
[INFO] 2026/01/27 14:49:53 logger.go:71: 查询批量任务结果：map[cancelled_at:<nil> cancelling_at:<nil> completed_at:<nil> completion_window:24h created_at:1.769525324e+09 endpoint:/v1/chat/completions errors:<nil> expired_at:1.769611724e+09 expires_at:1.769611724e+09 failed_at:<nil> finalizing_at:<nil> id:batch_2601271448444893256340128 in_process_at:1.769525324e+09 input_file_id:file_2601271448415529392740109 object:spark output_file_id: request_counts:map[completed:26 failed:0 total:50] sid:bat000d9d23@dx19bfe3737400000572 status:in_progress]
[INFO] 2026/01/27 14:49:53 logger.go:71: 查询批量任务结果：&{ID: Object: Endpoint: InputFileID:file_2601271448415529392740109 CompletionWindow: Status:in_progress OutputFileID: ErrorFileID:<nil> CreatedAt:0 InProgressAt:0 ExpiresAt:0 FinalizingAt:0 CompletedAt:0 FailedAt:0 CancelledAt:0 RequestCounts:{Total:0 Completed:0 Failed:0} Metadata:map[] BatchID:batch_2601271448444893256340128 TotalCount:50 CompletedCount:26 FailedCount:0}
[INFO] 2026/01/27 14:49:53 logger.go:71: 查询批量任务结果：map[cancelled_at:<nil> cancelling_at:<nil> completed_at:<nil> completion_window:24h created_at:1.769525324e+09 endpoint:/v1/chat/completions errors:<nil> expired_at:1.769611724e+09 expires_at:1.769611724e+09 failed_at:<nil> finalizing_at:<nil> id:batch_2601271448445745598360961 in_process_at:1.769525324e+09 input_file_id:file_2601271448416469182040111 object:spark output_file_id: request_counts:map[completed:32 failed:0 total:50] sid:bat000d9d24@dx19bfe3737850000572 status:in_progress]
[INFO] 2026/01/27 14:49:53 logger.go:71: 查询批量任务结果：&{ID: Object: Endpoint: InputFileID:file_2601271448416469182040111 CompletionWindow: Status:in_progress OutputFileID: ErrorFileID:<nil> CreatedAt:0 InProgressAt:0 ExpiresAt:0 FinalizingAt:0 CompletedAt:0 FailedAt:0 CancelledAt:0 RequestCounts:{Total:0 Completed:0 Failed:0} Metadata:map[] BatchID:batch_2601271448445745598360961 TotalCount:50 CompletedCount:32 FailedCount:0}
[INFO] 2026/01/27 14:49:55 logger.go:71: 查询批量任务结果：map[cancelled_at:<nil> cancelling_at:<nil> completed_at:<nil> completion_window:24h created_at:1.769525323e+09 endpoint:/v1/chat/completions errors:<nil> expired_at:1.769611723e+09 expires_at:1.769611723e+09 failed_at:<nil> finalizing_at:<nil> id:batch_2601271448437416549440118 in_process_at:1.769525324e+09 input_file_id:file_2601271448406476337640105 object:spark output_file_id: request_counts:map[completed:28 failed:1 total:50] sid:bat000deeb1@dx19bfe373fab0000572 status:in_progress]
[INFO] 2026/01/27 14:49:55 logger.go:71: 查询批量任务结果：&{ID: Object: Endpoint: InputFileID:file_2601271448406476337640105 CompletionWindow: Status:in_progress OutputFileID: ErrorFileID:<nil> CreatedAt:0 InProgressAt:0 ExpiresAt:0 FinalizingAt:0 CompletedAt:0 FailedAt:0 CancelledAt:0 RequestCounts:{Total:0 Completed:0 Failed:0} Metadata:map[] BatchID:batch_2601271448437416549440118 TotalCount:50 CompletedCount:28 FailedCount:1}
[INFO] 2026/01/27 14:49:55 logger.go:71: 查询批量任务结果：map[cancelled_at:<nil> cancelling_at:<nil> completed_at:<nil> completion_window:24h created_at:1.769525323e+09 endpoint:/v1/chat/completions errors:<nil> expired_at:1.769611723e+09 expires_at:1.769611723e+09 failed_at:<nil> finalizing_at:<nil> id:batch_2601271448439134586160957 in_process_at:1.769525324e+09 input_file_id:file_2601271448408907407760946 object:spark output_file_id: request_counts:map[completed:28 failed:0 total:50] sid:bat000d9d25@dx19bfe37400a0000572 status:in_progress]
[INFO] 2026/01/27 14:49:55 logger.go:71: 查询批量任务结果：&{ID: Object: Endpoint: InputFileID:file_2601271448408907407760946 CompletionWindow: Status:in_progress OutputFileID: ErrorFileID:<nil> CreatedAt:0 InProgressAt:0 ExpiresAt:0 FinalizingAt:0 CompletedAt:0 FailedAt:0 CancelledAt:0 RequestCounts:{Total:0 Completed:0 Failed:0} Metadata:map[] BatchID:batch_2601271448439134586160957 TotalCount:50 CompletedCount:28 FailedCount:0}
[INFO] 2026/01/27 14:49:55 logger.go:71: 查询批量任务结果：map[cancelled_at:<nil> cancelling_at:<nil> completed_at:<nil> completion_window:24h created_at:1.769525324e+09 endpoint:/v1/chat/completions errors:<nil> expired_at:1.769611724e+09 expires_at:1.769611724e+09 failed_at:<nil> finalizing_at:<nil> id:batch_2601271448440034823460959 in_process_at:1.769525324e+09 input_file_id:file_2601271448409835690260948 object:spark output_file_id: request_counts:map[completed:5 failed:0 total:50] sid:bat000deeb2@dx19bfe3740510000572 status:in_progress]
[INFO] 2026/01/27 14:49:55 logger.go:71: 查询批量任务结果：&{ID: Object: Endpoint: InputFileID:file_2601271448409835690260948 CompletionWindow: Status:in_progress OutputFileID: ErrorFileID:<nil> CreatedAt:0 InProgressAt:0 ExpiresAt:0 FinalizingAt:0 CompletedAt:0 FailedAt:0 CancelledAt:0 RequestCounts:{Total:0 Completed:0 Failed:0} Metadata:map[] BatchID:batch_2601271448440034823460959 TotalCount:50 CompletedCount:5 FailedCount:0}
[INFO] 2026/01/27 14:49:55 logger.go:71: 查询批量任务结果：map[cancelled_at:<nil> cancelling_at:<nil> completed_at:<nil> completion_window:24h created_at:1.769525324e+09 endpoint:/v1/chat/completions errors:<nil> expired_at:1.769611724e+09 expires_at:1.769611724e+09 failed_at:<nil> finalizing_at:<nil> id:batch_2601271448440822238840120 in_process_at:1.769525324e+09 input_file_id:file_2601271448411018673740107 object:spark output_file_id: request_counts:map[completed:29 failed:0 total:50] sid:bat000d9d26@dx19bfe3740a30000572 status:in_progress]
[INFO] 2026/01/27 14:49:55 logger.go:71: 查询批量任务结果：&{ID: Object: Endpoint: InputFileID:file_2601271448411018673740107 CompletionWindow: Status:in_progress OutputFileID: ErrorFileID:<nil> CreatedAt:0 InProgressAt:0 ExpiresAt:0 FinalizingAt:0 CompletedAt:0 FailedAt:0 CancelledAt:0 RequestCounts:{Total:0 Completed:0 Failed:0} Metadata:map[] BatchID:batch_2601271448440822238840120 TotalCount:50 CompletedCount:29 FailedCount:0}
[INFO] 2026/01/27 14:49:55 logger.go:71: 查询批量任务结果：map[cancelled_at:<nil> cancelling_at:<nil> completed_at:<nil> completion_window:24h created_at:1.769525324e+09 endpoint:/v1/chat/completions errors:<nil> expired_at:1.769611724e+09 expires_at:1.769611724e+09 failed_at:<nil> finalizing_at:<nil> id:batch_2601271448441806721440122 in_process_at:1.769525324e+09 input_file_id:file_2601271448411938908660950 object:spark output_file_id: request_counts:map[completed:2 failed:0 total:50] sid:bat000deeb3@dx19bfe3741030000572 status:in_progress]
[INFO] 2026/01/27 14:49:55 logger.go:71: 查询批量任务结果：&{ID: Object: Endpoint: InputFileID:file_2601271448411938908660950 CompletionWindow: Status:in_progress OutputFileID: ErrorFileID:<nil> CreatedAt:0 InProgressAt:0 ExpiresAt:0 FinalizingAt:0 CompletedAt:0 FailedAt:0 CancelledAt:0 RequestCounts:{Total:0 Completed:0 Failed:0} Metadata:map[] BatchID:batch_2601271448441806721440122 TotalCount:50 CompletedCount:2 FailedCount:0}
[INFO] 2026/01/27 14:49:55 logger.go:71: 查询批量任务结果：map[cancelled_at:<nil> cancelling_at:<nil> completed_at:<nil> completion_window:24h created_at:1.769525324e+09 endpoint:/v1/chat/completions errors:<nil> expired_at:1.769611724e+09 expires_at:1.769611724e+09 failed_at:<nil> finalizing_at:<nil> id:batch_2601271448442762997440124 in_process_at:1.769525324e+09 input_file_id:file_2601271448412736929260952 object:spark output_file_id: request_counts:map[completed:33 failed:0 total:50] sid:bat000d9d27@dx19bfe3741450000572 status:in_progress]
[INFO] 2026/01/27 14:49:55 logger.go:71: 查询批量任务结果：&{ID: Object: Endpoint: InputFileID:file_2601271448412736929260952 CompletionWindow: Status:in_progress OutputFileID: ErrorFileID:<nil> CreatedAt:0 InProgressAt:0 ExpiresAt:0 FinalizingAt:0 CompletedAt:0 FailedAt:0 CancelledAt:0 RequestCounts:{Total:0 Completed:0 Failed:0} Metadata:map[] BatchID:batch_2601271448442762997440124 TotalCount:50 CompletedCount:33 FailedCount:0}
[INFO] 2026/01/27 14:49:55 logger.go:71: 查询批量任务结果：map[cancelled_at:<nil> cancelling_at:<nil> completed_at:<nil> completion_window:24h created_at:1.769525324e+09 endpoint:/v1/chat/completions errors:<nil> expired_at:1.769611724e+09 expires_at:1.769611724e+09 failed_at:<nil> finalizing_at:<nil> id:batch_2601271448444108304240126 in_process_at:1.769525324e+09 input_file_id:file_2601271448413531851960954 object:spark output_file_id: request_counts:map[completed:2 failed:0 total:50] sid:bat000deeb4@dx19bfe37418d0000572 status:in_progress]
[INFO] 2026/01/27 14:49:55 logger.go:71: 查询批量任务结果：&{ID: Object: Endpoint: InputFileID:file_2601271448413531851960954 CompletionWindow: Status:in_progress OutputFileID: ErrorFileID:<nil> CreatedAt:0 InProgressAt:0 ExpiresAt:0 FinalizingAt:0 CompletedAt:0 FailedAt:0 CancelledAt:0 RequestCounts:{Total:0 Completed:0 Failed:0} Metadata:map[] BatchID:batch_2601271448444108304240126 TotalCount:50 CompletedCount:2 FailedCount:0}
[INFO] 2026/01/27 14:49:55 logger.go:71: 查询批量任务结果：map[cancelled_at:<nil> cancelling_at:<nil> completed_at:<nil> completion_window:24h created_at:1.769525324e+09 endpoint:/v1/chat/completions errors:<nil> expired_at:1.769611724e+09 expires_at:1.769611724e+09 failed_at:<nil> finalizing_at:<nil> id:batch_2601271448444893256340128 in_process_at:1.769525324e+09 input_file_id:file_2601271448415529392740109 object:spark output_file_id: request_counts:map[completed:29 failed:0 total:50] sid:bat000d9d28@dx19bfe3741dd0000572 status:in_progress]
[INFO] 2026/01/27 14:49:55 logger.go:71: 查询批量任务结果：&{ID: Object: Endpoint: InputFileID:file_2601271448415529392740109 CompletionWindow: Status:in_progress OutputFileID: ErrorFileID:<nil> CreatedAt:0 InProgressAt:0 ExpiresAt:0 FinalizingAt:0 CompletedAt:0 FailedAt:0 CancelledAt:0 RequestCounts:{Total:0 Completed:0 Failed:0} Metadata:map[] BatchID:batch_2601271448444893256340128 TotalCount:50 CompletedCount:29 FailedCount:0}
[INFO] 2026/01/27 14:49:55 logger.go:71: 查询批量任务结果：map[cancelled_at:<nil> cancelling_at:<nil> completed_at:<nil> completion_window:24h created_at:1.769525324e+09 endpoint:/v1/chat/completions errors:<nil> expired_at:1.769611724e+09 expires_at:1.769611724e+09 failed_at:<nil> finalizing_at:<nil> id:batch_2601271448445745598360961 in_process_at:1.769525324e+09 input_file_id:file_2601271448416469182040111 object:spark output_file_id: request_counts:map[completed:34 failed:0 total:50] sid:bat000deeb5@dx19bfe3742240000572 status:in_progress]
[INFO] 2026/01/27 14:49:55 logger.go:71: 查询批量任务结果：&{ID: Object: Endpoint: InputFileID:file_2601271448416469182040111 CompletionWindow: Status:in_progress OutputFileID: ErrorFileID:<nil> CreatedAt:0 InProgressAt:0 ExpiresAt:0 FinalizingAt:0 CompletedAt:0 FailedAt:0 CancelledAt:0 RequestCounts:{Total:0 Completed:0 Failed:0} Metadata:map[] BatchID:batch_2601271448445745598360961 TotalCount:50 CompletedCount:34 FailedCount:0}
[INFO] 2026/01/27 14:49:57 logger.go:71: 查询批量任务结果：map[cancelled_at:<nil> cancelling_at:<nil> completed_at:<nil> completion_window:24h created_at:1.769525323e+09 endpoint:/v1/chat/completions errors:<nil> expired_at:1.769611723e+09 expires_at:1.769611723e+09 failed_at:<nil> finalizing_at:<nil> id:batch_2601271448437416549440118 in_process_at:1.769525324e+09 input_file_id:file_2601271448406476337640105 object:spark output_file_id: request_counts:map[completed:29 failed:1 total:50] sid:bat000deeb6@dx19bfe374a4a0000572 status:in_progress]
[INFO] 2026/01/27 14:49:57 logger.go:71: 查询批量任务结果：&{ID: Object: Endpoint: InputFileID:file_2601271448406476337640105 CompletionWindow: Status:in_progress OutputFileID: ErrorFileID:<nil> CreatedAt:0 InProgressAt:0 ExpiresAt:0 FinalizingAt:0 CompletedAt:0 FailedAt:0 CancelledAt:0 RequestCounts:{Total:0 Completed:0 Failed:0} Metadata:map[] BatchID:batch_2601271448437416549440118 TotalCount:50 CompletedCount:29 FailedCount:1}
[INFO] 2026/01/27 14:49:57 logger.go:71: 查询批量任务结果：map[cancelled_at:<nil> cancelling_at:<nil> completed_at:<nil> completion_window:24h created_at:1.769525323e+09 endpoint:/v1/chat/completions errors:<nil> expired_at:1.769611723e+09 expires_at:1.769611723e+09 failed_at:<nil> finalizing_at:<nil> id:batch_2601271448439134586160957 in_process_at:1.769525324e+09 input_file_id:file_2601271448408907407760946 object:spark output_file_id: request_counts:map[completed:31 failed:0 total:50] sid:bat000deeb7@dx19bfe374a940000572 status:in_progress]
[INFO] 2026/01/27 14:49:57 logger.go:71: 查询批量任务结果：&{ID: Object: Endpoint: InputFileID:file_2601271448408907407760946 CompletionWindow: Status:in_progress OutputFileID: ErrorFileID:<nil> CreatedAt:0 InProgressAt:0 ExpiresAt:0 FinalizingAt:0 CompletedAt:0 FailedAt:0 CancelledAt:0 RequestCounts:{Total:0 Completed:0 Failed:0} Metadata:map[] BatchID:batch_2601271448439134586160957 TotalCount:50 CompletedCount:31 FailedCount:0}
[INFO] 2026/01/27 14:49:58 logger.go:71: 查询批量任务结果：map[cancelled_at:<nil> cancelling_at:<nil> completed_at:<nil> completion_window:24h created_at:1.769525324e+09 endpoint:/v1/chat/completions errors:<nil> expired_at:1.769611724e+09 expires_at:1.769611724e+09 failed_at:<nil> finalizing_at:<nil> id:batch_2601271448440034823460959 in_process_at:1.769525324e+09 input_file_id:file_2601271448409835690260948 object:spark output_file_id: request_counts:map[completed:5 failed:0 total:50] sid:bat000deeb8@dx19bfe374ad80000572 status:in_progress]
[INFO] 2026/01/27 14:49:58 logger.go:71: 查询批量任务结果：&{ID: Object: Endpoint: InputFileID:file_2601271448409835690260948 CompletionWindow: Status:in_progress OutputFileID: ErrorFileID:<nil> CreatedAt:0 InProgressAt:0 ExpiresAt:0 FinalizingAt:0 CompletedAt:0 FailedAt:0 CancelledAt:0 RequestCounts:{Total:0 Completed:0 Failed:0} Metadata:map[] BatchID:batch_2601271448440034823460959 TotalCount:50 CompletedCount:5 FailedCount:0}
[INFO] 2026/01/27 14:49:58 logger.go:71: 查询批量任务结果：map[cancelled_at:<nil> cancelling_at:<nil> completed_at:<nil> completion_window:24h created_at:1.769525324e+09 endpoint:/v1/chat/completions errors:<nil> expired_at:1.769611724e+09 expires_at:1.769611724e+09 failed_at:<nil> finalizing_at:<nil> id:batch_2601271448440822238840120 in_process_at:1.769525324e+09 input_file_id:file_2601271448411018673740107 object:spark output_file_id: request_counts:map[completed:30 failed:0 total:50] sid:bat000deeb9@dx19bfe374b1e0000572 status:in_progress]
[INFO] 2026/01/27 14:49:58 logger.go:71: 查询批量任务结果：&{ID: Object: Endpoint: InputFileID:file_2601271448411018673740107 CompletionWindow: Status:in_progress OutputFileID: ErrorFileID:<nil> CreatedAt:0 InProgressAt:0 ExpiresAt:0 FinalizingAt:0 CompletedAt:0 FailedAt:0 CancelledAt:0 RequestCounts:{Total:0 Completed:0 Failed:0} Metadata:map[] BatchID:batch_2601271448440822238840120 TotalCount:50 CompletedCount:30 FailedCount:0}
[INFO] 2026/01/27 14:49:58 logger.go:71: 查询批量任务结果：map[cancelled_at:<nil> cancelling_at:<nil> completed_at:<nil> completion_window:24h created_at:1.769525324e+09 endpoint:/v1/chat/completions errors:<nil> expired_at:1.769611724e+09 expires_at:1.769611724e+09 failed_at:<nil> finalizing_at:<nil> id:batch_2601271448441806721440122 in_process_at:1.769525324e+09 input_file_id:file_2601271448411938908660950 object:spark output_file_id: request_counts:map[completed:2 failed:0 total:50] sid:bat000deeba@dx19bfe374b660000572 status:in_progress]
[INFO] 2026/01/27 14:49:58 logger.go:71: 查询批量任务结果：&{ID: Object: Endpoint: InputFileID:file_2601271448411938908660950 CompletionWindow: Status:in_progress OutputFileID: ErrorFileID:<nil> CreatedAt:0 InProgressAt:0 ExpiresAt:0 FinalizingAt:0 CompletedAt:0 FailedAt:0 CancelledAt:0 RequestCounts:{Total:0 Completed:0 Failed:0} Metadata:map[] BatchID:batch_2601271448441806721440122 TotalCount:50 CompletedCount:2 FailedCount:0}
[INFO] 2026/01/27 14:49:58 logger.go:71: 查询批量任务结果：map[cancelled_at:<nil> cancelling_at:<nil> completed_at:<nil> completion_window:24h created_at:1.769525324e+09 endpoint:/v1/chat/completions errors:<nil> expired_at:1.769611724e+09 expires_at:1.769611724e+09 failed_at:<nil> finalizing_at:<nil> id:batch_2601271448442762997440124 in_process_at:1.769525324e+09 input_file_id:file_2601271448412736929260952 object:spark output_file_id: request_counts:map[completed:36 failed:0 total:50] sid:bat000deebb@dx19bfe374bae0000572 status:in_progress]
[INFO] 2026/01/27 14:49:58 logger.go:71: 查询批量任务结果：&{ID: Object: Endpoint: InputFileID:file_2601271448412736929260952 CompletionWindow: Status:in_progress OutputFileID: ErrorFileID:<nil> CreatedAt:0 InProgressAt:0 ExpiresAt:0 FinalizingAt:0 CompletedAt:0 FailedAt:0 CancelledAt:0 RequestCounts:{Total:0 Completed:0 Failed:0} Metadata:map[] BatchID:batch_2601271448442762997440124 TotalCount:50 CompletedCount:36 FailedCount:0}
[INFO] 2026/01/27 14:49:58 logger.go:71: 查询批量任务结果：map[cancelled_at:<nil> cancelling_at:<nil> completed_at:<nil> completion_window:24h created_at:1.769525324e+09 endpoint:/v1/chat/completions errors:<nil> expired_at:1.769611724e+09 expires_at:1.769611724e+09 failed_at:<nil> finalizing_at:<nil> id:batch_2601271448444108304240126 in_process_at:1.769525324e+09 input_file_id:file_2601271448413531851960954 object:spark output_file_id: request_counts:map[completed:2 failed:0 total:50] sid:bat000deebc@dx19bfe374bf20000572 status:in_progress]
[INFO] 2026/01/27 14:49:58 logger.go:71: 查询批量任务结果：&{ID: Object: Endpoint: InputFileID:file_2601271448413531851960954 CompletionWindow: Status:in_progress OutputFileID: ErrorFileID:<nil> CreatedAt:0 InProgressAt:0 ExpiresAt:0 FinalizingAt:0 CompletedAt:0 FailedAt:0 CancelledAt:0 RequestCounts:{Total:0 Completed:0 Failed:0} Metadata:map[] BatchID:batch_2601271448444108304240126 TotalCount:50 CompletedCount:2 FailedCount:0}
[INFO] 2026/01/27 14:49:58 logger.go:71: 查询批量任务结果：map[cancelled_at:<nil> cancelling_at:<nil> completed_at:<nil> completion_window:24h created_at:1.769525324e+09 endpoint:/v1/chat/completions errors:<nil> expired_at:1.769611724e+09 expires_at:1.769611724e+09 failed_at:<nil> finalizing_at:<nil> id:batch_2601271448444893256340128 in_process_at:1.769525324e+09 input_file_id:file_2601271448415529392740109 object:spark output_file_id: request_counts:map[completed:30 failed:0 total:50] sid:bat000deebd@dx19bfe374c770000572 status:in_progress]
[INFO] 2026/01/27 14:49:58 logger.go:71: 查询批量任务结果：&{ID: Object: Endpoint: InputFileID:file_2601271448415529392740109 CompletionWindow: Status:in_progress OutputFileID: ErrorFileID:<nil> CreatedAt:0 InProgressAt:0 ExpiresAt:0 FinalizingAt:0 CompletedAt:0 FailedAt:0 CancelledAt:0 RequestCounts:{Total:0 Completed:0 Failed:0} Metadata:map[] BatchID:batch_2601271448444893256340128 TotalCount:50 CompletedCount:30 FailedCount:0}
[INFO] 2026/01/27 14:49:58 logger.go:71: 查询批量任务结果：map[cancelled_at:<nil> cancelling_at:<nil> completed_at:<nil> completion_window:24h created_at:1.769525324e+09 endpoint:/v1/chat/completions errors:<nil> expired_at:1.769611724e+09 expires_at:1.769611724e+09 failed_at:<nil> finalizing_at:<nil> id:batch_2601271448445745598360961 in_process_at:1.769525324e+09 input_file_id:file_2601271448416469182040111 object:spark output_file_id: request_counts:map[completed:37 failed:0 total:50] sid:bat000deebe@dx19bfe374cba0000572 status:in_progress]
[INFO] 2026/01/27 14:49:58 logger.go:71: 查询批量任务结果：&{ID: Object: Endpoint: InputFileID:file_2601271448416469182040111 CompletionWindow: Status:in_progress OutputFileID: ErrorFileID:<nil> CreatedAt:0 InProgressAt:0 ExpiresAt:0 FinalizingAt:0 CompletedAt:0 FailedAt:0 CancelledAt:0 RequestCounts:{Total:0 Completed:0 Failed:0} Metadata:map[] BatchID:batch_2601271448445745598360961 TotalCount:50 CompletedCount:37 FailedCount:0}
[INFO] 2026/01/27 14:50:00 logger.go:71: 查询批量任务结果：map[cancelled_at:<nil> cancelling_at:<nil> completed_at:<nil> completion_window:24h created_at:1.769525323e+09 endpoint:/v1/chat/completions errors:<nil> expired_at:1.769611723e+09 expires_at:1.769611723e+09 failed_at:<nil> finalizing_at:<nil> id:batch_2601271448437416549440118 in_process_at:1.769525324e+09 input_file_id:file_2601271448406476337640105 object:spark output_file_id: request_counts:map[completed:33 failed:1 total:50] sid:bat000deebf@dx19bfe3754d60000572 status:in_progress]
[INFO] 2026/01/27 14:50:00 logger.go:71: 查询批量任务结果：&{ID: Object: Endpoint: InputFileID:file_2601271448406476337640105 CompletionWindow: Status:in_progress OutputFileID: ErrorFileID:<nil> CreatedAt:0 InProgressAt:0 ExpiresAt:0 FinalizingAt:0 CompletedAt:0 FailedAt:0 CancelledAt:0 RequestCounts:{Total:0 Completed:0 Failed:0} Metadata:map[] BatchID:batch_2601271448437416549440118 TotalCount:50 CompletedCount:33 FailedCount:1}
[INFO] 2026/01/27 14:50:00 logger.go:71: 查询批量任务结果：map[cancelled_at:<nil> cancelling_at:<nil> completed_at:<nil> completion_window:24h created_at:1.769525323e+09 endpoint:/v1/chat/completions errors:<nil> expired_at:1.769611723e+09 expires_at:1.769611723e+09 failed_at:<nil> finalizing_at:<nil> id:batch_2601271448439134586160957 in_process_at:1.769525324e+09 input_file_id:file_2601271448408907407760946 object:spark output_file_id: request_counts:map[completed:32 failed:0 total:50] sid:bat000deec0@dx19bfe3755290000572 status:in_progress]
[INFO] 2026/01/27 14:50:00 logger.go:71: 查询批量任务结果：&{ID: Object: Endpoint: InputFileID:file_2601271448408907407760946 CompletionWindow: Status:in_progress OutputFileID: ErrorFileID:<nil> CreatedAt:0 InProgressAt:0 ExpiresAt:0 FinalizingAt:0 CompletedAt:0 FailedAt:0 CancelledAt:0 RequestCounts:{Total:0 Completed:0 Failed:0} Metadata:map[] BatchID:batch_2601271448439134586160957 TotalCount:50 CompletedCount:32 FailedCount:0}
[INFO] 2026/01/27 14:50:00 logger.go:71: 查询批量任务结果：map[cancelled_at:<nil> cancelling_at:<nil> completed_at:<nil> completion_window:24h created_at:1.769525324e+09 endpoint:/v1/chat/completions errors:<nil> expired_at:1.769611724e+09 expires_at:1.769611724e+09 failed_at:<nil> finalizing_at:<nil> id:batch_2601271448440034823460959 in_process_at:1.769525324e+09 input_file_id:file_2601271448409835690260948 object:spark output_file_id: request_counts:map[completed:5 failed:0 total:50] sid:bat000d9d29@dx19bfe3755920000572 status:in_progress]
[INFO] 2026/01/27 14:50:00 logger.go:71: 查询批量任务结果：&{ID: Object: Endpoint: InputFileID:file_2601271448409835690260948 CompletionWindow: Status:in_progress OutputFileID: ErrorFileID:<nil> CreatedAt:0 InProgressAt:0 ExpiresAt:0 FinalizingAt:0 CompletedAt:0 FailedAt:0 CancelledAt:0 RequestCounts:{Total:0 Completed:0 Failed:0} Metadata:map[] BatchID:batch_2601271448440034823460959 TotalCount:50 CompletedCount:5 FailedCount:0}
[INFO] 2026/01/27 14:50:00 logger.go:71: 查询批量任务结果：map[cancelled_at:<nil> cancelling_at:<nil> completed_at:<nil> completion_window:24h created_at:1.769525324e+09 endpoint:/v1/chat/completions errors:<nil> expired_at:1.769611724e+09 expires_at:1.769611724e+09 failed_at:<nil> finalizing_at:<nil> id:batch_2601271448440822238840120 in_process_at:1.769525324e+09 input_file_id:file_2601271448411018673740107 object:spark output_file_id: request_counts:map[completed:32 failed:0 total:50] sid:bat000d9d2a@dx19bfe3755d20000572 status:in_progress]
[INFO] 2026/01/27 14:50:00 logger.go:71: 查询批量任务结果：&{ID: Object: Endpoint: InputFileID:file_2601271448411018673740107 CompletionWindow: Status:in_progress OutputFileID: ErrorFileID:<nil> CreatedAt:0 InProgressAt:0 ExpiresAt:0 FinalizingAt:0 CompletedAt:0 FailedAt:0 CancelledAt:0 RequestCounts:{Total:0 Completed:0 Failed:0} Metadata:map[] BatchID:batch_2601271448440822238840120 TotalCount:50 CompletedCount:32 FailedCount:0}
[INFO] 2026/01/27 14:50:00 logger.go:71: 查询批量任务结果：map[cancelled_at:<nil> cancelling_at:<nil> completed_at:<nil> completion_window:24h created_at:1.769525324e+09 endpoint:/v1/chat/completions errors:<nil> expired_at:1.769611724e+09 expires_at:1.769611724e+09 failed_at:<nil> finalizing_at:<nil> id:batch_2601271448441806721440122 in_process_at:1.769525324e+09 input_file_id:file_2601271448411938908660950 object:spark output_file_id: request_counts:map[completed:2 failed:0 total:50] sid:bat000d9d2b@dx19bfe37561a0000572 status:in_progress]
[INFO] 2026/01/27 14:50:00 logger.go:71: 查询批量任务结果：&{ID: Object: Endpoint: InputFileID:file_2601271448411938908660950 CompletionWindow: Status:in_progress OutputFileID: ErrorFileID:<nil> CreatedAt:0 InProgressAt:0 ExpiresAt:0 FinalizingAt:0 CompletedAt:0 FailedAt:0 CancelledAt:0 RequestCounts:{Total:0 Completed:0 Failed:0} Metadata:map[] BatchID:batch_2601271448441806721440122 TotalCount:50 CompletedCount:2 FailedCount:0}
[INFO] 2026/01/27 14:50:01 logger.go:71: 查询批量任务结果：map[cancelled_at:<nil> cancelling_at:<nil> completed_at:<nil> completion_window:24h created_at:1.769525324e+09 endpoint:/v1/chat/completions errors:<nil> expired_at:1.769611724e+09 expires_at:1.769611724e+09 failed_at:<nil> finalizing_at:<nil> id:batch_2601271448442762997440124 in_process_at:1.769525324e+09 input_file_id:file_2601271448412736929260952 object:spark output_file_id: request_counts:map[completed:36 failed:0 total:50] sid:bat000d9d2c@dx19bfe3756600000572 status:in_progress]
[INFO] 2026/01/27 14:50:01 logger.go:71: 查询批量任务结果：&{ID: Object: Endpoint: InputFileID:file_2601271448412736929260952 CompletionWindow: Status:in_progress OutputFileID: ErrorFileID:<nil> CreatedAt:0 InProgressAt:0 ExpiresAt:0 FinalizingAt:0 CompletedAt:0 FailedAt:0 CancelledAt:0 RequestCounts:{Total:0 Completed:0 Failed:0} Metadata:map[] BatchID:batch_2601271448442762997440124 TotalCount:50 CompletedCount:36 FailedCount:0}
[INFO] 2026/01/27 14:50:01 logger.go:71: 查询批量任务结果：map[cancelled_at:<nil> cancelling_at:<nil> completed_at:<nil> completion_window:24h created_at:1.769525324e+09 endpoint:/v1/chat/completions errors:<nil> expired_at:1.769611724e+09 expires_at:1.769611724e+09 failed_at:<nil> finalizing_at:<nil> id:batch_2601271448444108304240126 in_process_at:1.769525324e+09 input_file_id:file_2601271448413531851960954 object:spark output_file_id: request_counts:map[completed:2 failed:0 total:50] sid:bat000d9d2d@dx19bfe3756b80000572 status:in_progress]
[INFO] 2026/01/27 14:50:01 logger.go:71: 查询批量任务结果：&{ID: Object: Endpoint: InputFileID:file_2601271448413531851960954 CompletionWindow: Status:in_progress OutputFileID: ErrorFileID:<nil> CreatedAt:0 InProgressAt:0 ExpiresAt:0 FinalizingAt:0 CompletedAt:0 FailedAt:0 CancelledAt:0 RequestCounts:{Total:0 Completed:0 Failed:0} Metadata:map[] BatchID:batch_2601271448444108304240126 TotalCount:50 CompletedCount:2 FailedCount:0}
[INFO] 2026/01/27 14:50:01 logger.go:71: 查询批量任务结果：map[cancelled_at:<nil> cancelling_at:<nil> completed_at:<nil> completion_window:24h created_at:1.769525324e+09 endpoint:/v1/chat/completions errors:<nil> expired_at:1.769611724e+09 expires_at:1.769611724e+09 failed_at:<nil> finalizing_at:<nil> id:batch_2601271448444893256340128 in_process_at:1.769525324e+09 input_file_id:file_2601271448415529392740109 object:spark output_file_id: request_counts:map[completed:32 failed:0 total:50] sid:bat000d9d2e@dx19bfe3757400000572 status:in_progress]
[INFO] 2026/01/27 14:50:01 logger.go:71: 查询批量任务结果：&{ID: Object: Endpoint: InputFileID:file_2601271448415529392740109 CompletionWindow: Status:in_progress OutputFileID: ErrorFileID:<nil> CreatedAt:0 InProgressAt:0 ExpiresAt:0 FinalizingAt:0 CompletedAt:0 FailedAt:0 CancelledAt:0 RequestCounts:{Total:0 Completed:0 Failed:0} Metadata:map[] BatchID:batch_2601271448444893256340128 TotalCount:50 CompletedCount:32 FailedCount:0}
[INFO] 2026/01/27 14:50:01 logger.go:71: 查询批量任务结果：map[cancelled_at:<nil> cancelling_at:<nil> completed_at:<nil> completion_window:24h created_at:1.769525324e+09 endpoint:/v1/chat/completions errors:<nil> expired_at:1.769611724e+09 expires_at:1.769611724e+09 failed_at:<nil> finalizing_at:<nil> id:batch_2601271448445745598360961 in_process_at:1.769525324e+09 input_file_id:file_2601271448416469182040111 object:spark output_file_id: request_counts:map[completed:39 failed:0 total:50] sid:bat000deec1@dx19bfe3757900000572 status:in_progress]
[INFO] 2026/01/27 14:50:01 logger.go:71: 查询批量任务结果：&{ID: Object: Endpoint: InputFileID:file_2601271448416469182040111 CompletionWindow: Status:in_progress OutputFileID: ErrorFileID:<nil> CreatedAt:0 InProgressAt:0 ExpiresAt:0 FinalizingAt:0 CompletedAt:0 FailedAt:0 CancelledAt:0 RequestCounts:{Total:0 Completed:0 Failed:0} Metadata:map[] BatchID:batch_2601271448445745598360961 TotalCount:50 CompletedCount:39 FailedCount:0}
[INFO] 2026/01/27 14:50:03 logger.go:71: 查询批量任务结果：map[cancelled_at:<nil> cancelling_at:<nil> completed_at:<nil> completion_window:24h created_at:1.769525323e+09 endpoint:/v1/chat/completions errors:<nil> expired_at:1.769611723e+09 expires_at:1.769611723e+09 failed_at:<nil> finalizing_at:<nil> id:batch_2601271448437416549440118 in_process_at:1.769525324e+09 input_file_id:file_2601271448406476337640105 object:spark output_file_id: request_counts:map[completed:37 failed:1 total:50] sid:bat000deec4@dx19bfe375faa0000572 status:in_progress]
[INFO] 2026/01/27 14:50:03 logger.go:71: 查询批量任务结果：&{ID: Object: Endpoint: InputFileID:file_2601271448406476337640105 CompletionWindow: Status:in_progress OutputFileID: ErrorFileID:<nil> CreatedAt:0 InProgressAt:0 ExpiresAt:0 FinalizingAt:0 CompletedAt:0 FailedAt:0 CancelledAt:0 RequestCounts:{Total:0 Completed:0 Failed:0} Metadata:map[] BatchID:batch_2601271448437416549440118 TotalCount:50 CompletedCount:37 FailedCount:1}
[INFO] 2026/01/27 14:50:03 logger.go:71: 查询批量任务结果：map[cancelled_at:<nil> cancelling_at:<nil> completed_at:<nil> completion_window:24h created_at:1.769525323e+09 endpoint:/v1/chat/completions errors:<nil> expired_at:1.769611723e+09 expires_at:1.769611723e+09 failed_at:<nil> finalizing_at:<nil> id:batch_2601271448439134586160957 in_process_at:1.769525324e+09 input_file_id:file_2601271448408907407760946 object:spark output_file_id: request_counts:map[completed:35 failed:0 total:50] sid:bat000deec5@dx19bfe375ff00000572 status:in_progress]
[INFO] 2026/01/27 14:50:03 logger.go:71: 查询批量任务结果：&{ID: Object: Endpoint: InputFileID:file_2601271448408907407760946 CompletionWindow: Status:in_progress OutputFileID: ErrorFileID:<nil> CreatedAt:0 InProgressAt:0 ExpiresAt:0 FinalizingAt:0 CompletedAt:0 FailedAt:0 CancelledAt:0 RequestCounts:{Total:0 Completed:0 Failed:0} Metadata:map[] BatchID:batch_2601271448439134586160957 TotalCount:50 CompletedCount:35 FailedCount:0}
[INFO] 2026/01/27 14:50:03 logger.go:71: 查询批量任务结果：map[cancelled_at:<nil> cancelling_at:<nil> completed_at:<nil> completion_window:24h created_at:1.769525324e+09 endpoint:/v1/chat/completions errors:<nil> expired_at:1.769611724e+09 expires_at:1.769611724e+09 failed_at:<nil> finalizing_at:<nil> id:batch_2601271448440034823460959 in_process_at:1.769525324e+09 input_file_id:file_2601271448409835690260948 object:spark output_file_id: request_counts:map[completed:5 failed:0 total:50] sid:bat000deec6@dx19bfe37603d0000572 status:in_progress]
[INFO] 2026/01/27 14:50:03 logger.go:71: 查询批量任务结果：&{ID: Object: Endpoint: InputFileID:file_2601271448409835690260948 CompletionWindow: Status:in_progress OutputFileID: ErrorFileID:<nil> CreatedAt:0 InProgressAt:0 ExpiresAt:0 FinalizingAt:0 CompletedAt:0 FailedAt:0 CancelledAt:0 RequestCounts:{Total:0 Completed:0 Failed:0} Metadata:map[] BatchID:batch_2601271448440034823460959 TotalCount:50 CompletedCount:5 FailedCount:0}
[INFO] 2026/01/27 14:50:03 logger.go:71: 查询批量任务结果：map[cancelled_at:<nil> cancelling_at:<nil> completed_at:<nil> completion_window:24h created_at:1.769525324e+09 endpoint:/v1/chat/completions errors:<nil> expired_at:1.769611724e+09 expires_at:1.769611724e+09 failed_at:<nil> finalizing_at:<nil> id:batch_2601271448440822238840120 in_process_at:1.769525324e+09 input_file_id:file_2601271448411018673740107 object:spark output_file_id: request_counts:map[completed:35 failed:0 total:50] sid:bat000deec7@dx19bfe37607e0000572 status:in_progress]
[INFO] 2026/01/27 14:50:03 logger.go:71: 查询批量任务结果：&{ID: Object: Endpoint: InputFileID:file_2601271448411018673740107 CompletionWindow: Status:in_progress OutputFileID: ErrorFileID:<nil> CreatedAt:0 InProgressAt:0 ExpiresAt:0 FinalizingAt:0 CompletedAt:0 FailedAt:0 CancelledAt:0 RequestCounts:{Total:0 Completed:0 Failed:0} Metadata:map[] BatchID:batch_2601271448440822238840120 TotalCount:50 CompletedCount:35 FailedCount:0}
[INFO] 2026/01/27 14:50:03 logger.go:71: 查询批量任务结果：map[cancelled_at:<nil> cancelling_at:<nil> completed_at:<nil> completion_window:24h created_at:1.769525324e+09 endpoint:/v1/chat/completions errors:<nil> expired_at:1.769611724e+09 expires_at:1.769611724e+09 failed_at:<nil> finalizing_at:<nil> id:batch_2601271448441806721440122 in_process_at:1.769525324e+09 input_file_id:file_2601271448411938908660950 object:spark output_file_id: request_counts:map[completed:2 failed:0 total:50] sid:bat000deec8@dx19bfe3760c20000572 status:in_progress]
[INFO] 2026/01/27 14:50:03 logger.go:71: 查询批量任务结果：&{ID: Object: Endpoint: InputFileID:file_2601271448411938908660950 CompletionWindow: Status:in_progress OutputFileID: ErrorFileID:<nil> CreatedAt:0 InProgressAt:0 ExpiresAt:0 FinalizingAt:0 CompletedAt:0 FailedAt:0 CancelledAt:0 RequestCounts:{Total:0 Completed:0 Failed:0} Metadata:map[] BatchID:batch_2601271448441806721440122 TotalCount:50 CompletedCount:2 FailedCount:0}
[INFO] 2026/01/27 14:50:03 logger.go:71: 查询批量任务结果：map[cancelled_at:<nil> cancelling_at:<nil> completed_at:<nil> completion_window:24h created_at:1.769525324e+09 endpoint:/v1/chat/completions errors:<nil> expired_at:1.769611724e+09 expires_at:1.769611724e+09 failed_at:<nil> finalizing_at:<nil> id:batch_2601271448442762997440124 in_process_at:1.769525324e+09 input_file_id:file_2601271448412736929260952 object:spark output_file_id: request_counts:map[completed:37 failed:0 total:50] sid:bat000deec9@dx19bfe3761080000572 status:in_progress]
[INFO] 2026/01/27 14:50:03 logger.go:71: 查询批量任务结果：&{ID: Object: Endpoint: InputFileID:file_2601271448412736929260952 CompletionWindow: Status:in_progress OutputFileID: ErrorFileID:<nil> CreatedAt:0 InProgressAt:0 ExpiresAt:0 FinalizingAt:0 CompletedAt:0 FailedAt:0 CancelledAt:0 RequestCounts:{Total:0 Completed:0 Failed:0} Metadata:map[] BatchID:batch_2601271448442762997440124 TotalCount:50 CompletedCount:37 FailedCount:0}
[INFO] 2026/01/27 14:50:03 logger.go:71: 查询批量任务结果：map[cancelled_at:<nil> cancelling_at:<nil> completed_at:<nil> completion_window:24h created_at:1.769525324e+09 endpoint:/v1/chat/completions errors:<nil> expired_at:1.769611724e+09 expires_at:1.769611724e+09 failed_at:<nil> finalizing_at:<nil> id:batch_2601271448444108304240126 in_process_at:1.769525324e+09 input_file_id:file_2601271448413531851960954 object:spark output_file_id: request_counts:map[completed:2 failed:0 total:50] sid:bat000deecb@dx19bfe37614f0000572 status:in_progress]
[INFO] 2026/01/27 14:50:03 logger.go:71: 查询批量任务结果：&{ID: Object: Endpoint: InputFileID:file_2601271448413531851960954 CompletionWindow: Status:in_progress OutputFileID: ErrorFileID:<nil> CreatedAt:0 InProgressAt:0 ExpiresAt:0 FinalizingAt:0 CompletedAt:0 FailedAt:0 CancelledAt:0 RequestCounts:{Total:0 Completed:0 Failed:0} Metadata:map[] BatchID:batch_2601271448444108304240126 TotalCount:50 CompletedCount:2 FailedCount:0}
[INFO] 2026/01/27 14:50:03 logger.go:71: 查询批量任务结果：map[cancelled_at:<nil> cancelling_at:<nil> completed_at:<nil> completion_window:24h created_at:1.769525324e+09 endpoint:/v1/chat/completions errors:<nil> expired_at:1.769611724e+09 expires_at:1.769611724e+09 failed_at:<nil> finalizing_at:<nil> id:batch_2601271448444893256340128 in_process_at:1.769525324e+09 input_file_id:file_2601271448415529392740109 object:spark output_file_id: request_counts:map[completed:34 failed:0 total:50] sid:bat000deecc@dx19bfe3761900000572 status:in_progress]
[INFO] 2026/01/27 14:50:03 logger.go:71: 查询批量任务结果：&{ID: Object: Endpoint: InputFileID:file_2601271448415529392740109 CompletionWindow: Status:in_progress OutputFileID: ErrorFileID:<nil> CreatedAt:0 InProgressAt:0 ExpiresAt:0 FinalizingAt:0 CompletedAt:0 FailedAt:0 CancelledAt:0 RequestCounts:{Total:0 Completed:0 Failed:0} Metadata:map[] BatchID:batch_2601271448444893256340128 TotalCount:50 CompletedCount:34 FailedCount:0}
[INFO] 2026/01/27 14:50:03 logger.go:71: 查询批量任务结果：map[cancelled_at:<nil> cancelling_at:<nil> completed_at:<nil> completion_window:24h created_at:1.769525324e+09 endpoint:/v1/chat/completions errors:<nil> expired_at:1.769611724e+09 expires_at:1.769611724e+09 failed_at:<nil> finalizing_at:<nil> id:batch_2601271448445745598360961 in_process_at:1.769525324e+09 input_file_id:file_2601271448416469182040111 object:spark output_file_id: request_counts:map[completed:40 failed:0 total:50] sid:bat000deecd@dx19bfe3761d60000572 status:in_progress]
[INFO] 2026/01/27 14:50:03 logger.go:71: 查询批量任务结果：&{ID: Object: Endpoint: InputFileID:file_2601271448416469182040111 CompletionWindow: Status:in_progress OutputFileID: ErrorFileID:<nil> CreatedAt:0 InProgressAt:0 ExpiresAt:0 FinalizingAt:0 CompletedAt:0 FailedAt:0 CancelledAt:0 RequestCounts:{Total:0 Completed:0 Failed:0} Metadata:map[] BatchID:batch_2601271448445745598360961 TotalCount:50 CompletedCount:40 FailedCount:0}
[INFO] 2026/01/27 14:50:06 logger.go:71: 查询批量任务结果：map[cancelled_at:<nil> cancelling_at:<nil> completed_at:<nil> completion_window:24h created_at:1.769525323e+09 endpoint:/v1/chat/completions errors:<nil> expired_at:1.769611723e+09 expires_at:1.769611723e+09 failed_at:<nil> finalizing_at:<nil> id:batch_2601271448437416549440118 in_process_at:1.769525324e+09 input_file_id:file_2601271448406476337640105 object:spark output_file_id: request_counts:map[completed:39 failed:1 total:50] sid:bat000deed0@dx19bfe3769f40000572 status:in_progress]
[INFO] 2026/01/27 14:50:06 logger.go:71: 查询批量任务结果：&{ID: Object: Endpoint: InputFileID:file_2601271448406476337640105 CompletionWindow: Status:in_progress OutputFileID: ErrorFileID:<nil> CreatedAt:0 InProgressAt:0 ExpiresAt:0 FinalizingAt:0 CompletedAt:0 FailedAt:0 CancelledAt:0 RequestCounts:{Total:0 Completed:0 Failed:0} Metadata:map[] BatchID:batch_2601271448437416549440118 TotalCount:50 CompletedCount:39 FailedCount:1}
[INFO] 2026/01/27 14:50:06 logger.go:71: 查询批量任务结果：map[cancelled_at:<nil> cancelling_at:<nil> completed_at:<nil> completion_window:24h created_at:1.769525323e+09 endpoint:/v1/chat/completions errors:<nil> expired_at:1.769611723e+09 expires_at:1.769611723e+09 failed_at:<nil> finalizing_at:<nil> id:batch_2601271448439134586160957 in_process_at:1.769525324e+09 input_file_id:file_2601271448408907407760946 object:spark output_file_id: request_counts:map[completed:39 failed:0 total:50] sid:bat000deed1@dx19bfe376a3d0000572 status:in_progress]
[INFO] 2026/01/27 14:50:06 logger.go:71: 查询批量任务结果：&{ID: Object: Endpoint: InputFileID:file_2601271448408907407760946 CompletionWindow: Status:in_progress OutputFileID: ErrorFileID:<nil> CreatedAt:0 InProgressAt:0 ExpiresAt:0 FinalizingAt:0 CompletedAt:0 FailedAt:0 CancelledAt:0 RequestCounts:{Total:0 Completed:0 Failed:0} Metadata:map[] BatchID:batch_2601271448439134586160957 TotalCount:50 CompletedCount:39 FailedCount:0}
[INFO] 2026/01/27 14:50:06 logger.go:71: 查询批量任务结果：map[cancelled_at:<nil> cancelling_at:<nil> completed_at:<nil> completion_window:24h created_at:1.769525324e+09 endpoint:/v1/chat/completions errors:<nil> expired_at:1.769611724e+09 expires_at:1.769611724e+09 failed_at:<nil> finalizing_at:<nil> id:batch_2601271448440034823460959 in_process_at:1.769525324e+09 input_file_id:file_2601271448409835690260948 object:spark output_file_id: request_counts:map[completed:5 failed:0 total:50] sid:bat000deed2@dx19bfe376a7f0000572 status:in_progress]
[INFO] 2026/01/27 14:50:06 logger.go:71: 查询批量任务结果：&{ID: Object: Endpoint: InputFileID:file_2601271448409835690260948 CompletionWindow: Status:in_progress OutputFileID: ErrorFileID:<nil> CreatedAt:0 InProgressAt:0 ExpiresAt:0 FinalizingAt:0 CompletedAt:0 FailedAt:0 CancelledAt:0 RequestCounts:{Total:0 Completed:0 Failed:0} Metadata:map[] BatchID:batch_2601271448440034823460959 TotalCount:50 CompletedCount:5 FailedCount:0}
[INFO] 2026/01/27 14:50:06 logger.go:71: 查询批量任务结果：map[cancelled_at:<nil> cancelling_at:<nil> completed_at:<nil> completion_window:24h created_at:1.769525324e+09 endpoint:/v1/chat/completions errors:<nil> expired_at:1.769611724e+09 expires_at:1.769611724e+09 failed_at:<nil> finalizing_at:<nil> id:batch_2601271448440822238840120 in_process_at:1.769525324e+09 input_file_id:file_2601271448411018673740107 object:spark output_file_id: request_counts:map[completed:38 failed:0 total:50] sid:bat000deed3@dx19bfe376ac90000572 status:in_progress]
[INFO] 2026/01/27 14:50:06 logger.go:71: 查询批量任务结果：&{ID: Object: Endpoint: InputFileID:file_2601271448411018673740107 CompletionWindow: Status:in_progress OutputFileID: ErrorFileID:<nil> CreatedAt:0 InProgressAt:0 ExpiresAt:0 FinalizingAt:0 CompletedAt:0 FailedAt:0 CancelledAt:0 RequestCounts:{Total:0 Completed:0 Failed:0} Metadata:map[] BatchID:batch_2601271448440822238840120 TotalCount:50 CompletedCount:38 FailedCount:0}
[INFO] 2026/01/27 14:50:06 logger.go:71: 查询批量任务结果：map[cancelled_at:<nil> cancelling_at:<nil> completed_at:<nil> completion_window:24h created_at:1.769525324e+09 endpoint:/v1/chat/completions errors:<nil> expired_at:1.769611724e+09 expires_at:1.769611724e+09 failed_at:<nil> finalizing_at:<nil> id:batch_2601271448441806721440122 in_process_at:1.769525324e+09 input_file_id:file_2601271448411938908660950 object:spark output_file_id: request_counts:map[completed:2 failed:0 total:50] sid:bat000deed4@dx19bfe376b210000572 status:in_progress]
[INFO] 2026/01/27 14:50:06 logger.go:71: 查询批量任务结果：&{ID: Object: Endpoint: InputFileID:file_2601271448411938908660950 CompletionWindow: Status:in_progress OutputFileID: ErrorFileID:<nil> CreatedAt:0 InProgressAt:0 ExpiresAt:0 FinalizingAt:0 CompletedAt:0 FailedAt:0 CancelledAt:0 RequestCounts:{Total:0 Completed:0 Failed:0} Metadata:map[] BatchID:batch_2601271448441806721440122 TotalCount:50 CompletedCount:2 FailedCount:0}
[INFO] 2026/01/27 14:50:06 logger.go:71: 查询批量任务结果：map[cancelled_at:<nil> cancelling_at:<nil> completed_at:<nil> completion_window:24h created_at:1.769525324e+09 endpoint:/v1/chat/completions errors:<nil> expired_at:1.769611724e+09 expires_at:1.769611724e+09 failed_at:<nil> finalizing_at:<nil> id:batch_2601271448442762997440124 in_process_at:1.769525324e+09 input_file_id:file_2601271448412736929260952 object:spark output_file_id: request_counts:map[completed:37 failed:0 total:50] sid:bat000d9d33@dx19bfe376b630000572 status:in_progress]
[INFO] 2026/01/27 14:50:06 logger.go:71: 查询批量任务结果：&{ID: Object: Endpoint: InputFileID:file_2601271448412736929260952 CompletionWindow: Status:in_progress OutputFileID: ErrorFileID:<nil> CreatedAt:0 InProgressAt:0 ExpiresAt:0 FinalizingAt:0 CompletedAt:0 FailedAt:0 CancelledAt:0 RequestCounts:{Total:0 Completed:0 Failed:0} Metadata:map[] BatchID:batch_2601271448442762997440124 TotalCount:50 CompletedCount:37 FailedCount:0}
[INFO] 2026/01/27 14:50:06 logger.go:71: 查询批量任务结果：map[cancelled_at:<nil> cancelling_at:<nil> completed_at:<nil> completion_window:24h created_at:1.769525324e+09 endpoint:/v1/chat/completions errors:<nil> expired_at:1.769611724e+09 expires_at:1.769611724e+09 failed_at:<nil> finalizing_at:<nil> id:batch_2601271448444108304240126 in_process_at:1.769525324e+09 input_file_id:file_2601271448413531851960954 object:spark output_file_id: request_counts:map[completed:2 failed:0 total:50] sid:bat000deed5@dx19bfe376ba70000572 status:in_progress]
[INFO] 2026/01/27 14:50:06 logger.go:71: 查询批量任务结果：&{ID: Object: Endpoint: InputFileID:file_2601271448413531851960954 CompletionWindow: Status:in_progress OutputFileID: ErrorFileID:<nil> CreatedAt:0 InProgressAt:0 ExpiresAt:0 FinalizingAt:0 CompletedAt:0 FailedAt:0 CancelledAt:0 RequestCounts:{Total:0 Completed:0 Failed:0} Metadata:map[] BatchID:batch_2601271448444108304240126 TotalCount:50 CompletedCount:2 FailedCount:0}
[INFO] 2026/01/27 14:50:06 logger.go:71: 查询批量任务结果：map[cancelled_at:<nil> cancelling_at:<nil> completed_at:<nil> completion_window:24h created_at:1.769525324e+09 endpoint:/v1/chat/completions errors:<nil> expired_at:1.769611724e+09 expires_at:1.769611724e+09 failed_at:<nil> finalizing_at:<nil> id:batch_2601271448444893256340128 in_process_at:1.769525324e+09 input_file_id:file_2601271448415529392740109 object:spark output_file_id: request_counts:map[completed:37 failed:0 total:50] sid:bat000deed6@dx19bfe376c020000572 status:in_progress]
[INFO] 2026/01/27 14:50:06 logger.go:71: 查询批量任务结果：&{ID: Object: Endpoint: InputFileID:file_2601271448415529392740109 CompletionWindow: Status:in_progress OutputFileID: ErrorFileID:<nil> CreatedAt:0 InProgressAt:0 ExpiresAt:0 FinalizingAt:0 CompletedAt:0 FailedAt:0 CancelledAt:0 RequestCounts:{Total:0 Completed:0 Failed:0} Metadata:map[] BatchID:batch_2601271448444893256340128 TotalCount:50 CompletedCount:37 FailedCount:0}
[INFO] 2026/01/27 14:50:06 logger.go:71: 查询批量任务结果：map[cancelled_at:<nil> cancelling_at:<nil> completed_at:<nil> completion_window:24h created_at:1.769525324e+09 endpoint:/v1/chat/completions errors:<nil> expired_at:1.769611724e+09 expires_at:1.769611724e+09 failed_at:<nil> finalizing_at:<nil> id:batch_2601271448445745598360961 in_process_at:1.769525324e+09 input_file_id:file_2601271448416469182040111 object:spark output_file_id: request_counts:map[completed:40 failed:0 total:50] sid:bat000deed7@dx19bfe376c4d0000572 status:in_progress]
[INFO] 2026/01/27 14:50:06 logger.go:71: 查询批量任务结果：&{ID: Object: Endpoint: InputFileID:file_2601271448416469182040111 CompletionWindow: Status:in_progress OutputFileID: ErrorFileID:<nil> CreatedAt:0 InProgressAt:0 ExpiresAt:0 FinalizingAt:0 CompletedAt:0 FailedAt:0 CancelledAt:0 RequestCounts:{Total:0 Completed:0 Failed:0} Metadata:map[] BatchID:batch_2601271448445745598360961 TotalCount:50 CompletedCount:40 FailedCount:0}
[INFO] 2026/01/27 14:50:08 logger.go:71: 查询批量任务结果：map[cancelled_at:<nil> cancelling_at:<nil> completed_at:<nil> completion_window:24h created_at:1.769525323e+09 endpoint:/v1/chat/completions errors:<nil> expired_at:1.769611723e+09 expires_at:1.769611723e+09 failed_at:<nil> finalizing_at:<nil> id:batch_2601271448437416549440118 in_process_at:1.769525324e+09 input_file_id:file_2601271448406476337640105 object:spark output_file_id: request_counts:map[completed:39 failed:1 total:50] sid:bat000deed8@dx19bfe3774650000572 status:in_progress]
[INFO] 2026/01/27 14:50:08 logger.go:71: 查询批量任务结果：&{ID: Object: Endpoint: InputFileID:file_2601271448406476337640105 CompletionWindow: Status:in_progress OutputFileID: ErrorFileID:<nil> CreatedAt:0 InProgressAt:0 ExpiresAt:0 FinalizingAt:0 CompletedAt:0 FailedAt:0 CancelledAt:0 RequestCounts:{Total:0 Completed:0 Failed:0} Metadata:map[] BatchID:batch_2601271448437416549440118 TotalCount:50 CompletedCount:39 FailedCount:1}
[INFO] 2026/01/27 14:50:08 logger.go:71: 查询批量任务结果：map[cancelled_at:<nil> cancelling_at:<nil> completed_at:<nil> completion_window:24h created_at:1.769525323e+09 endpoint:/v1/chat/completions errors:<nil> expired_at:1.769611723e+09 expires_at:1.769611723e+09 failed_at:<nil> finalizing_at:<nil> id:batch_2601271448439134586160957 in_process_at:1.769525324e+09 input_file_id:file_2601271448408907407760946 object:spark output_file_id: request_counts:map[completed:39 failed:0 total:50] sid:bat000d9d34@dx19bfe3774b50000572 status:in_progress]
[INFO] 2026/01/27 14:50:08 logger.go:71: 查询批量任务结果：&{ID: Object: Endpoint: InputFileID:file_2601271448408907407760946 CompletionWindow: Status:in_progress OutputFileID: ErrorFileID:<nil> CreatedAt:0 InProgressAt:0 ExpiresAt:0 FinalizingAt:0 CompletedAt:0 FailedAt:0 CancelledAt:0 RequestCounts:{Total:0 Completed:0 Failed:0} Metadata:map[] BatchID:batch_2601271448439134586160957 TotalCount:50 CompletedCount:39 FailedCount:0}
[INFO] 2026/01/27 14:50:08 logger.go:71: 查询批量任务结果：map[cancelled_at:<nil> cancelling_at:<nil> completed_at:<nil> completion_window:24h created_at:1.769525324e+09 endpoint:/v1/chat/completions errors:<nil> expired_at:1.769611724e+09 expires_at:1.769611724e+09 failed_at:<nil> finalizing_at:<nil> id:batch_2601271448440034823460959 in_process_at:1.769525324e+09 input_file_id:file_2601271448409835690260948 object:spark output_file_id: request_counts:map[completed:5 failed:0 total:50] sid:bat000d9d35@dx19bfe3774f80000572 status:in_progress]
[INFO] 2026/01/27 14:50:08 logger.go:71: 查询批量任务结果：&{ID: Object: Endpoint: InputFileID:file_2601271448409835690260948 CompletionWindow: Status:in_progress OutputFileID: ErrorFileID:<nil> CreatedAt:0 InProgressAt:0 ExpiresAt:0 FinalizingAt:0 CompletedAt:0 FailedAt:0 CancelledAt:0 RequestCounts:{Total:0 Completed:0 Failed:0} Metadata:map[] BatchID:batch_2601271448440034823460959 TotalCount:50 CompletedCount:5 FailedCount:0}
[INFO] 2026/01/27 14:50:08 logger.go:71: 查询批量任务结果：map[cancelled_at:<nil> cancelling_at:<nil> completed_at:<nil> completion_window:24h created_at:1.769525324e+09 endpoint:/v1/chat/completions errors:<nil> expired_at:1.769611724e+09 expires_at:1.769611724e+09 failed_at:<nil> finalizing_at:<nil> id:batch_2601271448440822238840120 in_process_at:1.769525324e+09 input_file_id:file_2601271448411018673740107 object:spark output_file_id: request_counts:map[completed:38 failed:0 total:50] sid:bat000d9d36@dx19bfe3775390000572 status:in_progress]
[INFO] 2026/01/27 14:50:08 logger.go:71: 查询批量任务结果：&{ID: Object: Endpoint: InputFileID:file_2601271448411018673740107 CompletionWindow: Status:in_progress OutputFileID: ErrorFileID:<nil> CreatedAt:0 InProgressAt:0 ExpiresAt:0 FinalizingAt:0 CompletedAt:0 FailedAt:0 CancelledAt:0 RequestCounts:{Total:0 Completed:0 Failed:0} Metadata:map[] BatchID:batch_2601271448440822238840120 TotalCount:50 CompletedCount:38 FailedCount:0}
[INFO] 2026/01/27 14:50:08 logger.go:71: 查询批量任务结果：map[cancelled_at:<nil> cancelling_at:<nil> completed_at:<nil> completion_window:24h created_at:1.769525324e+09 endpoint:/v1/chat/completions errors:<nil> expired_at:1.769611724e+09 expires_at:1.769611724e+09 failed_at:<nil> finalizing_at:<nil> id:batch_2601271448441806721440122 in_process_at:1.769525324e+09 input_file_id:file_2601271448411938908660950 object:spark output_file_id: request_counts:map[completed:2 failed:0 total:50] sid:bat000deed9@dx19bfe37757b0000572 status:in_progress]
[INFO] 2026/01/27 14:50:08 logger.go:71: 查询批量任务结果：&{ID: Object: Endpoint: InputFileID:file_2601271448411938908660950 CompletionWindow: Status:in_progress OutputFileID: ErrorFileID:<nil> CreatedAt:0 InProgressAt:0 ExpiresAt:0 FinalizingAt:0 CompletedAt:0 FailedAt:0 CancelledAt:0 RequestCounts:{Total:0 Completed:0 Failed:0} Metadata:map[] BatchID:batch_2601271448441806721440122 TotalCount:50 CompletedCount:2 FailedCount:0}
[INFO] 2026/01/27 14:50:09 logger.go:71: 查询批量任务结果：map[cancelled_at:<nil> cancelling_at:<nil> completed_at:<nil> completion_window:24h created_at:1.769525324e+09 endpoint:/v1/chat/completions errors:<nil> expired_at:1.769611724e+09 expires_at:1.769611724e+09 failed_at:<nil> finalizing_at:<nil> id:batch_2601271448442762997440124 in_process_at:1.769525324e+09 input_file_id:file_2601271448412736929260952 object:spark output_file_id: request_counts:map[completed:37 failed:0 total:50] sid:bat000deeda@dx19bfe3775c90000572 status:in_progress]
[INFO] 2026/01/27 14:50:09 logger.go:71: 查询批量任务结果：&{ID: Object: Endpoint: InputFileID:file_2601271448412736929260952 CompletionWindow: Status:in_progress OutputFileID: ErrorFileID:<nil> CreatedAt:0 InProgressAt:0 ExpiresAt:0 FinalizingAt:0 CompletedAt:0 FailedAt:0 CancelledAt:0 RequestCounts:{Total:0 Completed:0 Failed:0} Metadata:map[] BatchID:batch_2601271448442762997440124 TotalCount:50 CompletedCount:37 FailedCount:0}
[INFO] 2026/01/27 14:50:09 logger.go:71: 查询批量任务结果：map[cancelled_at:<nil> cancelling_at:<nil> completed_at:<nil> completion_window:24h created_at:1.769525324e+09 endpoint:/v1/chat/completions errors:<nil> expired_at:1.769611724e+09 expires_at:1.769611724e+09 failed_at:<nil> finalizing_at:<nil> id:batch_2601271448444108304240126 in_process_at:1.769525324e+09 input_file_id:file_2601271448413531851960954 object:spark output_file_id: request_counts:map[completed:2 failed:0 total:50] sid:bat000deedb@dx19bfe3776140000572 status:in_progress]
[INFO] 2026/01/27 14:50:09 logger.go:71: 查询批量任务结果：&{ID: Object: Endpoint: InputFileID:file_2601271448413531851960954 CompletionWindow: Status:in_progress OutputFileID: ErrorFileID:<nil> CreatedAt:0 InProgressAt:0 ExpiresAt:0 FinalizingAt:0 CompletedAt:0 FailedAt:0 CancelledAt:0 RequestCounts:{Total:0 Completed:0 Failed:0} Metadata:map[] BatchID:batch_2601271448444108304240126 TotalCount:50 CompletedCount:2 FailedCount:0}
[INFO] 2026/01/27 14:50:09 logger.go:71: 查询批量任务结果：map[cancelled_at:<nil> cancelling_at:<nil> completed_at:<nil> completion_window:24h created_at:1.769525324e+09 endpoint:/v1/chat/completions errors:<nil> expired_at:1.769611724e+09 expires_at:1.769611724e+09 failed_at:<nil> finalizing_at:<nil> id:batch_2601271448444893256340128 in_process_at:1.769525324e+09 input_file_id:file_2601271448415529392740109 object:spark output_file_id: request_counts:map[completed:38 failed:0 total:50] sid:bat000deedc@dx19bfe3776560000572 status:in_progress]
[INFO] 2026/01/27 14:50:09 logger.go:71: 查询批量任务结果：&{ID: Object: Endpoint: InputFileID:file_2601271448415529392740109 CompletionWindow: Status:in_progress OutputFileID: ErrorFileID:<nil> CreatedAt:0 InProgressAt:0 ExpiresAt:0 FinalizingAt:0 CompletedAt:0 FailedAt:0 CancelledAt:0 RequestCounts:{Total:0 Completed:0 Failed:0} Metadata:map[] BatchID:batch_2601271448444893256340128 TotalCount:50 CompletedCount:38 FailedCount:0}
[INFO] 2026/01/27 14:50:09 logger.go:71: 查询批量任务结果：map[cancelled_at:<nil> cancelling_at:<nil> completed_at:<nil> completion_window:24h created_at:1.769525324e+09 endpoint:/v1/chat/completions errors:<nil> expired_at:1.769611724e+09 expires_at:1.769611724e+09 failed_at:<nil> finalizing_at:<nil> id:batch_2601271448445745598360961 in_process_at:1.769525324e+09 input_file_id:file_2601271448416469182040111 object:spark output_file_id: request_counts:map[completed:40 failed:0 total:50] sid:bat000d9d37@dx19bfe3776950000572 status:in_progress]
[INFO] 2026/01/27 14:50:09 logger.go:71: 查询批量任务结果：&{ID: Object: Endpoint: InputFileID:file_2601271448416469182040111 CompletionWindow: Status:in_progress OutputFileID: ErrorFileID:<nil> CreatedAt:0 InProgressAt:0 ExpiresAt:0 FinalizingAt:0 CompletedAt:0 FailedAt:0 CancelledAt:0 RequestCounts:{Total:0 Completed:0 Failed:0} Metadata:map[] BatchID:batch_2601271448445745598360961 TotalCount:50 CompletedCount:40 FailedCount:0}
[INFO] 2026/01/27 14:50:11 logger.go:71: 查询批量任务结果：map[cancelled_at:<nil> cancelling_at:<nil> completed_at:<nil> completion_window:24h created_at:1.769525323e+09 endpoint:/v1/chat/completions errors:<nil> expired_at:1.769611723e+09 expires_at:1.769611723e+09 failed_at:<nil> finalizing_at:<nil> id:batch_2601271448437416549440118 in_process_at:1.769525324e+09 input_file_id:file_2601271448406476337640105 object:spark output_file_id: request_counts:map[completed:39 failed:1 total:50] sid:bat000d9d38@dx19bfe377eb60000572 status:in_progress]
[INFO] 2026/01/27 14:50:11 logger.go:71: 查询批量任务结果：&{ID: Object: Endpoint: InputFileID:file_2601271448406476337640105 CompletionWindow: Status:in_progress OutputFileID: ErrorFileID:<nil> CreatedAt:0 InProgressAt:0 ExpiresAt:0 FinalizingAt:0 CompletedAt:0 FailedAt:0 CancelledAt:0 RequestCounts:{Total:0 Completed:0 Failed:0} Metadata:map[] BatchID:batch_2601271448437416549440118 TotalCount:50 CompletedCount:39 FailedCount:1}
[INFO] 2026/01/27 14:50:11 logger.go:71: 查询批量任务结果：map[cancelled_at:<nil> cancelling_at:<nil> completed_at:<nil> completion_window:24h created_at:1.769525323e+09 endpoint:/v1/chat/completions errors:<nil> expired_at:1.769611723e+09 expires_at:1.769611723e+09 failed_at:<nil> finalizing_at:<nil> id:batch_2601271448439134586160957 in_process_at:1.769525324e+09 input_file_id:file_2601271448408907407760946 object:spark output_file_id: request_counts:map[completed:39 failed:0 total:50] sid:bat000d9d39@dx19bfe377f1c0000572 status:in_progress]
[INFO] 2026/01/27 14:50:11 logger.go:71: 查询批量任务结果：&{ID: Object: Endpoint: InputFileID:file_2601271448408907407760946 CompletionWindow: Status:in_progress OutputFileID: ErrorFileID:<nil> CreatedAt:0 InProgressAt:0 ExpiresAt:0 FinalizingAt:0 CompletedAt:0 FailedAt:0 CancelledAt:0 RequestCounts:{Total:0 Completed:0 Failed:0} Metadata:map[] BatchID:batch_2601271448439134586160957 TotalCount:50 CompletedCount:39 FailedCount:0}
[INFO] 2026/01/27 14:50:11 logger.go:71: 查询批量任务结果：map[cancelled_at:<nil> cancelling_at:<nil> completed_at:<nil> completion_window:24h created_at:1.769525324e+09 endpoint:/v1/chat/completions errors:<nil> expired_at:1.769611724e+09 expires_at:1.769611724e+09 failed_at:<nil> finalizing_at:<nil> id:batch_2601271448440034823460959 in_process_at:1.769525324e+09 input_file_id:file_2601271448409835690260948 object:spark output_file_id: request_counts:map[completed:5 failed:0 total:50] sid:bat000d9d3a@dx19bfe377ff30000572 status:in_progress]
[INFO] 2026/01/27 14:50:11 logger.go:71: 查询批量任务结果：&{ID: Object: Endpoint: InputFileID:file_2601271448409835690260948 CompletionWindow: Status:in_progress OutputFileID: ErrorFileID:<nil> CreatedAt:0 InProgressAt:0 ExpiresAt:0 FinalizingAt:0 CompletedAt:0 FailedAt:0 CancelledAt:0 RequestCounts:{Total:0 Completed:0 Failed:0} Metadata:map[] BatchID:batch_2601271448440034823460959 TotalCount:50 CompletedCount:5 FailedCount:0}
[INFO] 2026/01/27 14:50:11 logger.go:71: 查询批量任务结果：map[cancelled_at:<nil> cancelling_at:<nil> completed_at:<nil> completion_window:24h created_at:1.769525324e+09 endpoint:/v1/chat/completions errors:<nil> expired_at:1.769611724e+09 expires_at:1.769611724e+09 failed_at:<nil> finalizing_at:<nil> id:batch_2601271448440822238840120 in_process_at:1.769525324e+09 input_file_id:file_2601271448411018673740107 object:spark output_file_id: request_counts:map[completed:38 failed:0 total:50] sid:bat000deedd@dx19bfe3780360000572 status:in_progress]
[INFO] 2026/01/27 14:50:11 logger.go:71: 查询批量任务结果：&{ID: Object: Endpoint: InputFileID:file_2601271448411018673740107 CompletionWindow: Status:in_progress OutputFileID: ErrorFileID:<nil> CreatedAt:0 InProgressAt:0 ExpiresAt:0 FinalizingAt:0 CompletedAt:0 FailedAt:0 CancelledAt:0 RequestCounts:{Total:0 Completed:0 Failed:0} Metadata:map[] BatchID:batch_2601271448440822238840120 TotalCount:50 CompletedCount:38 FailedCount:0}
[INFO] 2026/01/27 14:50:11 logger.go:71: 查询批量任务结果：map[cancelled_at:<nil> cancelling_at:<nil> completed_at:<nil> completion_window:24h created_at:1.769525324e+09 endpoint:/v1/chat/completions errors:<nil> expired_at:1.769611724e+09 expires_at:1.769611724e+09 failed_at:<nil> finalizing_at:<nil> id:batch_2601271448441806721440122 in_process_at:1.769525324e+09 input_file_id:file_2601271448411938908660950 object:spark output_file_id: request_counts:map[completed:2 failed:0 total:50] sid:bat000deede@dx19bfe3780850000572 status:in_progress]
[INFO] 2026/01/27 14:50:11 logger.go:71: 查询批量任务结果：&{ID: Object: Endpoint: InputFileID:file_2601271448411938908660950 CompletionWindow: Status:in_progress OutputFileID: ErrorFileID:<nil> CreatedAt:0 InProgressAt:0 ExpiresAt:0 FinalizingAt:0 CompletedAt:0 FailedAt:0 CancelledAt:0 RequestCounts:{Total:0 Completed:0 Failed:0} Metadata:map[] BatchID:batch_2601271448441806721440122 TotalCount:50 CompletedCount:2 FailedCount:0}
[INFO] 2026/01/27 14:50:11 logger.go:71: 查询批量任务结果：map[cancelled_at:<nil> cancelling_at:<nil> completed_at:<nil> completion_window:24h created_at:1.769525324e+09 endpoint:/v1/chat/completions errors:<nil> expired_at:1.769611724e+09 expires_at:1.769611724e+09 failed_at:<nil> finalizing_at:<nil> id:batch_2601271448442762997440124 in_process_at:1.769525324e+09 input_file_id:file_2601271448412736929260952 object:spark output_file_id: request_counts:map[completed:38 failed:0 total:50] sid:bat000d9d3b@dx19bfe3780cb0000572 status:in_progress]
[INFO] 2026/01/27 14:50:11 logger.go:71: 查询批量任务结果：&{ID: Object: Endpoint: InputFileID:file_2601271448412736929260952 CompletionWindow: Status:in_progress OutputFileID: ErrorFileID:<nil> CreatedAt:0 InProgressAt:0 ExpiresAt:0 FinalizingAt:0 CompletedAt:0 FailedAt:0 CancelledAt:0 RequestCounts:{Total:0 Completed:0 Failed:0} Metadata:map[] BatchID:batch_2601271448442762997440124 TotalCount:50 CompletedCount:38 FailedCount:0}
[INFO] 2026/01/27 14:50:11 logger.go:71: 查询批量任务结果：map[cancelled_at:<nil> cancelling_at:<nil> completed_at:<nil> completion_window:24h created_at:1.769525324e+09 endpoint:/v1/chat/completions errors:<nil> expired_at:1.769611724e+09 expires_at:1.769611724e+09 failed_at:<nil> finalizing_at:<nil> id:batch_2601271448444108304240126 in_process_at:1.769525324e+09 input_file_id:file_2601271448413531851960954 object:spark output_file_id: request_counts:map[completed:2 failed:0 total:50] sid:bat000d9d3c@dx19bfe37811a0000572 status:in_progress]
[INFO] 2026/01/27 14:50:11 logger.go:71: 查询批量任务结果：&{ID: Object: Endpoint: InputFileID:file_2601271448413531851960954 CompletionWindow: Status:in_progress OutputFileID: ErrorFileID:<nil> CreatedAt:0 InProgressAt:0 ExpiresAt:0 FinalizingAt:0 CompletedAt:0 FailedAt:0 CancelledAt:0 RequestCounts:{Total:0 Completed:0 Failed:0} Metadata:map[] BatchID:batch_2601271448444108304240126 TotalCount:50 CompletedCount:2 FailedCount:0}
[INFO] 2026/01/27 14:50:12 logger.go:71: 查询批量任务结果：map[cancelled_at:<nil> cancelling_at:<nil> completed_at:<nil> completion_window:24h created_at:1.769525324e+09 endpoint:/v1/chat/completions errors:<nil> expired_at:1.769611724e+09 expires_at:1.769611724e+09 failed_at:<nil> finalizing_at:<nil> id:batch_2601271448444893256340128 in_process_at:1.769525324e+09 input_file_id:file_2601271448415529392740109 object:spark output_file_id: request_counts:map[completed:38 failed:0 total:50] sid:bat000deedf@dx19bfe3781730000572 status:in_progress]
[INFO] 2026/01/27 14:50:12 logger.go:71: 查询批量任务结果：&{ID: Object: Endpoint: InputFileID:file_2601271448415529392740109 CompletionWindow: Status:in_progress OutputFileID: ErrorFileID:<nil> CreatedAt:0 InProgressAt:0 ExpiresAt:0 FinalizingAt:0 CompletedAt:0 FailedAt:0 CancelledAt:0 RequestCounts:{Total:0 Completed:0 Failed:0} Metadata:map[] BatchID:batch_2601271448444893256340128 TotalCount:50 CompletedCount:38 FailedCount:0}
[INFO] 2026/01/27 14:50:12 logger.go:71: 查询批量任务结果：map[cancelled_at:<nil> cancelling_at:<nil> completed_at:<nil> completion_window:24h created_at:1.769525324e+09 endpoint:/v1/chat/completions errors:<nil> expired_at:1.769611724e+09 expires_at:1.769611724e+09 failed_at:<nil> finalizing_at:<nil> id:batch_2601271448445745598360961 in_process_at:1.769525324e+09 input_file_id:file_2601271448416469182040111 object:spark output_file_id: request_counts:map[completed:40 failed:0 total:50] sid:bat000d9d3d@dx19bfe3781ec0000572 status:in_progress]
[INFO] 2026/01/27 14:50:12 logger.go:71: 查询批量任务结果：&{ID: Object: Endpoint: InputFileID:file_2601271448416469182040111 CompletionWindow: Status:in_progress OutputFileID: ErrorFileID:<nil> CreatedAt:0 InProgressAt:0 ExpiresAt:0 FinalizingAt:0 CompletedAt:0 FailedAt:0 CancelledAt:0 RequestCounts:{Total:0 Completed:0 Failed:0} Metadata:map[] BatchID:batch_2601271448445745598360961 TotalCount:50 CompletedCount:40 FailedCount:0}
[INFO] 2026/01/27 14:50:14 logger.go:71: 查询批量任务结果：map[cancelled_at:<nil> cancelling_at:<nil> completed_at:<nil> completion_window:24h created_at:1.769525323e+09 endpoint:/v1/chat/completions errors:<nil> expired_at:1.769611723e+09 expires_at:1.769611723e+09 failed_at:<nil> finalizing_at:<nil> id:batch_2601271448437416549440118 in_process_at:1.769525324e+09 input_file_id:file_2601271448406476337640105 object:spark output_file_id: request_counts:map[completed:39 failed:1 total:50] sid:bat000deee0@dx19bfe378a2b0000572 status:in_progress]
[INFO] 2026/01/27 14:50:14 logger.go:71: 查询批量任务结果：&{ID: Object: Endpoint: InputFileID:file_2601271448406476337640105 CompletionWindow: Status:in_progress OutputFileID: ErrorFileID:<nil> CreatedAt:0 InProgressAt:0 ExpiresAt:0 FinalizingAt:0 CompletedAt:0 FailedAt:0 CancelledAt:0 RequestCounts:{Total:0 Completed:0 Failed:0} Metadata:map[] BatchID:batch_2601271448437416549440118 TotalCount:50 CompletedCount:39 FailedCount:1}
[INFO] 2026/01/27 14:50:14 logger.go:71: 查询批量任务结果：map[cancelled_at:<nil> cancelling_at:<nil> completed_at:<nil> completion_window:24h created_at:1.769525323e+09 endpoint:/v1/chat/completions errors:<nil> expired_at:1.769611723e+09 expires_at:1.769611723e+09 failed_at:<nil> finalizing_at:<nil> id:batch_2601271448439134586160957 in_process_at:1.769525324e+09 input_file_id:file_2601271448408907407760946 object:spark output_file_id: request_counts:map[completed:40 failed:0 total:50] sid:bat000deee1@dx19bfe378a8d0000572 status:in_progress]
[INFO] 2026/01/27 14:50:14 logger.go:71: 查询批量任务结果：&{ID: Object: Endpoint: InputFileID:file_2601271448408907407760946 CompletionWindow: Status:in_progress OutputFileID: ErrorFileID:<nil> CreatedAt:0 InProgressAt:0 ExpiresAt:0 FinalizingAt:0 CompletedAt:0 FailedAt:0 CancelledAt:0 RequestCounts:{Total:0 Completed:0 Failed:0} Metadata:map[] BatchID:batch_2601271448439134586160957 TotalCount:50 CompletedCount:40 FailedCount:0}
[INFO] 2026/01/27 14:50:14 logger.go:71: 查询批量任务结果：map[cancelled_at:<nil> cancelling_at:<nil> completed_at:<nil> completion_window:24h created_at:1.769525324e+09 endpoint:/v1/chat/completions errors:<nil> expired_at:1.769611724e+09 expires_at:1.769611724e+09 failed_at:<nil> finalizing_at:<nil> id:batch_2601271448440034823460959 in_process_at:1.769525324e+09 input_file_id:file_2601271448409835690260948 object:spark output_file_id: request_counts:map[completed:5 failed:0 total:50] sid:bat000deee2@dx19bfe378ad60000572 status:in_progress]
[INFO] 2026/01/27 14:50:14 logger.go:71: 查询批量任务结果：&{ID: Object: Endpoint: InputFileID:file_2601271448409835690260948 CompletionWindow: Status:in_progress OutputFileID: ErrorFileID:<nil> CreatedAt:0 InProgressAt:0 ExpiresAt:0 FinalizingAt:0 CompletedAt:0 FailedAt:0 CancelledAt:0 RequestCounts:{Total:0 Completed:0 Failed:0} Metadata:map[] BatchID:batch_2601271448440034823460959 TotalCount:50 CompletedCount:5 FailedCount:0}
[INFO] 2026/01/27 14:50:14 logger.go:71: 查询批量任务结果：map[cancelled_at:<nil> cancelling_at:<nil> completed_at:<nil> completion_window:24h created_at:1.769525324e+09 endpoint:/v1/chat/completions errors:<nil> expired_at:1.769611724e+09 expires_at:1.769611724e+09 failed_at:<nil> finalizing_at:<nil> id:batch_2601271448440822238840120 in_process_at:1.769525324e+09 input_file_id:file_2601271448411018673740107 object:spark output_file_id: request_counts:map[completed:38 failed:0 total:50] sid:bat000deee3@dx19bfe378b1e0000572 status:in_progress]
[INFO] 2026/01/27 14:50:14 logger.go:71: 查询批量任务结果：&{ID: Object: Endpoint: InputFileID:file_2601271448411018673740107 CompletionWindow: Status:in_progress OutputFileID: ErrorFileID:<nil> CreatedAt:0 InProgressAt:0 ExpiresAt:0 FinalizingAt:0 CompletedAt:0 FailedAt:0 CancelledAt:0 RequestCounts:{Total:0 Completed:0 Failed:0} Metadata:map[] BatchID:batch_2601271448440822238840120 TotalCount:50 CompletedCount:38 FailedCount:0}
[INFO] 2026/01/27 14:50:14 logger.go:71: 查询批量任务结果：map[cancelled_at:<nil> cancelling_at:<nil> completed_at:<nil> completion_window:24h created_at:1.769525324e+09 endpoint:/v1/chat/completions errors:<nil> expired_at:1.769611724e+09 expires_at:1.769611724e+09 failed_at:<nil> finalizing_at:<nil> id:batch_2601271448441806721440122 in_process_at:1.769525324e+09 input_file_id:file_2601271448411938908660950 object:spark output_file_id: request_counts:map[completed:2 failed:0 total:50] sid:bat000deee4@dx19bfe378b6c0000572 status:in_progress]
[INFO] 2026/01/27 14:50:14 logger.go:71: 查询批量任务结果：&{ID: Object: Endpoint: InputFileID:file_2601271448411938908660950 CompletionWindow: Status:in_progress OutputFileID: ErrorFileID:<nil> CreatedAt:0 InProgressAt:0 ExpiresAt:0 FinalizingAt:0 CompletedAt:0 FailedAt:0 CancelledAt:0 RequestCounts:{Total:0 Completed:0 Failed:0} Metadata:map[] BatchID:batch_2601271448441806721440122 TotalCount:50 CompletedCount:2 FailedCount:0}
[INFO] 2026/01/27 14:50:14 logger.go:71: 查询批量任务结果：map[cancelled_at:<nil> cancelling_at:<nil> completed_at:<nil> completion_window:24h created_at:1.769525324e+09 endpoint:/v1/chat/completions errors:<nil> expired_at:1.769611724e+09 expires_at:1.769611724e+09 failed_at:<nil> finalizing_at:<nil> id:batch_2601271448442762997440124 in_process_at:1.769525324e+09 input_file_id:file_2601271448412736929260952 object:spark output_file_id: request_counts:map[completed:38 failed:0 total:50] sid:bat000deee5@dx19bfe378bb80000572 status:in_progress]
[INFO] 2026/01/27 14:50:14 logger.go:71: 查询批量任务结果：&{ID: Object: Endpoint: InputFileID:file_2601271448412736929260952 CompletionWindow: Status:in_progress OutputFileID: ErrorFileID:<nil> CreatedAt:0 InProgressAt:0 ExpiresAt:0 FinalizingAt:0 CompletedAt:0 FailedAt:0 CancelledAt:0 RequestCounts:{Total:0 Completed:0 Failed:0} Metadata:map[] BatchID:batch_2601271448442762997440124 TotalCount:50 CompletedCount:38 FailedCount:0}
[INFO] 2026/01/27 14:50:14 logger.go:71: 查询批量任务结果：map[cancelled_at:<nil> cancelling_at:<nil> completed_at:<nil> completion_window:24h created_at:1.769525324e+09 endpoint:/v1/chat/completions errors:<nil> expired_at:1.769611724e+09 expires_at:1.769611724e+09 failed_at:<nil> finalizing_at:<nil> id:batch_2601271448444108304240126 in_process_at:1.769525324e+09 input_file_id:file_2601271448413531851960954 object:spark output_file_id: request_counts:map[completed:2 failed:0 total:50] sid:bat000deee6@dx19bfe378c1f0000572 status:in_progress]
[INFO] 2026/01/27 14:50:14 logger.go:71: 查询批量任务结果：&{ID: Object: Endpoint: InputFileID:file_2601271448413531851960954 CompletionWindow: Status:in_progress OutputFileID: ErrorFileID:<nil> CreatedAt:0 InProgressAt:0 ExpiresAt:0 FinalizingAt:0 CompletedAt:0 FailedAt:0 CancelledAt:0 RequestCounts:{Total:0 Completed:0 Failed:0} Metadata:map[] BatchID:batch_2601271448444108304240126 TotalCount:50 CompletedCount:2 FailedCount:0}
[INFO] 2026/01/27 14:50:14 logger.go:71: 查询批量任务结果：map[cancelled_at:<nil> cancelling_at:<nil> completed_at:<nil> completion_window:24h created_at:1.769525324e+09 endpoint:/v1/chat/completions errors:<nil> expired_at:1.769611724e+09 expires_at:1.769611724e+09 failed_at:<nil> finalizing_at:<nil> id:batch_2601271448444893256340128 in_process_at:1.769525324e+09 input_file_id:file_2601271448415529392740109 object:spark output_file_id: request_counts:map[completed:38 failed:0 total:50] sid:bat000deee7@dx19bfe378c680000572 status:in_progress]
[INFO] 2026/01/27 14:50:14 logger.go:71: 查询批量任务结果：&{ID: Object: Endpoint: InputFileID:file_2601271448415529392740109 CompletionWindow: Status:in_progress OutputFileID: ErrorFileID:<nil> CreatedAt:0 InProgressAt:0 ExpiresAt:0 FinalizingAt:0 CompletedAt:0 FailedAt:0 CancelledAt:0 RequestCounts:{Total:0 Completed:0 Failed:0} Metadata:map[] BatchID:batch_2601271448444893256340128 TotalCount:50 CompletedCount:38 FailedCount:0}
[INFO] 2026/01/27 14:50:14 logger.go:71: 查询批量任务结果：map[cancelled_at:<nil> cancelling_at:<nil> completed_at:<nil> completion_window:24h created_at:1.769525324e+09 endpoint:/v1/chat/completions errors:<nil> expired_at:1.769611724e+09 expires_at:1.769611724e+09 failed_at:<nil> finalizing_at:<nil> id:batch_2601271448445745598360961 in_process_at:1.769525324e+09 input_file_id:file_2601271448416469182040111 object:spark output_file_id: request_counts:map[completed:40 failed:0 total:50] sid:bat000deee8@dx19bfe378cce0000572 status:in_progress]
[INFO] 2026/01/27 14:50:14 logger.go:71: 查询批量任务结果：&{ID: Object: Endpoint: InputFileID:file_2601271448416469182040111 CompletionWindow: Status:in_progress OutputFileID: ErrorFileID:<nil> CreatedAt:0 InProgressAt:0 ExpiresAt:0 FinalizingAt:0 CompletedAt:0 FailedAt:0 CancelledAt:0 RequestCounts:{Total:0 Completed:0 Failed:0} Metadata:map[] BatchID:batch_2601271448445745598360961 TotalCount:50 CompletedCount:40 FailedCount:0}
[INFO] 2026/01/27 14:50:17 logger.go:71: 查询批量任务结果：map[cancelled_at:<nil> cancelling_at:<nil> completed_at:<nil> completion_window:24h created_at:1.769525323e+09 endpoint:/v1/chat/completions errors:<nil> expired_at:1.769611723e+09 expires_at:1.769611723e+09 failed_at:<nil> finalizing_at:<nil> id:batch_2601271448437416549440118 in_process_at:1.769525324e+09 input_file_id:file_2601271448406476337640105 object:spark output_file_id: request_counts:map[completed:40 failed:1 total:50] sid:bat000deee9@dx19bfe3795040000572 status:in_progress]
[INFO] 2026/01/27 14:50:17 logger.go:71: 查询批量任务结果：&{ID: Object: Endpoint: InputFileID:file_2601271448406476337640105 CompletionWindow: Status:in_progress OutputFileID: ErrorFileID:<nil> CreatedAt:0 InProgressAt:0 ExpiresAt:0 FinalizingAt:0 CompletedAt:0 FailedAt:0 CancelledAt:0 RequestCounts:{Total:0 Completed:0 Failed:0} Metadata:map[] BatchID:batch_2601271448437416549440118 TotalCount:50 CompletedCount:40 FailedCount:1}
[INFO] 2026/01/27 14:50:17 logger.go:71: 查询批量任务结果：map[cancelled_at:<nil> cancelling_at:<nil> completed_at:<nil> completion_window:24h created_at:1.769525323e+09 endpoint:/v1/chat/completions errors:<nil> expired_at:1.769611723e+09 expires_at:1.769611723e+09 failed_at:<nil> finalizing_at:<nil> id:batch_2601271448439134586160957 in_process_at:1.769525324e+09 input_file_id:file_2601271448408907407760946 object:spark output_file_id: request_counts:map[completed:40 failed:0 total:50] sid:bat000deeea@dx19bfe3795550000572 status:in_progress]
[INFO] 2026/01/27 14:50:17 logger.go:71: 查询批量任务结果：&{ID: Object: Endpoint: InputFileID:file_2601271448408907407760946 CompletionWindow: Status:in_progress OutputFileID: ErrorFileID:<nil> CreatedAt:0 InProgressAt:0 ExpiresAt:0 FinalizingAt:0 CompletedAt:0 FailedAt:0 CancelledAt:0 RequestCounts:{Total:0 Completed:0 Failed:0} Metadata:map[] BatchID:batch_2601271448439134586160957 TotalCount:50 CompletedCount:40 FailedCount:0}
[INFO] 2026/01/27 14:50:17 logger.go:71: 查询批量任务结果：map[cancelled_at:<nil> cancelling_at:<nil> completed_at:<nil> completion_window:24h created_at:1.769525324e+09 endpoint:/v1/chat/completions errors:<nil> expired_at:1.769611724e+09 expires_at:1.769611724e+09 failed_at:<nil> finalizing_at:<nil> id:batch_2601271448440034823460959 in_process_at:1.769525324e+09 input_file_id:file_2601271448409835690260948 object:spark output_file_id: request_counts:map[completed:5 failed:0 total:50] sid:bat000deeeb@dx19bfe37959d0000572 status:in_progress]
[INFO] 2026/01/27 14:50:17 logger.go:71: 查询批量任务结果：&{ID: Object: Endpoint: InputFileID:file_2601271448409835690260948 CompletionWindow: Status:in_progress OutputFileID: ErrorFileID:<nil> CreatedAt:0 InProgressAt:0 ExpiresAt:0 FinalizingAt:0 CompletedAt:0 FailedAt:0 CancelledAt:0 RequestCounts:{Total:0 Completed:0 Failed:0} Metadata:map[] BatchID:batch_2601271448440034823460959 TotalCount:50 CompletedCount:5 FailedCount:0}
[INFO] 2026/01/27 14:50:17 logger.go:71: 查询批量任务结果：map[cancelled_at:<nil> cancelling_at:<nil> completed_at:<nil> completion_window:24h created_at:1.769525324e+09 endpoint:/v1/chat/completions errors:<nil> expired_at:1.769611724e+09 expires_at:1.769611724e+09 failed_at:<nil> finalizing_at:<nil> id:batch_2601271448440822238840120 in_process_at:1.769525324e+09 input_file_id:file_2601271448411018673740107 object:spark output_file_id: request_counts:map[completed:38 failed:0 total:50] sid:bat000deeec@dx19bfe3795e80000572 status:in_progress]
[INFO] 2026/01/27 14:50:17 logger.go:71: 查询批量任务结果：&{ID: Object: Endpoint: InputFileID:file_2601271448411018673740107 CompletionWindow: Status:in_progress OutputFileID: ErrorFileID:<nil> CreatedAt:0 InProgressAt:0 ExpiresAt:0 FinalizingAt:0 CompletedAt:0 FailedAt:0 CancelledAt:0 RequestCounts:{Total:0 Completed:0 Failed:0} Metadata:map[] BatchID:batch_2601271448440822238840120 TotalCount:50 CompletedCount:38 FailedCount:0}
[INFO] 2026/01/27 14:50:17 logger.go:71: 查询批量任务结果：map[cancelled_at:<nil> cancelling_at:<nil> completed_at:<nil> completion_window:24h created_at:1.769525324e+09 endpoint:/v1/chat/completions errors:<nil> expired_at:1.769611724e+09 expires_at:1.769611724e+09 failed_at:<nil> finalizing_at:<nil> id:batch_2601271448441806721440122 in_process_at:1.769525324e+09 input_file_id:file_2601271448411938908660950 object:spark output_file_id: request_counts:map[completed:2 failed:0 total:50] sid:bat000deeed@dx19bfe37962e0000572 status:in_progress]
[INFO] 2026/01/27 14:50:17 logger.go:71: 查询批量任务结果：&{ID: Object: Endpoint: InputFileID:file_2601271448411938908660950 CompletionWindow: Status:in_progress OutputFileID: ErrorFileID:<nil> CreatedAt:0 InProgressAt:0 ExpiresAt:0 FinalizingAt:0 CompletedAt:0 FailedAt:0 CancelledAt:0 RequestCounts:{Total:0 Completed:0 Failed:0} Metadata:map[] BatchID:batch_2601271448441806721440122 TotalCount:50 CompletedCount:2 FailedCount:0}
[INFO] 2026/01/27 14:50:17 logger.go:71: 查询批量任务结果：map[cancelled_at:<nil> cancelling_at:<nil> completed_at:<nil> completion_window:24h created_at:1.769525324e+09 endpoint:/v1/chat/completions errors:<nil> expired_at:1.769611724e+09 expires_at:1.769611724e+09 failed_at:<nil> finalizing_at:<nil> id:batch_2601271448442762997440124 in_process_at:1.769525324e+09 input_file_id:file_2601271448412736929260952 object:spark output_file_id: request_counts:map[completed:38 failed:0 total:50] sid:bat000d9d3e@dx19bfe3796760000572 status:in_progress]
[INFO] 2026/01/27 14:50:17 logger.go:71: 查询批量任务结果：&{ID: Object: Endpoint: InputFileID:file_2601271448412736929260952 CompletionWindow: Status:in_progress OutputFileID: ErrorFileID:<nil> CreatedAt:0 InProgressAt:0 ExpiresAt:0 FinalizingAt:0 CompletedAt:0 FailedAt:0 CancelledAt:0 RequestCounts:{Total:0 Completed:0 Failed:0} Metadata:map[] BatchID:batch_2601271448442762997440124 TotalCount:50 CompletedCount:38 FailedCount:0}
[INFO] 2026/01/27 14:50:17 logger.go:71: 查询批量任务结果：map[cancelled_at:<nil> cancelling_at:<nil> completed_at:<nil> completion_window:24h created_at:1.769525324e+09 endpoint:/v1/chat/completions errors:<nil> expired_at:1.769611724e+09 expires_at:1.769611724e+09 failed_at:<nil> finalizing_at:<nil> id:batch_2601271448444108304240126 in_process_at:1.769525324e+09 input_file_id:file_2601271448413531851960954 object:spark output_file_id: request_counts:map[completed:2 failed:0 total:50] sid:bat000d9d3f@dx19bfe3796c20000572 status:in_progress]
[INFO] 2026/01/27 14:50:17 logger.go:71: 查询批量任务结果：&{ID: Object: Endpoint: InputFileID:file_2601271448413531851960954 CompletionWindow: Status:in_progress OutputFileID: ErrorFileID:<nil> CreatedAt:0 InProgressAt:0 ExpiresAt:0 FinalizingAt:0 CompletedAt:0 FailedAt:0 CancelledAt:0 RequestCounts:{Total:0 Completed:0 Failed:0} Metadata:map[] BatchID:batch_2601271448444108304240126 TotalCount:50 CompletedCount:2 FailedCount:0}
[INFO] 2026/01/27 14:50:17 logger.go:71: 查询批量任务结果：map[cancelled_at:<nil> cancelling_at:<nil> completed_at:<nil> completion_window:24h created_at:1.769525324e+09 endpoint:/v1/chat/completions errors:<nil> expired_at:1.769611724e+09 expires_at:1.769611724e+09 failed_at:<nil> finalizing_at:<nil> id:batch_2601271448444893256340128 in_process_at:1.769525324e+09 input_file_id:file_2601271448415529392740109 object:spark output_file_id: request_counts:map[completed:38 failed:0 total:50] sid:bat000deeee@dx19bfe37971e0000572 status:in_progress]
[INFO] 2026/01/27 14:50:17 logger.go:71: 查询批量任务结果：&{ID: Object: Endpoint: InputFileID:file_2601271448415529392740109 CompletionWindow: Status:in_progress OutputFileID: ErrorFileID:<nil> CreatedAt:0 InProgressAt:0 ExpiresAt:0 FinalizingAt:0 CompletedAt:0 FailedAt:0 CancelledAt:0 RequestCounts:{Total:0 Completed:0 Failed:0} Metadata:map[] BatchID:batch_2601271448444893256340128 TotalCount:50 CompletedCount:38 FailedCount:0}
[INFO] 2026/01/27 14:50:17 logger.go:71: 查询批量任务结果：map[cancelled_at:<nil> cancelling_at:<nil> completed_at:<nil> completion_window:24h created_at:1.769525324e+09 endpoint:/v1/chat/completions errors:<nil> expired_at:1.769611724e+09 expires_at:1.769611724e+09 failed_at:<nil> finalizing_at:<nil> id:batch_2601271448445745598360961 in_process_at:1.769525324e+09 input_file_id:file_2601271448416469182040111 object:spark output_file_id: request_counts:map[completed:40 failed:0 total:50] sid:bat000d9d40@dx19bfe37976a0000572 status:in_progress]
[INFO] 2026/01/27 14:50:17 logger.go:71: 查询批量任务结果：&{ID: Object: Endpoint: InputFileID:file_2601271448416469182040111 CompletionWindow: Status:in_progress OutputFileID: ErrorFileID:<nil> CreatedAt:0 InProgressAt:0 ExpiresAt:0 FinalizingAt:0 CompletedAt:0 FailedAt:0 CancelledAt:0 RequestCounts:{Total:0 Completed:0 Failed:0} Metadata:map[] BatchID:batch_2601271448445745598360961 TotalCount:50 CompletedCount:40 FailedCount:0}
[INFO] 2026/01/27 14:50:19 logger.go:71: 查询批量任务结果：map[cancelled_at:<nil> cancelling_at:<nil> completed_at:<nil> completion_window:24h created_at:1.769525323e+09 endpoint:/v1/chat/completions errors:<nil> expired_at:1.769611723e+09 expires_at:1.769611723e+09 failed_at:<nil> finalizing_at:<nil> id:batch_2601271448437416549440118 in_process_at:1.769525324e+09 input_file_id:file_2601271448406476337640105 object:spark output_file_id: request_counts:map[completed:41 failed:1 total:50] sid:bat000deeef@dx19bfe379f970000572 status:in_progress]
[INFO] 2026/01/27 14:50:19 logger.go:71: 查询批量任务结果：&{ID: Object: Endpoint: InputFileID:file_2601271448406476337640105 CompletionWindow: Status:in_progress OutputFileID: ErrorFileID:<nil> CreatedAt:0 InProgressAt:0 ExpiresAt:0 FinalizingAt:0 CompletedAt:0 FailedAt:0 CancelledAt:0 RequestCounts:{Total:0 Completed:0 Failed:0} Metadata:map[] BatchID:batch_2601271448437416549440118 TotalCount:50 CompletedCount:41 FailedCount:1}
[INFO] 2026/01/27 14:50:19 logger.go:71: 查询批量任务结果：map[cancelled_at:<nil> cancelling_at:<nil> completed_at:<nil> completion_window:24h created_at:1.769525323e+09 endpoint:/v1/chat/completions errors:<nil> expired_at:1.769611723e+09 expires_at:1.769611723e+09 failed_at:<nil> finalizing_at:<nil> id:batch_2601271448439134586160957 in_process_at:1.769525324e+09 input_file_id:file_2601271448408907407760946 object:spark output_file_id: request_counts:map[completed:43 failed:0 total:50] sid:bat000d9d44@dx19bfe379ffa0000572 status:in_progress]
[INFO] 2026/01/27 14:50:19 logger.go:71: 查询批量任务结果：&{ID: Object: Endpoint: InputFileID:file_2601271448408907407760946 CompletionWindow: Status:in_progress OutputFileID: ErrorFileID:<nil> CreatedAt:0 InProgressAt:0 ExpiresAt:0 FinalizingAt:0 CompletedAt:0 FailedAt:0 CancelledAt:0 RequestCounts:{Total:0 Completed:0 Failed:0} Metadata:map[] BatchID:batch_2601271448439134586160957 TotalCount:50 CompletedCount:43 FailedCount:0}
[INFO] 2026/01/27 14:50:19 logger.go:71: 查询批量任务结果：map[cancelled_at:<nil> cancelling_at:<nil> completed_at:<nil> completion_window:24h created_at:1.769525324e+09 endpoint:/v1/chat/completions errors:<nil> expired_at:1.769611724e+09 expires_at:1.769611724e+09 failed_at:<nil> finalizing_at:<nil> id:batch_2601271448440034823460959 in_process_at:1.769525324e+09 input_file_id:file_2601271448409835690260948 object:spark output_file_id: request_counts:map[completed:6 failed:0 total:50] sid:bat000d9d45@dx19bfe37a04b0000572 status:in_progress]
[INFO] 2026/01/27 14:50:19 logger.go:71: 查询批量任务结果：&{ID: Object: Endpoint: InputFileID:file_2601271448409835690260948 CompletionWindow: Status:in_progress OutputFileID: ErrorFileID:<nil> CreatedAt:0 InProgressAt:0 ExpiresAt:0 FinalizingAt:0 CompletedAt:0 FailedAt:0 CancelledAt:0 RequestCounts:{Total:0 Completed:0 Failed:0} Metadata:map[] BatchID:batch_2601271448440034823460959 TotalCount:50 CompletedCount:6 FailedCount:0}
[INFO] 2026/01/27 14:50:19 logger.go:71: 查询批量任务结果：map[cancelled_at:<nil> cancelling_at:<nil> completed_at:<nil> completion_window:24h created_at:1.769525324e+09 endpoint:/v1/chat/completions errors:<nil> expired_at:1.769611724e+09 expires_at:1.769611724e+09 failed_at:<nil> finalizing_at:<nil> id:batch_2601271448440822238840120 in_process_at:1.769525324e+09 input_file_id:file_2601271448411018673740107 object:spark output_file_id: request_counts:map[completed:38 failed:0 total:50] sid:bat000deef0@dx19bfe37a0930000572 status:in_progress]
[INFO] 2026/01/27 14:50:19 logger.go:71: 查询批量任务结果：&{ID: Object: Endpoint: InputFileID:file_2601271448411018673740107 CompletionWindow: Status:in_progress OutputFileID: ErrorFileID:<nil> CreatedAt:0 InProgressAt:0 ExpiresAt:0 FinalizingAt:0 CompletedAt:0 FailedAt:0 CancelledAt:0 RequestCounts:{Total:0 Completed:0 Failed:0} Metadata:map[] BatchID:batch_2601271448440822238840120 TotalCount:50 CompletedCount:38 FailedCount:0}
[INFO] 2026/01/27 14:50:20 logger.go:71: 查询批量任务结果：map[cancelled_at:<nil> cancelling_at:<nil> completed_at:<nil> completion_window:24h created_at:1.769525324e+09 endpoint:/v1/chat/completions errors:<nil> expired_at:1.769611724e+09 expires_at:1.769611724e+09 failed_at:<nil> finalizing_at:<nil> id:batch_2601271448441806721440122 in_process_at:1.769525324e+09 input_file_id:file_2601271448411938908660950 object:spark output_file_id: request_counts:map[completed:2 failed:0 total:50] sid:bat000deef1@dx19bfe37a0da0000572 status:in_progress]
[INFO] 2026/01/27 14:50:20 logger.go:71: 查询批量任务结果：&{ID: Object: Endpoint: InputFileID:file_2601271448411938908660950 CompletionWindow: Status:in_progress OutputFileID: ErrorFileID:<nil> CreatedAt:0 InProgressAt:0 ExpiresAt:0 FinalizingAt:0 CompletedAt:0 FailedAt:0 CancelledAt:0 RequestCounts:{Total:0 Completed:0 Failed:0} Metadata:map[] BatchID:batch_2601271448441806721440122 TotalCount:50 CompletedCount:2 FailedCount:0}
[INFO] 2026/01/27 14:50:20 logger.go:71: 查询批量任务结果：map[cancelled_at:<nil> cancelling_at:<nil> completed_at:<nil> completion_window:24h created_at:1.769525324e+09 endpoint:/v1/chat/completions errors:<nil> expired_at:1.769611724e+09 expires_at:1.769611724e+09 failed_at:<nil> finalizing_at:<nil> id:batch_2601271448442762997440124 in_process_at:1.769525324e+09 input_file_id:file_2601271448412736929260952 object:spark output_file_id: request_counts:map[completed:42 failed:0 total:50] sid:bat000d9d46@dx19bfe37a1240000572 status:in_progress]
[INFO] 2026/01/27 14:50:20 logger.go:71: 查询批量任务结果：&{ID: Object: Endpoint: InputFileID:file_2601271448412736929260952 CompletionWindow: Status:in_progress OutputFileID: ErrorFileID:<nil> CreatedAt:0 InProgressAt:0 ExpiresAt:0 FinalizingAt:0 CompletedAt:0 FailedAt:0 CancelledAt:0 RequestCounts:{Total:0 Completed:0 Failed:0} Metadata:map[] BatchID:batch_2601271448442762997440124 TotalCount:50 CompletedCount:42 FailedCount:0}
[INFO] 2026/01/27 14:50:20 logger.go:71: 查询批量任务结果：map[cancelled_at:<nil> cancelling_at:<nil> completed_at:<nil> completion_window:24h created_at:1.769525324e+09 endpoint:/v1/chat/completions errors:<nil> expired_at:1.769611724e+09 expires_at:1.769611724e+09 failed_at:<nil> finalizing_at:<nil> id:batch_2601271448444108304240126 in_process_at:1.769525324e+09 input_file_id:file_2601271448413531851960954 object:spark output_file_id: request_counts:map[completed:2 failed:0 total:50] sid:bat000d9d47@dx19bfe37a16c0000572 status:in_progress]
[INFO] 2026/01/27 14:50:20 logger.go:71: 查询批量任务结果：&{ID: Object: Endpoint: InputFileID:file_2601271448413531851960954 CompletionWindow: Status:in_progress OutputFileID: ErrorFileID:<nil> CreatedAt:0 InProgressAt:0 ExpiresAt:0 FinalizingAt:0 CompletedAt:0 FailedAt:0 CancelledAt:0 RequestCounts:{Total:0 Completed:0 Failed:0} Metadata:map[] BatchID:batch_2601271448444108304240126 TotalCount:50 CompletedCount:2 FailedCount:0}
[INFO] 2026/01/27 14:50:20 logger.go:71: 查询批量任务结果：map[cancelled_at:<nil> cancelling_at:<nil> completed_at:<nil> completion_window:24h created_at:1.769525324e+09 endpoint:/v1/chat/completions errors:<nil> expired_at:1.769611724e+09 expires_at:1.769611724e+09 failed_at:<nil> finalizing_at:<nil> id:batch_2601271448444893256340128 in_process_at:1.769525324e+09 input_file_id:file_2601271448415529392740109 object:spark output_file_id: request_counts:map[completed:42 failed:0 total:50] sid:bat000d9d48@dx19bfe37a1ea0000572 status:in_progress]
[INFO] 2026/01/27 14:50:20 logger.go:71: 查询批量任务结果：&{ID: Object: Endpoint: InputFileID:file_2601271448415529392740109 CompletionWindow: Status:in_progress OutputFileID: ErrorFileID:<nil> CreatedAt:0 InProgressAt:0 ExpiresAt:0 FinalizingAt:0 CompletedAt:0 FailedAt:0 CancelledAt:0 RequestCounts:{Total:0 Completed:0 Failed:0} Metadata:map[] BatchID:batch_2601271448444893256340128 TotalCount:50 CompletedCount:42 FailedCount:0}
[INFO] 2026/01/27 14:50:20 logger.go:71: 查询批量任务结果：map[cancelled_at:<nil> cancelling_at:<nil> completed_at:<nil> completion_window:24h created_at:1.769525324e+09 endpoint:/v1/chat/completions errors:<nil> expired_at:1.769611724e+09 expires_at:1.769611724e+09 failed_at:<nil> finalizing_at:<nil> id:batch_2601271448445745598360961 in_process_at:1.769525324e+09 input_file_id:file_2601271448416469182040111 object:spark output_file_id: request_counts:map[completed:41 failed:0 total:50] sid:bat000deef3@dx19bfe37a2390000572 status:in_progress]
[INFO] 2026/01/27 14:50:20 logger.go:71: 查询批量任务结果：&{ID: Object: Endpoint: InputFileID:file_2601271448416469182040111 CompletionWindow: Status:in_progress OutputFileID: ErrorFileID:<nil> CreatedAt:0 InProgressAt:0 ExpiresAt:0 FinalizingAt:0 CompletedAt:0 FailedAt:0 CancelledAt:0 RequestCounts:{Total:0 Completed:0 Failed:0} Metadata:map[] BatchID:batch_2601271448445745598360961 TotalCount:50 CompletedCount:41 FailedCount:0}
[INFO] 2026/01/27 14:50:22 logger.go:71: 查询批量任务结果：map[cancelled_at:<nil> cancelling_at:<nil> completed_at:<nil> completion_window:24h created_at:1.769525323e+09 endpoint:/v1/chat/completions errors:<nil> expired_at:1.769611723e+09 expires_at:1.769611723e+09 failed_at:<nil> finalizing_at:<nil> id:batch_2601271448437416549440118 in_process_at:1.769525324e+09 input_file_id:file_2601271448406476337640105 object:spark output_file_id: request_counts:map[completed:43 failed:1 total:50] sid:bat000d9d4a@dx19bfe37aa680000572 status:in_progress]
[INFO] 2026/01/27 14:50:22 logger.go:71: 查询批量任务结果：&{ID: Object: Endpoint: InputFileID:file_2601271448406476337640105 CompletionWindow: Status:in_progress OutputFileID: ErrorFileID:<nil> CreatedAt:0 InProgressAt:0 ExpiresAt:0 FinalizingAt:0 CompletedAt:0 FailedAt:0 CancelledAt:0 RequestCounts:{Total:0 Completed:0 Failed:0} Metadata:map[] BatchID:batch_2601271448437416549440118 TotalCount:50 CompletedCount:43 FailedCount:1}
[INFO] 2026/01/27 14:50:22 logger.go:71: 查询批量任务结果：map[cancelled_at:<nil> cancelling_at:<nil> completed_at:<nil> completion_window:24h created_at:1.769525323e+09 endpoint:/v1/chat/completions errors:<nil> expired_at:1.769611723e+09 expires_at:1.769611723e+09 failed_at:<nil> finalizing_at:<nil> id:batch_2601271448439134586160957 in_process_at:1.769525324e+09 input_file_id:file_2601271448408907407760946 object:spark output_file_id: request_counts:map[completed:45 failed:0 total:50] sid:bat000deef4@dx19bfe37aab90000572 status:in_progress]
[INFO] 2026/01/27 14:50:22 logger.go:71: 查询批量任务结果：&{ID: Object: Endpoint: InputFileID:file_2601271448408907407760946 CompletionWindow: Status:in_progress OutputFileID: ErrorFileID:<nil> CreatedAt:0 InProgressAt:0 ExpiresAt:0 FinalizingAt:0 CompletedAt:0 FailedAt:0 CancelledAt:0 RequestCounts:{Total:0 Completed:0 Failed:0} Metadata:map[] BatchID:batch_2601271448439134586160957 TotalCount:50 CompletedCount:45 FailedCount:0}
[INFO] 2026/01/27 14:50:22 logger.go:71: 查询批量任务结果：map[cancelled_at:<nil> cancelling_at:<nil> completed_at:<nil> completion_window:24h created_at:1.769525324e+09 endpoint:/v1/chat/completions errors:<nil> expired_at:1.769611724e+09 expires_at:1.769611724e+09 failed_at:<nil> finalizing_at:<nil> id:batch_2601271448440034823460959 in_process_at:1.769525324e+09 input_file_id:file_2601271448409835690260948 object:spark output_file_id: request_counts:map[completed:8 failed:0 total:50] sid:bat000deef5@dx19bfe37ab020000572 status:in_progress]
[INFO] 2026/01/27 14:50:22 logger.go:71: 查询批量任务结果：&{ID: Object: Endpoint: InputFileID:file_2601271448409835690260948 CompletionWindow: Status:in_progress OutputFileID: ErrorFileID:<nil> CreatedAt:0 InProgressAt:0 ExpiresAt:0 FinalizingAt:0 CompletedAt:0 FailedAt:0 CancelledAt:0 RequestCounts:{Total:0 Completed:0 Failed:0} Metadata:map[] BatchID:batch_2601271448440034823460959 TotalCount:50 CompletedCount:8 FailedCount:0}
[INFO] 2026/01/27 14:50:22 logger.go:71: 查询批量任务结果：map[cancelled_at:<nil> cancelling_at:<nil> completed_at:<nil> completion_window:24h created_at:1.769525324e+09 endpoint:/v1/chat/completions errors:<nil> expired_at:1.769611724e+09 expires_at:1.769611724e+09 failed_at:<nil> finalizing_at:<nil> id:batch_2601271448440822238840120 in_process_at:1.769525324e+09 input_file_id:file_2601271448411018673740107 object:spark output_file_id: request_counts:map[completed:39 failed:0 total:50] sid:bat000d9d4b@dx19bfe37ab4a0000572 status:in_progress]
[INFO] 2026/01/27 14:50:22 logger.go:71: 查询批量任务结果：&{ID: Object: Endpoint: InputFileID:file_2601271448411018673740107 CompletionWindow: Status:in_progress OutputFileID: ErrorFileID:<nil> CreatedAt:0 InProgressAt:0 ExpiresAt:0 FinalizingAt:0 CompletedAt:0 FailedAt:0 CancelledAt:0 RequestCounts:{Total:0 Completed:0 Failed:0} Metadata:map[] BatchID:batch_2601271448440822238840120 TotalCount:50 CompletedCount:39 FailedCount:0}
[INFO] 2026/01/27 14:50:22 logger.go:71: 查询批量任务结果：map[cancelled_at:<nil> cancelling_at:<nil> completed_at:<nil> completion_window:24h created_at:1.769525324e+09 endpoint:/v1/chat/completions errors:<nil> expired_at:1.769611724e+09 expires_at:1.769611724e+09 failed_at:<nil> finalizing_at:<nil> id:batch_2601271448441806721440122 in_process_at:1.769525324e+09 input_file_id:file_2601271448411938908660950 object:spark output_file_id: request_counts:map[completed:2 failed:0 total:50] sid:bat000deef6@dx19bfe37ab920000572 status:in_progress]
[INFO] 2026/01/27 14:50:22 logger.go:71: 查询批量任务结果：&{ID: Object: Endpoint: InputFileID:file_2601271448411938908660950 CompletionWindow: Status:in_progress OutputFileID: ErrorFileID:<nil> CreatedAt:0 InProgressAt:0 ExpiresAt:0 FinalizingAt:0 CompletedAt:0 FailedAt:0 CancelledAt:0 RequestCounts:{Total:0 Completed:0 Failed:0} Metadata:map[] BatchID:batch_2601271448441806721440122 TotalCount:50 CompletedCount:2 FailedCount:0}
[INFO] 2026/01/27 14:50:22 logger.go:71: 查询批量任务结果：map[cancelled_at:<nil> cancelling_at:<nil> completed_at:<nil> completion_window:24h created_at:1.769525324e+09 endpoint:/v1/chat/completions errors:<nil> expired_at:1.769611724e+09 expires_at:1.769611724e+09 failed_at:<nil> finalizing_at:<nil> id:batch_2601271448442762997440124 in_process_at:1.769525324e+09 input_file_id:file_2601271448412736929260952 object:spark output_file_id: request_counts:map[completed:44 failed:0 total:50] sid:bat000deef7@dx19bfe37abd60000572 status:in_progress]
[INFO] 2026/01/27 14:50:22 logger.go:71: 查询批量任务结果：&{ID: Object: Endpoint: InputFileID:file_2601271448412736929260952 CompletionWindow: Status:in_progress OutputFileID: ErrorFileID:<nil> CreatedAt:0 InProgressAt:0 ExpiresAt:0 FinalizingAt:0 CompletedAt:0 FailedAt:0 CancelledAt:0 RequestCounts:{Total:0 Completed:0 Failed:0} Metadata:map[] BatchID:batch_2601271448442762997440124 TotalCount:50 CompletedCount:44 FailedCount:0}
[INFO] 2026/01/27 14:50:22 logger.go:71: 查询批量任务结果：map[cancelled_at:<nil> cancelling_at:<nil> completed_at:<nil> completion_window:24h created_at:1.769525324e+09 endpoint:/v1/chat/completions errors:<nil> expired_at:1.769611724e+09 expires_at:1.769611724e+09 failed_at:<nil> finalizing_at:<nil> id:batch_2601271448444108304240126 in_process_at:1.769525324e+09 input_file_id:file_2601271448413531851960954 object:spark output_file_id: request_counts:map[completed:2 failed:0 total:50] sid:bat000deef8@dx19bfe37ac180000572 status:in_progress]
[INFO] 2026/01/27 14:50:22 logger.go:71: 查询批量任务结果：&{ID: Object: Endpoint: InputFileID:file_2601271448413531851960954 CompletionWindow: Status:in_progress OutputFileID: ErrorFileID:<nil> CreatedAt:0 InProgressAt:0 ExpiresAt:0 FinalizingAt:0 CompletedAt:0 FailedAt:0 CancelledAt:0 RequestCounts:{Total:0 Completed:0 Failed:0} Metadata:map[] BatchID:batch_2601271448444108304240126 TotalCount:50 CompletedCount:2 FailedCount:0}
[INFO] 2026/01/27 14:50:23 logger.go:71: 查询批量任务结果：map[cancelled_at:<nil> cancelling_at:<nil> completed_at:<nil> completion_window:24h created_at:1.769525324e+09 endpoint:/v1/chat/completions errors:<nil> expired_at:1.769611724e+09 expires_at:1.769611724e+09 failed_at:<nil> finalizing_at:<nil> id:batch_2601271448444893256340128 in_process_at:1.769525324e+09 input_file_id:file_2601271448415529392740109 object:spark output_file_id: request_counts:map[completed:43 failed:0 total:50] sid:bat000deef9@dx19bfe37ac600000572 status:in_progress]
[INFO] 2026/01/27 14:50:23 logger.go:71: 查询批量任务结果：&{ID: Object: Endpoint: InputFileID:file_2601271448415529392740109 CompletionWindow: Status:in_progress OutputFileID: ErrorFileID:<nil> CreatedAt:0 InProgressAt:0 ExpiresAt:0 FinalizingAt:0 CompletedAt:0 FailedAt:0 CancelledAt:0 RequestCounts:{Total:0 Completed:0 Failed:0} Metadata:map[] BatchID:batch_2601271448444893256340128 TotalCount:50 CompletedCount:43 FailedCount:0}
[INFO] 2026/01/27 14:50:23 logger.go:71: 查询批量任务结果：map[cancelled_at:<nil> cancelling_at:<nil> completed_at:<nil> completion_window:24h created_at:1.769525324e+09 endpoint:/v1/chat/completions errors:<nil> expired_at:1.769611724e+09 expires_at:1.769611724e+09 failed_at:<nil> finalizing_at:<nil> id:batch_2601271448445745598360961 in_process_at:1.769525324e+09 input_file_id:file_2601271448416469182040111 object:spark output_file_id: request_counts:map[completed:44 failed:0 total:50] sid:bat000d9d4c@dx19bfe37acb30000572 status:in_progress]
[INFO] 2026/01/27 14:50:23 logger.go:71: 查询批量任务结果：&{ID: Object: Endpoint: InputFileID:file_2601271448416469182040111 CompletionWindow: Status:in_progress OutputFileID: ErrorFileID:<nil> CreatedAt:0 InProgressAt:0 ExpiresAt:0 FinalizingAt:0 CompletedAt:0 FailedAt:0 CancelledAt:0 RequestCounts:{Total:0 Completed:0 Failed:0} Metadata:map[] BatchID:batch_2601271448445745598360961 TotalCount:50 CompletedCount:44 FailedCount:0}
[INFO] 2026/01/27 14:50:25 logger.go:71: 查询批量任务结果：map[cancelled_at:<nil> cancelling_at:<nil> completed_at:<nil> completion_window:24h created_at:1.769525323e+09 endpoint:/v1/chat/completions errors:<nil> expired_at:1.769611723e+09 expires_at:1.769611723e+09 failed_at:<nil> finalizing_at:<nil> id:batch_2601271448437416549440118 in_process_at:1.769525324e+09 input_file_id:file_2601271448406476337640105 object:spark output_file_id: request_counts:map[completed:45 failed:1 total:50] sid:bat000d9d4d@dx19bfe37b5340000572 status:in_progress]
[INFO] 2026/01/27 14:50:25 logger.go:71: 查询批量任务结果：&{ID: Object: Endpoint: InputFileID:file_2601271448406476337640105 CompletionWindow: Status:in_progress OutputFileID: ErrorFileID:<nil> CreatedAt:0 InProgressAt:0 ExpiresAt:0 FinalizingAt:0 CompletedAt:0 FailedAt:0 CancelledAt:0 RequestCounts:{Total:0 Completed:0 Failed:0} Metadata:map[] BatchID:batch_2601271448437416549440118 TotalCount:50 CompletedCount:45 FailedCount:1}
[INFO] 2026/01/27 14:50:25 logger.go:71: 查询批量任务结果：map[cancelled_at:<nil> cancelling_at:<nil> completed_at:<nil> completion_window:24h created_at:1.769525323e+09 endpoint:/v1/chat/completions errors:<nil> expired_at:1.769611723e+09 expires_at:1.769611723e+09 failed_at:<nil> finalizing_at:<nil> id:batch_2601271448439134586160957 in_process_at:1.769525324e+09 input_file_id:file_2601271448408907407760946 object:spark output_file_id: request_counts:map[completed:47 failed:0 total:50] sid:bat000d9d4e@dx19bfe37b58d0000572 status:in_progress]
[INFO] 2026/01/27 14:50:25 logger.go:71: 查询批量任务结果：&{ID: Object: Endpoint: InputFileID:file_2601271448408907407760946 CompletionWindow: Status:in_progress OutputFileID: ErrorFileID:<nil> CreatedAt:0 InProgressAt:0 ExpiresAt:0 FinalizingAt:0 CompletedAt:0 FailedAt:0 CancelledAt:0 RequestCounts:{Total:0 Completed:0 Failed:0} Metadata:map[] BatchID:batch_2601271448439134586160957 TotalCount:50 CompletedCount:47 FailedCount:0}
[INFO] 2026/01/27 14:50:25 logger.go:71: 查询批量任务结果：map[cancelled_at:<nil> cancelling_at:<nil> completed_at:<nil> completion_window:24h created_at:1.769525324e+09 endpoint:/v1/chat/completions errors:<nil> expired_at:1.769611724e+09 expires_at:1.769611724e+09 failed_at:<nil> finalizing_at:<nil> id:batch_2601271448440034823460959 in_process_at:1.769525324e+09 input_file_id:file_2601271448409835690260948 object:spark output_file_id: request_counts:map[completed:11 failed:0 total:50] sid:bat000d9d4f@dx19bfe37b5dd0000572 status:in_progress]
[INFO] 2026/01/27 14:50:25 logger.go:71: 查询批量任务结果：&{ID: Object: Endpoint: InputFileID:file_2601271448409835690260948 CompletionWindow: Status:in_progress OutputFileID: ErrorFileID:<nil> CreatedAt:0 InProgressAt:0 ExpiresAt:0 FinalizingAt:0 CompletedAt:0 FailedAt:0 CancelledAt:0 RequestCounts:{Total:0 Completed:0 Failed:0} Metadata:map[] BatchID:batch_2601271448440034823460959 TotalCount:50 CompletedCount:11 FailedCount:0}
[INFO] 2026/01/27 14:50:25 logger.go:71: 查询批量任务结果：map[cancelled_at:<nil> cancelling_at:<nil> completed_at:<nil> completion_window:24h created_at:1.769525324e+09 endpoint:/v1/chat/completions errors:<nil> expired_at:1.769611724e+09 expires_at:1.769611724e+09 failed_at:<nil> finalizing_at:<nil> id:batch_2601271448440822238840120 in_process_at:1.769525324e+09 input_file_id:file_2601271448411018673740107 object:spark output_file_id: request_counts:map[completed:41 failed:0 total:50] sid:bat000d9d50@dx19bfe37b6290000572 status:in_progress]
[INFO] 2026/01/27 14:50:25 logger.go:71: 查询批量任务结果：&{ID: Object: Endpoint: InputFileID:file_2601271448411018673740107 CompletionWindow: Status:in_progress OutputFileID: ErrorFileID:<nil> CreatedAt:0 InProgressAt:0 ExpiresAt:0 FinalizingAt:0 CompletedAt:0 FailedAt:0 CancelledAt:0 RequestCounts:{Total:0 Completed:0 Failed:0} Metadata:map[] BatchID:batch_2601271448440822238840120 TotalCount:50 CompletedCount:41 FailedCount:0}
[INFO] 2026/01/27 14:50:25 logger.go:71: 查询批量任务结果：map[cancelled_at:<nil> cancelling_at:<nil> completed_at:<nil> completion_window:24h created_at:1.769525324e+09 endpoint:/v1/chat/completions errors:<nil> expired_at:1.769611724e+09 expires_at:1.769611724e+09 failed_at:<nil> finalizing_at:<nil> id:batch_2601271448441806721440122 in_process_at:1.769525324e+09 input_file_id:file_2601271448411938908660950 object:spark output_file_id: request_counts:map[completed:2 failed:0 total:50] sid:bat000d9d51@dx19bfe37b6700000572 status:in_progress]
[INFO] 2026/01/27 14:50:25 logger.go:71: 查询批量任务结果：&{ID: Object: Endpoint: InputFileID:file_2601271448411938908660950 CompletionWindow: Status:in_progress OutputFileID: ErrorFileID:<nil> CreatedAt:0 InProgressAt:0 ExpiresAt:0 FinalizingAt:0 CompletedAt:0 FailedAt:0 CancelledAt:0 RequestCounts:{Total:0 Completed:0 Failed:0} Metadata:map[] BatchID:batch_2601271448441806721440122 TotalCount:50 CompletedCount:2 FailedCount:0}
[INFO] 2026/01/27 14:50:25 logger.go:71: 查询批量任务结果：map[cancelled_at:<nil> cancelling_at:<nil> completed_at:<nil> completion_window:24h created_at:1.769525324e+09 endpoint:/v1/chat/completions errors:<nil> expired_at:1.769611724e+09 expires_at:1.769611724e+09 failed_at:<nil> finalizing_at:<nil> id:batch_2601271448442762997440124 in_process_at:1.769525324e+09 input_file_id:file_2601271448412736929260952 object:spark output_file_id: request_counts:map[completed:46 failed:0 total:50] sid:bat000d9d52@dx19bfe37b6fb0000572 status:in_progress]
[INFO] 2026/01/27 14:50:25 logger.go:71: 查询批量任务结果：&{ID: Object: Endpoint: InputFileID:file_2601271448412736929260952 CompletionWindow: Status:in_progress OutputFileID: ErrorFileID:<nil> CreatedAt:0 InProgressAt:0 ExpiresAt:0 FinalizingAt:0 CompletedAt:0 FailedAt:0 CancelledAt:0 RequestCounts:{Total:0 Completed:0 Failed:0} Metadata:map[] BatchID:batch_2601271448442762997440124 TotalCount:50 CompletedCount:46 FailedCount:0}
[INFO] 2026/01/27 14:50:25 logger.go:71: 查询批量任务结果：map[cancelled_at:<nil> cancelling_at:<nil> completed_at:<nil> completion_window:24h created_at:1.769525324e+09 endpoint:/v1/chat/completions errors:<nil> expired_at:1.769611724e+09 expires_at:1.769611724e+09 failed_at:<nil> finalizing_at:<nil> id:batch_2601271448444108304240126 in_process_at:1.769525324e+09 input_file_id:file_2601271448413531851960954 object:spark output_file_id: request_counts:map[completed:2 failed:0 total:50] sid:bat000deefa@dx19bfe37b7590000572 status:in_progress]
[INFO] 2026/01/27 14:50:25 logger.go:71: 查询批量任务结果：&{ID: Object: Endpoint: InputFileID:file_2601271448413531851960954 CompletionWindow: Status:in_progress OutputFileID: ErrorFileID:<nil> CreatedAt:0 InProgressAt:0 ExpiresAt:0 FinalizingAt:0 CompletedAt:0 FailedAt:0 CancelledAt:0 RequestCounts:{Total:0 Completed:0 Failed:0} Metadata:map[] BatchID:batch_2601271448444108304240126 TotalCount:50 CompletedCount:2 FailedCount:0}
[INFO] 2026/01/27 14:50:25 logger.go:71: 查询批量任务结果：map[cancelled_at:<nil> cancelling_at:<nil> completed_at:<nil> completion_window:24h created_at:1.769525324e+09 endpoint:/v1/chat/completions errors:<nil> expired_at:1.769611724e+09 expires_at:1.769611724e+09 failed_at:<nil> finalizing_at:<nil> id:batch_2601271448444893256340128 in_process_at:1.769525324e+09 input_file_id:file_2601271448415529392740109 object:spark output_file_id: request_counts:map[completed:46 failed:0 total:50] sid:bat000d9d53@dx19bfe37b7ab0000572 status:in_progress]
[INFO] 2026/01/27 14:50:25 logger.go:71: 查询批量任务结果：&{ID: Object: Endpoint: InputFileID:file_2601271448415529392740109 CompletionWindow: Status:in_progress OutputFileID: ErrorFileID:<nil> CreatedAt:0 InProgressAt:0 ExpiresAt:0 FinalizingAt:0 CompletedAt:0 FailedAt:0 CancelledAt:0 RequestCounts:{Total:0 Completed:0 Failed:0} Metadata:map[] BatchID:batch_2601271448444893256340128 TotalCount:50 CompletedCount:46 FailedCount:0}
[INFO] 2026/01/27 14:50:25 logger.go:71: 查询批量任务结果：map[cancelled_at:<nil> cancelling_at:<nil> completed_at:<nil> completion_window:24h created_at:1.769525324e+09 endpoint:/v1/chat/completions errors:<nil> expired_at:1.769611724e+09 expires_at:1.769611724e+09 failed_at:<nil> finalizing_at:<nil> id:batch_2601271448445745598360961 in_process_at:1.769525324e+09 input_file_id:file_2601271448416469182040111 object:spark output_file_id: request_counts:map[completed:45 failed:0 total:50] sid:bat000d9d54@dx19bfe37b7ff0000572 status:in_progress]
[INFO] 2026/01/27 14:50:25 logger.go:71: 查询批量任务结果：&{ID: Object: Endpoint: InputFileID:file_2601271448416469182040111 CompletionWindow: Status:in_progress OutputFileID: ErrorFileID:<nil> CreatedAt:0 InProgressAt:0 ExpiresAt:0 FinalizingAt:0 CompletedAt:0 FailedAt:0 CancelledAt:0 RequestCounts:{Total:0 Completed:0 Failed:0} Metadata:map[] BatchID:batch_2601271448445745598360961 TotalCount:50 CompletedCount:45 FailedCount:0}
[INFO] 2026/01/27 14:50:28 logger.go:71: 查询批量任务结果：map[cancelled_at:<nil> cancelling_at:<nil> completed_at:<nil> completion_window:24h created_at:1.769525323e+09 endpoint:/v1/chat/completions errors:<nil> expired_at:1.769611723e+09 expires_at:1.769611723e+09 failed_at:<nil> finalizing_at:<nil> id:batch_2601271448437416549440118 in_process_at:1.769525324e+09 input_file_id:file_2601271448406476337640105 object:spark output_file_id: request_counts:map[completed:48 failed:1 total:50] sid:bat000d9d55@dx19bfe37c0330000572 status:in_progress]
[INFO] 2026/01/27 14:50:28 logger.go:71: 查询批量任务结果：&{ID: Object: Endpoint: InputFileID:file_2601271448406476337640105 CompletionWindow: Status:in_progress OutputFileID: ErrorFileID:<nil> CreatedAt:0 InProgressAt:0 ExpiresAt:0 FinalizingAt:0 CompletedAt:0 FailedAt:0 CancelledAt:0 RequestCounts:{Total:0 Completed:0 Failed:0} Metadata:map[] BatchID:batch_2601271448437416549440118 TotalCount:50 CompletedCount:48 FailedCount:1}
[INFO] 2026/01/27 14:50:28 logger.go:71: 查询批量任务结果：map[cancelled_at:<nil> cancelling_at:<nil> completed_at:<nil> completion_window:24h created_at:1.769525323e+09 endpoint:/v1/chat/completions errors:<nil> expired_at:1.769611723e+09 expires_at:1.769611723e+09 failed_at:<nil> finalizing_at:<nil> id:batch_2601271448439134586160957 in_process_at:1.769525324e+09 input_file_id:file_2601271448408907407760946 object:spark output_file_id: request_counts:map[completed:47 failed:0 total:50] sid:bat000deefb@dx19bfe37c0890000572 status:in_progress]
[INFO] 2026/01/27 14:50:28 logger.go:71: 查询批量任务结果：&{ID: Object: Endpoint: InputFileID:file_2601271448408907407760946 CompletionWindow: Status:in_progress OutputFileID: ErrorFileID:<nil> CreatedAt:0 InProgressAt:0 ExpiresAt:0 FinalizingAt:0 CompletedAt:0 FailedAt:0 CancelledAt:0 RequestCounts:{Total:0 Completed:0 Failed:0} Metadata:map[] BatchID:batch_2601271448439134586160957 TotalCount:50 CompletedCount:47 FailedCount:0}
[INFO] 2026/01/27 14:50:28 logger.go:71: 查询批量任务结果：map[cancelled_at:<nil> cancelling_at:<nil> completed_at:<nil> completion_window:24h created_at:1.769525324e+09 endpoint:/v1/chat/completions errors:<nil> expired_at:1.769611724e+09 expires_at:1.769611724e+09 failed_at:<nil> finalizing_at:<nil> id:batch_2601271448440034823460959 in_process_at:1.769525324e+09 input_file_id:file_2601271448409835690260948 object:spark output_file_id: request_counts:map[completed:12 failed:0 total:50] sid:bat000d9d56@dx19bfe37c1430000572 status:in_progress]
[INFO] 2026/01/27 14:50:28 logger.go:71: 查询批量任务结果：&{ID: Object: Endpoint: InputFileID:file_2601271448409835690260948 CompletionWindow: Status:in_progress OutputFileID: ErrorFileID:<nil> CreatedAt:0 InProgressAt:0 ExpiresAt:0 FinalizingAt:0 CompletedAt:0 FailedAt:0 CancelledAt:0 RequestCounts:{Total:0 Completed:0 Failed:0} Metadata:map[] BatchID:batch_2601271448440034823460959 TotalCount:50 CompletedCount:12 FailedCount:0}
[INFO] 2026/01/27 14:50:28 logger.go:71: 查询批量任务结果：map[cancelled_at:<nil> cancelling_at:<nil> completed_at:<nil> completion_window:24h created_at:1.769525324e+09 endpoint:/v1/chat/completions errors:<nil> expired_at:1.769611724e+09 expires_at:1.769611724e+09 failed_at:<nil> finalizing_at:<nil> id:batch_2601271448440822238840120 in_process_at:1.769525324e+09 input_file_id:file_2601271448411018673740107 object:spark output_file_id: request_counts:map[completed:43 failed:0 total:50] sid:bat000d9d57@dx19bfe37c2130000572 status:in_progress]
[INFO] 2026/01/27 14:50:28 logger.go:71: 查询批量任务结果：&{ID: Object: Endpoint: InputFileID:file_2601271448411018673740107 CompletionWindow: Status:in_progress OutputFileID: ErrorFileID:<nil> CreatedAt:0 InProgressAt:0 ExpiresAt:0 FinalizingAt:0 CompletedAt:0 FailedAt:0 CancelledAt:0 RequestCounts:{Total:0 Completed:0 Failed:0} Metadata:map[] BatchID:batch_2601271448440822238840120 TotalCount:50 CompletedCount:43 FailedCount:0}
[INFO] 2026/01/27 14:50:28 logger.go:71: 查询批量任务结果：map[cancelled_at:<nil> cancelling_at:<nil> completed_at:<nil> completion_window:24h created_at:1.769525324e+09 endpoint:/v1/chat/completions errors:<nil> expired_at:1.769611724e+09 expires_at:1.769611724e+09 failed_at:<nil> finalizing_at:<nil> id:batch_2601271448441806721440122 in_process_at:1.769525324e+09 input_file_id:file_2601271448411938908660950 object:spark output_file_id: request_counts:map[completed:2 failed:0 total:50] sid:bat000d9d58@dx19bfe37c2e10000572 status:in_progress]
[INFO] 2026/01/27 14:50:28 logger.go:71: 查询批量任务结果：&{ID: Object: Endpoint: InputFileID:file_2601271448411938908660950 CompletionWindow: Status:in_progress OutputFileID: ErrorFileID:<nil> CreatedAt:0 InProgressAt:0 ExpiresAt:0 FinalizingAt:0 CompletedAt:0 FailedAt:0 CancelledAt:0 RequestCounts:{Total:0 Completed:0 Failed:0} Metadata:map[] BatchID:batch_2601271448441806721440122 TotalCount:50 CompletedCount:2 FailedCount:0}
[INFO] 2026/01/27 14:50:28 logger.go:71: 查询批量任务结果：map[cancelled_at:<nil> cancelling_at:<nil> completed_at:<nil> completion_window:24h created_at:1.769525324e+09 endpoint:/v1/chat/completions errors:<nil> expired_at:1.769611724e+09 expires_at:1.769611724e+09 failed_at:<nil> finalizing_at:1.769525425e+09 id:batch_2601271448442762997440124 in_process_at:1.769525324e+09 input_file_id:file_2601271448412736929260952 object:spark output_file_id:file_2601271450259684188840281 request_counts:map[completed:50 failed:0 total:50] sid:bat000d9d5d@dx19bfe37c3af0000572 status:completed]
[INFO] 2026/01/27 14:50:29 logger.go:71: 查询批量任务结果：&{ID: Object: Endpoint: InputFileID:file_2601271448412736929260952 CompletionWindow: Status:completed OutputFileID:file_2601271450259684188840281 ErrorFileID:<nil> CreatedAt:0 InProgressAt:0 ExpiresAt:0 FinalizingAt:0 CompletedAt:0 FailedAt:0 CancelledAt:0 RequestCounts:{Total:0 Completed:0 Failed:0} Metadata:map[] BatchID:batch_2601271448442762997440124 TotalCount:50 CompletedCount:50 FailedCount:0}
[INFO] 2026/01/27 14:50:29 logger.go:71: 查询批量任务结果：map[cancelled_at:<nil> cancelling_at:<nil> completed_at:<nil> completion_window:24h created_at:1.769525324e+09 endpoint:/v1/chat/completions errors:<nil> expired_at:1.769611724e+09 expires_at:1.769611724e+09 failed_at:<nil> finalizing_at:<nil> id:batch_2601271448444108304240126 in_process_at:1.769525324e+09 input_file_id:file_2601271448413531851960954 object:spark output_file_id: request_counts:map[completed:2 failed:0 total:50] sid:bat000deefd@dx19bfe37c6270000572 status:in_progress]
[INFO] 2026/01/27 14:50:29 logger.go:71: 查询批量任务结果：&{ID: Object: Endpoint: InputFileID:file_2601271448413531851960954 CompletionWindow: Status:in_progress OutputFileID: ErrorFileID:<nil> CreatedAt:0 InProgressAt:0 ExpiresAt:0 FinalizingAt:0 CompletedAt:0 FailedAt:0 CancelledAt:0 RequestCounts:{Total:0 Completed:0 Failed:0} Metadata:map[] BatchID:batch_2601271448444108304240126 TotalCount:50 CompletedCount:2 FailedCount:0}
[INFO] 2026/01/27 14:50:29 logger.go:71: 查询批量任务结果：map[cancelled_at:<nil> cancelling_at:<nil> completed_at:<nil> completion_window:24h created_at:1.769525324e+09 endpoint:/v1/chat/completions errors:<nil> expired_at:1.769611724e+09 expires_at:1.769611724e+09 failed_at:<nil> finalizing_at:<nil> id:batch_2601271448444893256340128 in_process_at:1.769525324e+09 input_file_id:file_2601271448415529392740109 object:spark output_file_id: request_counts:map[completed:47 failed:0 total:50] sid:bat000deefe@dx19bfe37c6790000572 status:in_progress]
[INFO] 2026/01/27 14:50:29 logger.go:71: 查询批量任务结果：&{ID: Object: Endpoint: InputFileID:file_2601271448415529392740109 CompletionWindow: Status:in_progress OutputFileID: ErrorFileID:<nil> CreatedAt:0 InProgressAt:0 ExpiresAt:0 FinalizingAt:0 CompletedAt:0 FailedAt:0 CancelledAt:0 RequestCounts:{Total:0 Completed:0 Failed:0} Metadata:map[] BatchID:batch_2601271448444893256340128 TotalCount:50 CompletedCount:47 FailedCount:0}
[INFO] 2026/01/27 14:50:29 logger.go:71: 查询批量任务结果：map[cancelled_at:<nil> cancelling_at:<nil> completed_at:<nil> completion_window:24h created_at:1.769525324e+09 endpoint:/v1/chat/completions errors:<nil> expired_at:1.769611724e+09 expires_at:1.769611724e+09 failed_at:<nil> finalizing_at:<nil> id:batch_2601271448445745598360961 in_process_at:1.769525324e+09 input_file_id:file_2601271448416469182040111 object:spark output_file_id: request_counts:map[completed:47 failed:0 total:50] sid:bat000deeff@dx19bfe37c6d10000572 status:in_progress]
[INFO] 2026/01/27 14:50:29 logger.go:71: 查询批量任务结果：&{ID: Object: Endpoint: InputFileID:file_2601271448416469182040111 CompletionWindow: Status:in_progress OutputFileID: ErrorFileID:<nil> CreatedAt:0 InProgressAt:0 ExpiresAt:0 FinalizingAt:0 CompletedAt:0 FailedAt:0 CancelledAt:0 RequestCounts:{Total:0 Completed:0 Failed:0} Metadata:map[] BatchID:batch_2601271448445745598360961 TotalCount:50 CompletedCount:47 FailedCount:0}
[INFO] 2026/01/27 14:50:31 logger.go:71: 查询批量任务结果：map[cancelled_at:<nil> cancelling_at:<nil> completed_at:<nil> completion_window:24h created_at:1.769525323e+09 endpoint:/v1/chat/completions error_file_id:file_2601271450259695422040284 errors:<nil> expired_at:1.769611723e+09 expires_at:1.769611723e+09 failed_at:<nil> finalizing_at:1.769525425e+09 id:batch_2601271448437416549440118 in_process_at:1.769525324e+09 input_file_id:file_2601271448406476337640105 object:spark output_file_id:file_2601271450259692172240283 request_counts:map[completed:49 failed:1 total:50] sid:bat000def02@dx19bfe37cf0d0000572 status:completed]
[INFO] 2026/01/27 14:50:31 logger.go:71: 查询批量任务结果：&{ID: Object: Endpoint: InputFileID:file_2601271448406476337640105 CompletionWindow: Status:completed OutputFileID:file_2601271450259692172240283 ErrorFileID:0xc00048ca30 CreatedAt:0 InProgressAt:0 ExpiresAt:0 FinalizingAt:0 CompletedAt:0 FailedAt:0 CancelledAt:0 RequestCounts:{Total:0 Completed:0 Failed:0} Metadata:map[] BatchID:batch_2601271448437416549440118 TotalCount:50 CompletedCount:49 FailedCount:1}
[INFO] 2026/01/27 14:50:32 logger.go:71: 查询批量任务结果：map[cancelled_at:<nil> cancelling_at:<nil> completed_at:<nil> completion_window:24h created_at:1.769525323e+09 endpoint:/v1/chat/completions errors:<nil> expired_at:1.769611723e+09 expires_at:1.769611723e+09 failed_at:<nil> finalizing_at:1.769525427e+09 id:batch_2601271448439134586160957 in_process_at:1.769525324e+09 input_file_id:file_2601271448408907407760946 object:spark output_file_id:file_2601271450278331048040286 request_counts:map[completed:50 failed:0 total:50] sid:bat000def04@dx19bfe37d1920000572 status:completed]
[INFO] 2026/01/27 14:50:32 logger.go:71: 查询批量任务结果：&{ID: Object: Endpoint: InputFileID:file_2601271448408907407760946 CompletionWindow: Status:completed OutputFileID:file_2601271450278331048040286 ErrorFileID:<nil> CreatedAt:0 InProgressAt:0 ExpiresAt:0 FinalizingAt:0 CompletedAt:0 FailedAt:0 CancelledAt:0 RequestCounts:{Total:0 Completed:0 Failed:0} Metadata:map[] BatchID:batch_2601271448439134586160957 TotalCount:50 CompletedCount:50 FailedCount:0}
[INFO] 2026/01/27 14:50:33 logger.go:71: 查询批量任务结果：map[cancelled_at:<nil> cancelling_at:<nil> completed_at:<nil> completion_window:24h created_at:1.769525324e+09 endpoint:/v1/chat/completions errors:<nil> expired_at:1.769611724e+09 expires_at:1.769611724e+09 failed_at:<nil> finalizing_at:<nil> id:batch_2601271448440034823460959 in_process_at:1.769525324e+09 input_file_id:file_2601271448409835690260948 object:spark output_file_id: request_counts:map[completed:16 failed:0 total:50] sid:bat000def05@dx19bfe37d4030000572 status:in_progress]
[INFO] 2026/01/27 14:50:33 logger.go:71: 查询批量任务结果：&{ID: Object: Endpoint: InputFileID:file_2601271448409835690260948 CompletionWindow: Status:in_progress OutputFileID: ErrorFileID:<nil> CreatedAt:0 InProgressAt:0 ExpiresAt:0 FinalizingAt:0 CompletedAt:0 FailedAt:0 CancelledAt:0 RequestCounts:{Total:0 Completed:0 Failed:0} Metadata:map[] BatchID:batch_2601271448440034823460959 TotalCount:50 CompletedCount:16 FailedCount:0}
[INFO] 2026/01/27 14:50:33 logger.go:71: 查询批量任务结果：map[cancelled_at:<nil> cancelling_at:<nil> completed_at:<nil> completion_window:24h created_at:1.769525324e+09 endpoint:/v1/chat/completions errors:<nil> expired_at:1.769611724e+09 expires_at:1.769611724e+09 failed_at:<nil> finalizing_at:<nil> id:batch_2601271448440822238840120 in_process_at:1.769525324e+09 input_file_id:file_2601271448411018673740107 object:spark output_file_id: request_counts:map[completed:48 failed:0 total:50] sid:bat000def06@dx19bfe37d4490000572 status:in_progress]
[INFO] 2026/01/27 14:50:33 logger.go:71: 查询批量任务结果：&{ID: Object: Endpoint: InputFileID:file_2601271448411018673740107 CompletionWindow: Status:in_progress OutputFileID: ErrorFileID:<nil> CreatedAt:0 InProgressAt:0 ExpiresAt:0 FinalizingAt:0 CompletedAt:0 FailedAt:0 CancelledAt:0 RequestCounts:{Total:0 Completed:0 Failed:0} Metadata:map[] BatchID:batch_2601271448440822238840120 TotalCount:50 CompletedCount:48 FailedCount:0}
[INFO] 2026/01/27 14:50:33 logger.go:71: 查询批量任务结果：map[cancelled_at:<nil> cancelling_at:<nil> completed_at:<nil> completion_window:24h created_at:1.769525324e+09 endpoint:/v1/chat/completions errors:<nil> expired_at:1.769611724e+09 expires_at:1.769611724e+09 failed_at:<nil> finalizing_at:<nil> id:batch_2601271448441806721440122 in_process_at:1.769525324e+09 input_file_id:file_2601271448411938908660950 object:spark output_file_id: request_counts:map[completed:2 failed:0 total:50] sid:bat000def07@dx19bfe37d49c0000572 status:in_progress]
[INFO] 2026/01/27 14:50:33 logger.go:71: 查询批量任务结果：&{ID: Object: Endpoint: InputFileID:file_2601271448411938908660950 CompletionWindow: Status:in_progress OutputFileID: ErrorFileID:<nil> CreatedAt:0 InProgressAt:0 ExpiresAt:0 FinalizingAt:0 CompletedAt:0 FailedAt:0 CancelledAt:0 RequestCounts:{Total:0 Completed:0 Failed:0} Metadata:map[] BatchID:batch_2601271448441806721440122 TotalCount:50 CompletedCount:2 FailedCount:0}
[INFO] 2026/01/27 14:50:33 logger.go:71: 查询批量任务结果：map[cancelled_at:<nil> cancelling_at:<nil> completed_at:<nil> completion_window:24h created_at:1.769525324e+09 endpoint:/v1/chat/completions errors:<nil> expired_at:1.769611724e+09 expires_at:1.769611724e+09 failed_at:<nil> finalizing_at:<nil> id:batch_2601271448444108304240126 in_process_at:1.769525324e+09 input_file_id:file_2601271448413531851960954 object:spark output_file_id: request_counts:map[completed:2 failed:0 total:50] sid:bat000def08@dx19bfe37d5160000572 status:in_progress]
[INFO] 2026/01/27 14:50:33 logger.go:71: 查询批量任务结果：&{ID: Object: Endpoint: InputFileID:file_2601271448413531851960954 CompletionWindow: Status:in_progress OutputFileID: ErrorFileID:<nil> CreatedAt:0 InProgressAt:0 ExpiresAt:0 FinalizingAt:0 CompletedAt:0 FailedAt:0 CancelledAt:0 RequestCounts:{Total:0 Completed:0 Failed:0} Metadata:map[] BatchID:batch_2601271448444108304240126 TotalCount:50 CompletedCount:2 FailedCount:0}
[INFO] 2026/01/27 14:50:33 logger.go:71: 查询批量任务结果：map[cancelled_at:<nil> cancelling_at:<nil> completed_at:<nil> completion_window:24h created_at:1.769525324e+09 endpoint:/v1/chat/completions errors:<nil> expired_at:1.769611724e+09 expires_at:1.769611724e+09 failed_at:<nil> finalizing_at:1.769525428e+09 id:batch_2601271448444893256340128 in_process_at:1.769525324e+09 input_file_id:file_2601271448415529392740109 object:spark output_file_id:file_2601271450283552125040288 request_counts:map[completed:50 failed:0 total:50] sid:bat000def09@dx19bfe37d55e0000572 status:completed]
[INFO] 2026/01/27 14:50:33 logger.go:71: 查询批量任务结果：&{ID: Object: Endpoint: InputFileID:file_2601271448415529392740109 CompletionWindow: Status:completed OutputFileID:file_2601271450283552125040288 ErrorFileID:<nil> CreatedAt:0 InProgressAt:0 ExpiresAt:0 FinalizingAt:0 CompletedAt:0 FailedAt:0 CancelledAt:0 RequestCounts:{Total:0 Completed:0 Failed:0} Metadata:map[] BatchID:batch_2601271448444893256340128 TotalCount:50 CompletedCount:50 FailedCount:0}
[INFO] 2026/01/27 14:50:33 logger.go:71: 查询批量任务结果：map[cancelled_at:<nil> cancelling_at:<nil> completed_at:<nil> completion_window:24h created_at:1.769525324e+09 endpoint:/v1/chat/completions errors:<nil> expired_at:1.769611724e+09 expires_at:1.769611724e+09 failed_at:<nil> finalizing_at:1.769525428e+09 id:batch_2601271448445745598360961 in_process_at:1.769525324e+09 input_file_id:file_2601271448416469182040111 object:spark output_file_id:file_2601271450285384178261184 request_counts:map[completed:50 failed:0 total:50] sid:bat000def0b@dx19bfe37d7190000572 status:completed]
[INFO] 2026/01/27 14:50:33 logger.go:71: 查询批量任务结果：&{ID: Object: Endpoint: InputFileID:file_2601271448416469182040111 CompletionWindow: Status:completed OutputFileID:file_2601271450285384178261184 ErrorFileID:<nil> CreatedAt:0 InProgressAt:0 ExpiresAt:0 FinalizingAt:0 CompletedAt:0 FailedAt:0 CancelledAt:0 RequestCounts:{Total:0 Completed:0 Failed:0} Metadata:map[] BatchID:batch_2601271448445745598360961 TotalCount:50 CompletedCount:50 FailedCount:0}
[INFO] 2026/01/27 14:50:36 logger.go:71: 查询批量任务结果：map[cancelled_at:<nil> cancelling_at:<nil> completed_at:<nil> completion_window:24h created_at:1.769525324e+09 endpoint:/v1/chat/completions errors:<nil> expired_at:1.769611724e+09 expires_at:1.769611724e+09 failed_at:<nil> finalizing_at:<nil> id:batch_2601271448440034823460959 in_process_at:1.769525324e+09 input_file_id:file_2601271448409835690260948 object:spark output_file_id: request_counts:map[completed:28 failed:0 total:50] sid:bat000def0e@dx19bfe37e0f80000572 status:in_progress]
[INFO] 2026/01/27 14:50:36 logger.go:71: 查询批量任务结果：&{ID: Object: Endpoint: InputFileID:file_2601271448409835690260948 CompletionWindow: Status:in_progress OutputFileID: ErrorFileID:<nil> CreatedAt:0 InProgressAt:0 ExpiresAt:0 FinalizingAt:0 CompletedAt:0 FailedAt:0 CancelledAt:0 RequestCounts:{Total:0 Completed:0 Failed:0} Metadata:map[] BatchID:batch_2601271448440034823460959 TotalCount:50 CompletedCount:28 FailedCount:0}
[INFO] 2026/01/27 14:50:36 logger.go:71: 查询批量任务结果：map[cancelled_at:<nil> cancelling_at:<nil> completed_at:<nil> completion_window:24h created_at:1.769525324e+09 endpoint:/v1/chat/completions errors:<nil> expired_at:1.769611724e+09 expires_at:1.769611724e+09 failed_at:<nil> finalizing_at:1.769525432e+09 id:batch_2601271448440822238840120 in_process_at:1.769525324e+09 input_file_id:file_2601271448411018673740107 object:spark output_file_id:file_2601271450322852364640296 request_counts:map[completed:50 failed:0 total:50] sid:bat000def0f@dx19bfe37e1560000572 status:completed]
[INFO] 2026/01/27 14:50:36 logger.go:71: 查询批量任务结果：&{ID: Object: Endpoint: InputFileID:file_2601271448411018673740107 CompletionWindow: Status:completed OutputFileID:file_2601271450322852364640296 ErrorFileID:<nil> CreatedAt:0 InProgressAt:0 ExpiresAt:0 FinalizingAt:0 CompletedAt:0 FailedAt:0 CancelledAt:0 RequestCounts:{Total:0 Completed:0 Failed:0} Metadata:map[] BatchID:batch_2601271448440822238840120 TotalCount:50 CompletedCount:50 FailedCount:0}
[INFO] 2026/01/27 14:50:36 logger.go:71: 查询批量任务结果：map[cancelled_at:<nil> cancelling_at:<nil> completed_at:<nil> completion_window:24h created_at:1.769525324e+09 endpoint:/v1/chat/completions errors:<nil> expired_at:1.769611724e+09 expires_at:1.769611724e+09 failed_at:<nil> finalizing_at:<nil> id:batch_2601271448441806721440122 in_process_at:1.769525324e+09 input_file_id:file_2601271448411938908660950 object:spark output_file_id: request_counts:map[completed:2 failed:0 total:50] sid:bat000d9d6b@dx19bfe37e2ae0000572 status:in_progress]
[INFO] 2026/01/27 14:50:36 logger.go:71: 查询批量任务结果：&{ID: Object: Endpoint: InputFileID:file_2601271448411938908660950 CompletionWindow: Status:in_progress OutputFileID: ErrorFileID:<nil> CreatedAt:0 InProgressAt:0 ExpiresAt:0 FinalizingAt:0 CompletedAt:0 FailedAt:0 CancelledAt:0 RequestCounts:{Total:0 Completed:0 Failed:0} Metadata:map[] BatchID:batch_2601271448441806721440122 TotalCount:50 CompletedCount:2 FailedCount:0}
[INFO] 2026/01/27 14:50:36 logger.go:71: 查询批量任务结果：map[cancelled_at:<nil> cancelling_at:<nil> completed_at:<nil> completion_window:24h created_at:1.769525324e+09 endpoint:/v1/chat/completions errors:<nil> expired_at:1.769611724e+09 expires_at:1.769611724e+09 failed_at:<nil> finalizing_at:<nil> id:batch_2601271448444108304240126 in_process_at:1.769525324e+09 input_file_id:file_2601271448413531851960954 object:spark output_file_id: request_counts:map[completed:2 failed:0 total:50] sid:bat000d9d6c@dx19bfe37e2f60000572 status:in_progress]
[INFO] 2026/01/27 14:50:37 logger.go:71: 查询批量任务结果：&{ID: Object: Endpoint: InputFileID:file_2601271448413531851960954 CompletionWindow: Status:in_progress OutputFileID: ErrorFileID:<nil> CreatedAt:0 InProgressAt:0 ExpiresAt:0 FinalizingAt:0 CompletedAt:0 FailedAt:0 CancelledAt:0 RequestCounts:{Total:0 Completed:0 Failed:0} Metadata:map[] BatchID:batch_2601271448444108304240126 TotalCount:50 CompletedCount:2 FailedCount:0}
[INFO] 2026/01/27 14:50:39 logger.go:71: 查询批量任务结果：map[cancelled_at:<nil> cancelling_at:<nil> completed_at:<nil> completion_window:24h created_at:1.769525324e+09 endpoint:/v1/chat/completions errors:<nil> expired_at:1.769611724e+09 expires_at:1.769611724e+09 failed_at:<nil> finalizing_at:<nil> id:batch_2601271448440034823460959 in_process_at:1.769525324e+09 input_file_id:file_2601271448409835690260948 object:spark output_file_id: request_counts:map[completed:29 failed:0 total:50] sid:bat000d9d6d@dx19bfe37eb340000572 status:in_progress]
[INFO] 2026/01/27 14:50:39 logger.go:71: 查询批量任务结果：&{ID: Object: Endpoint: InputFileID:file_2601271448409835690260948 CompletionWindow: Status:in_progress OutputFileID: ErrorFileID:<nil> CreatedAt:0 InProgressAt:0 ExpiresAt:0 FinalizingAt:0 CompletedAt:0 FailedAt:0 CancelledAt:0 RequestCounts:{Total:0 Completed:0 Failed:0} Metadata:map[] BatchID:batch_2601271448440034823460959 TotalCount:50 CompletedCount:29 FailedCount:0}
[INFO] 2026/01/27 14:50:39 logger.go:71: 查询批量任务结果：map[cancelled_at:<nil> cancelling_at:<nil> completed_at:<nil> completion_window:24h created_at:1.769525324e+09 endpoint:/v1/chat/completions errors:<nil> expired_at:1.769611724e+09 expires_at:1.769611724e+09 failed_at:<nil> finalizing_at:<nil> id:batch_2601271448441806721440122 in_process_at:1.769525324e+09 input_file_id:file_2601271448411938908660950 object:spark output_file_id: request_counts:map[completed:3 failed:0 total:50] sid:bat000d9d6e@dx19bfe37eb7a0000572 status:in_progress]
[INFO] 2026/01/27 14:50:39 logger.go:71: 查询批量任务结果：&{ID: Object: Endpoint: InputFileID:file_2601271448411938908660950 CompletionWindow: Status:in_progress OutputFileID: ErrorFileID:<nil> CreatedAt:0 InProgressAt:0 ExpiresAt:0 FinalizingAt:0 CompletedAt:0 FailedAt:0 CancelledAt:0 RequestCounts:{Total:0 Completed:0 Failed:0} Metadata:map[] BatchID:batch_2601271448441806721440122 TotalCount:50 CompletedCount:3 FailedCount:0}
[INFO] 2026/01/27 14:50:39 logger.go:71: 查询批量任务结果：map[cancelled_at:<nil> cancelling_at:<nil> completed_at:<nil> completion_window:24h created_at:1.769525324e+09 endpoint:/v1/chat/completions errors:<nil> expired_at:1.769611724e+09 expires_at:1.769611724e+09 failed_at:<nil> finalizing_at:<nil> id:batch_2601271448444108304240126 in_process_at:1.769525324e+09 input_file_id:file_2601271448413531851960954 object:spark output_file_id: request_counts:map[completed:2 failed:0 total:50] sid:bat000def10@dx19bfe37ebc70000572 status:in_progress]
[INFO] 2026/01/27 14:50:39 logger.go:71: 查询批量任务结果：&{ID: Object: Endpoint: InputFileID:file_2601271448413531851960954 CompletionWindow: Status:in_progress OutputFileID: ErrorFileID:<nil> CreatedAt:0 InProgressAt:0 ExpiresAt:0 FinalizingAt:0 CompletedAt:0 FailedAt:0 CancelledAt:0 RequestCounts:{Total:0 Completed:0 Failed:0} Metadata:map[] BatchID:batch_2601271448444108304240126 TotalCount:50 CompletedCount:2 FailedCount:0}
[INFO] 2026/01/27 14:50:41 logger.go:71: 查询批量任务结果：map[cancelled_at:<nil> cancelling_at:<nil> completed_at:<nil> completion_window:24h created_at:1.769525324e+09 endpoint:/v1/chat/completions errors:<nil> expired_at:1.769611724e+09 expires_at:1.769611724e+09 failed_at:<nil> finalizing_at:<nil> id:batch_2601271448440034823460959 in_process_at:1.769525324e+09 input_file_id:file_2601271448409835690260948 object:spark output_file_id: request_counts:map[completed:30 failed:0 total:50] sid:bat000def11@dx19bfe37f41d0000572 status:in_progress]
[INFO] 2026/01/27 14:50:41 logger.go:71: 查询批量任务结果：&{ID: Object: Endpoint: InputFileID:file_2601271448409835690260948 CompletionWindow: Status:in_progress OutputFileID: ErrorFileID:<nil> CreatedAt:0 InProgressAt:0 ExpiresAt:0 FinalizingAt:0 CompletedAt:0 FailedAt:0 CancelledAt:0 RequestCounts:{Total:0 Completed:0 Failed:0} Metadata:map[] BatchID:batch_2601271448440034823460959 TotalCount:50 CompletedCount:30 FailedCount:0}
[INFO] 2026/01/27 14:50:41 logger.go:71: 查询批量任务结果：map[cancelled_at:<nil> cancelling_at:<nil> completed_at:<nil> completion_window:24h created_at:1.769525324e+09 endpoint:/v1/chat/completions errors:<nil> expired_at:1.769611724e+09 expires_at:1.769611724e+09 failed_at:<nil> finalizing_at:<nil> id:batch_2601271448441806721440122 in_process_at:1.769525324e+09 input_file_id:file_2601271448411938908660950 object:spark output_file_id: request_counts:map[completed:4 failed:0 total:50] sid:bat000d9d6f@dx19bfe37f4790000572 status:in_progress]
[INFO] 2026/01/27 14:50:41 logger.go:71: 查询批量任务结果：&{ID: Object: Endpoint: InputFileID:file_2601271448411938908660950 CompletionWindow: Status:in_progress OutputFileID: ErrorFileID:<nil> CreatedAt:0 InProgressAt:0 ExpiresAt:0 FinalizingAt:0 CompletedAt:0 FailedAt:0 CancelledAt:0 RequestCounts:{Total:0 Completed:0 Failed:0} Metadata:map[] BatchID:batch_2601271448441806721440122 TotalCount:50 CompletedCount:4 FailedCount:0}
[INFO] 2026/01/27 14:50:41 logger.go:71: 查询批量任务结果：map[cancelled_at:<nil> cancelling_at:<nil> completed_at:<nil> completion_window:24h created_at:1.769525324e+09 endpoint:/v1/chat/completions errors:<nil> expired_at:1.769611724e+09 expires_at:1.769611724e+09 failed_at:<nil> finalizing_at:<nil> id:batch_2601271448444108304240126 in_process_at:1.769525324e+09 input_file_id:file_2601271448413531851960954 object:spark output_file_id: request_counts:map[completed:2 failed:0 total:50] sid:bat000def12@dx19bfe37f4bf0000572 status:in_progress]
[INFO] 2026/01/27 14:50:41 logger.go:71: 查询批量任务结果：&{ID: Object: Endpoint: InputFileID:file_2601271448413531851960954 CompletionWindow: Status:in_progress OutputFileID: ErrorFileID:<nil> CreatedAt:0 InProgressAt:0 ExpiresAt:0 FinalizingAt:0 CompletedAt:0 FailedAt:0 CancelledAt:0 RequestCounts:{Total:0 Completed:0 Failed:0} Metadata:map[] BatchID:batch_2601271448444108304240126 TotalCount:50 CompletedCount:2 FailedCount:0}
[INFO] 2026/01/27 14:50:43 logger.go:71: 查询批量任务结果：map[cancelled_at:<nil> cancelling_at:<nil> completed_at:<nil> completion_window:24h created_at:1.769525324e+09 endpoint:/v1/chat/completions errors:<nil> expired_at:1.769611724e+09 expires_at:1.769611724e+09 failed_at:<nil> finalizing_at:<nil> id:batch_2601271448440034823460959 in_process_at:1.769525324e+09 input_file_id:file_2601271448409835690260948 object:spark output_file_id: request_counts:map[completed:32 failed:0 total:50] sid:bat000d9d70@dx19bfe37fd100000572 status:in_progress]
[INFO] 2026/01/27 14:50:43 logger.go:71: 查询批量任务结果：&{ID: Object: Endpoint: InputFileID:file_2601271448409835690260948 CompletionWindow: Status:in_progress OutputFileID: ErrorFileID:<nil> CreatedAt:0 InProgressAt:0 ExpiresAt:0 FinalizingAt:0 CompletedAt:0 FailedAt:0 CancelledAt:0 RequestCounts:{Total:0 Completed:0 Failed:0} Metadata:map[] BatchID:batch_2601271448440034823460959 TotalCount:50 CompletedCount:32 FailedCount:0}
[INFO] 2026/01/27 14:50:43 logger.go:71: 查询批量任务结果：map[cancelled_at:<nil> cancelling_at:<nil> completed_at:<nil> completion_window:24h created_at:1.769525324e+09 endpoint:/v1/chat/completions errors:<nil> expired_at:1.769611724e+09 expires_at:1.769611724e+09 failed_at:<nil> finalizing_at:<nil> id:batch_2601271448441806721440122 in_process_at:1.769525324e+09 input_file_id:file_2601271448411938908660950 object:spark output_file_id: request_counts:map[completed:4 failed:0 total:50] sid:bat000d9d71@dx19bfe37fd7a0000572 status:in_progress]
[INFO] 2026/01/27 14:50:43 logger.go:71: 查询批量任务结果：&{ID: Object: Endpoint: InputFileID:file_2601271448411938908660950 CompletionWindow: Status:in_progress OutputFileID: ErrorFileID:<nil> CreatedAt:0 InProgressAt:0 ExpiresAt:0 FinalizingAt:0 CompletedAt:0 FailedAt:0 CancelledAt:0 RequestCounts:{Total:0 Completed:0 Failed:0} Metadata:map[] BatchID:batch_2601271448441806721440122 TotalCount:50 CompletedCount:4 FailedCount:0}
[INFO] 2026/01/27 14:50:43 logger.go:71: 查询批量任务结果：map[cancelled_at:<nil> cancelling_at:<nil> completed_at:<nil> completion_window:24h created_at:1.769525324e+09 endpoint:/v1/chat/completions errors:<nil> expired_at:1.769611724e+09 expires_at:1.769611724e+09 failed_at:<nil> finalizing_at:<nil> id:batch_2601271448444108304240126 in_process_at:1.769525324e+09 input_file_id:file_2601271448413531851960954 object:spark output_file_id: request_counts:map[completed:2 failed:0 total:50] sid:bat000d9d72@dx19bfe37fdca0000572 status:in_progress]
[INFO] 2026/01/27 14:50:43 logger.go:71: 查询批量任务结果：&{ID: Object: Endpoint: InputFileID:file_2601271448413531851960954 CompletionWindow: Status:in_progress OutputFileID: ErrorFileID:<nil> CreatedAt:0 InProgressAt:0 ExpiresAt:0 FinalizingAt:0 CompletedAt:0 FailedAt:0 CancelledAt:0 RequestCounts:{Total:0 Completed:0 Failed:0} Metadata:map[] BatchID:batch_2601271448444108304240126 TotalCount:50 CompletedCount:2 FailedCount:0}
[INFO] 2026/01/27 14:50:45 logger.go:71: 查询批量任务结果：map[cancelled_at:<nil> cancelling_at:<nil> completed_at:<nil> completion_window:24h created_at:1.769525324e+09 endpoint:/v1/chat/completions errors:<nil> expired_at:1.769611724e+09 expires_at:1.769611724e+09 failed_at:<nil> finalizing_at:<nil> id:batch_2601271448440034823460959 in_process_at:1.769525324e+09 input_file_id:file_2601271448409835690260948 object:spark output_file_id: request_counts:map[completed:32 failed:0 total:50] sid:bat000d9d73@dx19bfe38061a0000572 status:in_progress]
[INFO] 2026/01/27 14:50:46 logger.go:71: 查询批量任务结果：&{ID: Object: Endpoint: InputFileID:file_2601271448409835690260948 CompletionWindow: Status:in_progress OutputFileID: ErrorFileID:<nil> CreatedAt:0 InProgressAt:0 ExpiresAt:0 FinalizingAt:0 CompletedAt:0 FailedAt:0 CancelledAt:0 RequestCounts:{Total:0 Completed:0 Failed:0} Metadata:map[] BatchID:batch_2601271448440034823460959 TotalCount:50 CompletedCount:32 FailedCount:0}
[INFO] 2026/01/27 14:50:46 logger.go:71: 查询批量任务结果：map[cancelled_at:<nil> cancelling_at:<nil> completed_at:<nil> completion_window:24h created_at:1.769525324e+09 endpoint:/v1/chat/completions errors:<nil> expired_at:1.769611724e+09 expires_at:1.769611724e+09 failed_at:<nil> finalizing_at:<nil> id:batch_2601271448441806721440122 in_process_at:1.769525324e+09 input_file_id:file_2601271448411938908660950 object:spark output_file_id: request_counts:map[completed:5 failed:0 total:50] sid:bat000d9d74@dx19bfe38068a0000572 status:in_progress]
[INFO] 2026/01/27 14:50:46 logger.go:71: 查询批量任务结果：&{ID: Object: Endpoint: InputFileID:file_2601271448411938908660950 CompletionWindow: Status:in_progress OutputFileID: ErrorFileID:<nil> CreatedAt:0 InProgressAt:0 ExpiresAt:0 FinalizingAt:0 CompletedAt:0 FailedAt:0 CancelledAt:0 RequestCounts:{Total:0 Completed:0 Failed:0} Metadata:map[] BatchID:batch_2601271448441806721440122 TotalCount:50 CompletedCount:5 FailedCount:0}
[INFO] 2026/01/27 14:50:46 logger.go:71: 查询批量任务结果：map[cancelled_at:<nil> cancelling_at:<nil> completed_at:<nil> completion_window:24h created_at:1.769525324e+09 endpoint:/v1/chat/completions errors:<nil> expired_at:1.769611724e+09 expires_at:1.769611724e+09 failed_at:<nil> finalizing_at:<nil> id:batch_2601271448444108304240126 in_process_at:1.769525324e+09 input_file_id:file_2601271448413531851960954 object:spark output_file_id: request_counts:map[completed:2 failed:0 total:50] sid:bat000d9d75@dx19bfe3806d60000572 status:in_progress]
[INFO] 2026/01/27 14:50:46 logger.go:71: 查询批量任务结果：&{ID: Object: Endpoint: InputFileID:file_2601271448413531851960954 CompletionWindow: Status:in_progress OutputFileID: ErrorFileID:<nil> CreatedAt:0 InProgressAt:0 ExpiresAt:0 FinalizingAt:0 CompletedAt:0 FailedAt:0 CancelledAt:0 RequestCounts:{Total:0 Completed:0 Failed:0} Metadata:map[] BatchID:batch_2601271448444108304240126 TotalCount:50 CompletedCount:2 FailedCount:0}
[INFO] 2026/01/27 14:50:48 logger.go:71: 查询批量任务结果：map[cancelled_at:<nil> cancelling_at:<nil> completed_at:<nil> completion_window:24h created_at:1.769525324e+09 endpoint:/v1/chat/completions errors:<nil> expired_at:1.769611724e+09 expires_at:1.769611724e+09 failed_at:<nil> finalizing_at:<nil> id:batch_2601271448440034823460959 in_process_at:1.769525324e+09 input_file_id:file_2601271448409835690260948 object:spark output_file_id: request_counts:map[completed:33 failed:0 total:50] sid:bat000d9d76@dx19bfe380f050000572 status:in_progress]
[INFO] 2026/01/27 14:50:48 logger.go:71: 查询批量任务结果：&{ID: Object: Endpoint: InputFileID:file_2601271448409835690260948 CompletionWindow: Status:in_progress OutputFileID: ErrorFileID:<nil> CreatedAt:0 InProgressAt:0 ExpiresAt:0 FinalizingAt:0 CompletedAt:0 FailedAt:0 CancelledAt:0 RequestCounts:{Total:0 Completed:0 Failed:0} Metadata:map[] BatchID:batch_2601271448440034823460959 TotalCount:50 CompletedCount:33 FailedCount:0}
[INFO] 2026/01/27 14:50:48 logger.go:71: 查询批量任务结果：map[cancelled_at:<nil> cancelling_at:<nil> completed_at:<nil> completion_window:24h created_at:1.769525324e+09 endpoint:/v1/chat/completions errors:<nil> expired_at:1.769611724e+09 expires_at:1.769611724e+09 failed_at:<nil> finalizing_at:<nil> id:batch_2601271448441806721440122 in_process_at:1.769525324e+09 input_file_id:file_2601271448411938908660950 object:spark output_file_id: request_counts:map[completed:5 failed:0 total:50] sid:bat000def14@dx19bfe380f780000572 status:in_progress]
[INFO] 2026/01/27 14:50:48 logger.go:71: 查询批量任务结果：&{ID: Object: Endpoint: InputFileID:file_2601271448411938908660950 CompletionWindow: Status:in_progress OutputFileID: ErrorFileID:<nil> CreatedAt:0 InProgressAt:0 ExpiresAt:0 FinalizingAt:0 CompletedAt:0 FailedAt:0 CancelledAt:0 RequestCounts:{Total:0 Completed:0 Failed:0} Metadata:map[] BatchID:batch_2601271448441806721440122 TotalCount:50 CompletedCount:5 FailedCount:0}
[INFO] 2026/01/27 14:50:48 logger.go:71: 查询批量任务结果：map[cancelled_at:<nil> cancelling_at:<nil> completed_at:<nil> completion_window:24h created_at:1.769525324e+09 endpoint:/v1/chat/completions errors:<nil> expired_at:1.769611724e+09 expires_at:1.769611724e+09 failed_at:<nil> finalizing_at:<nil> id:batch_2601271448444108304240126 in_process_at:1.769525324e+09 input_file_id:file_2601271448413531851960954 object:spark output_file_id: request_counts:map[completed:2 failed:0 total:50] sid:bat000d9d77@dx19bfe380fc00000572 status:in_progress]
[INFO] 2026/01/27 14:50:48 logger.go:71: 查询批量任务结果：&{ID: Object: Endpoint: InputFileID:file_2601271448413531851960954 CompletionWindow: Status:in_progress OutputFileID: ErrorFileID:<nil> CreatedAt:0 InProgressAt:0 ExpiresAt:0 FinalizingAt:0 CompletedAt:0 FailedAt:0 CancelledAt:0 RequestCounts:{Total:0 Completed:0 Failed:0} Metadata:map[] BatchID:batch_2601271448444108304240126 TotalCount:50 CompletedCount:2 FailedCount:0}
[INFO] 2026/01/27 14:50:50 logger.go:71: 查询批量任务结果：map[cancelled_at:<nil> cancelling_at:<nil> completed_at:<nil> completion_window:24h created_at:1.769525324e+09 endpoint:/v1/chat/completions errors:<nil> expired_at:1.769611724e+09 expires_at:1.769611724e+09 failed_at:<nil> finalizing_at:<nil> id:batch_2601271448440034823460959 in_process_at:1.769525324e+09 input_file_id:file_2601271448409835690260948 object:spark output_file_id: request_counts:map[completed:39 failed:0 total:50] sid:bat000d9d7e@dx19bfe3817e10000572 status:in_progress]
[INFO] 2026/01/27 14:50:50 logger.go:71: 查询批量任务结果：&{ID: Object: Endpoint: InputFileID:file_2601271448409835690260948 CompletionWindow: Status:in_progress OutputFileID: ErrorFileID:<nil> CreatedAt:0 InProgressAt:0 ExpiresAt:0 FinalizingAt:0 CompletedAt:0 FailedAt:0 CancelledAt:0 RequestCounts:{Total:0 Completed:0 Failed:0} Metadata:map[] BatchID:batch_2601271448440034823460959 TotalCount:50 CompletedCount:39 FailedCount:0}
[INFO] 2026/01/27 14:50:50 logger.go:71: 查询批量任务结果：map[cancelled_at:<nil> cancelling_at:<nil> completed_at:<nil> completion_window:24h created_at:1.769525324e+09 endpoint:/v1/chat/completions errors:<nil> expired_at:1.769611724e+09 expires_at:1.769611724e+09 failed_at:<nil> finalizing_at:<nil> id:batch_2601271448441806721440122 in_process_at:1.769525324e+09 input_file_id:file_2601271448411938908660950 object:spark output_file_id: request_counts:map[completed:14 failed:0 total:50] sid:bat000d9d7f@dx19bfe38182d0000572 status:in_progress]
[INFO] 2026/01/27 14:50:50 logger.go:71: 查询批量任务结果：&{ID: Object: Endpoint: InputFileID:file_2601271448411938908660950 CompletionWindow: Status:in_progress OutputFileID: ErrorFileID:<nil> CreatedAt:0 InProgressAt:0 ExpiresAt:0 FinalizingAt:0 CompletedAt:0 FailedAt:0 CancelledAt:0 RequestCounts:{Total:0 Completed:0 Failed:0} Metadata:map[] BatchID:batch_2601271448441806721440122 TotalCount:50 CompletedCount:14 FailedCount:0}
[INFO] 2026/01/27 14:50:50 logger.go:71: 查询批量任务结果：map[cancelled_at:<nil> cancelling_at:<nil> completed_at:<nil> completion_window:24h created_at:1.769525324e+09 endpoint:/v1/chat/completions errors:<nil> expired_at:1.769611724e+09 expires_at:1.769611724e+09 failed_at:<nil> finalizing_at:<nil> id:batch_2601271448444108304240126 in_process_at:1.769525324e+09 input_file_id:file_2601271448413531851960954 object:spark output_file_id: request_counts:map[completed:2 failed:0 total:50] sid:bat000d9d80@dx19bfe3818770000572 status:in_progress]
[INFO] 2026/01/27 14:50:50 logger.go:71: 查询批量任务结果：&{ID: Object: Endpoint: InputFileID:file_2601271448413531851960954 CompletionWindow: Status:in_progress OutputFileID: ErrorFileID:<nil> CreatedAt:0 InProgressAt:0 ExpiresAt:0 FinalizingAt:0 CompletedAt:0 FailedAt:0 CancelledAt:0 RequestCounts:{Total:0 Completed:0 Failed:0} Metadata:map[] BatchID:batch_2601271448444108304240126 TotalCount:50 CompletedCount:2 FailedCount:0}
[INFO] 2026/01/27 14:50:52 logger.go:71: 查询批量任务结果：map[cancelled_at:<nil> cancelling_at:<nil> completed_at:<nil> completion_window:24h created_at:1.769525324e+09 endpoint:/v1/chat/completions errors:<nil> expired_at:1.769611724e+09 expires_at:1.769611724e+09 failed_at:<nil> finalizing_at:<nil> id:batch_2601271448440034823460959 in_process_at:1.769525324e+09 input_file_id:file_2601271448409835690260948 object:spark output_file_id: request_counts:map[completed:43 failed:0 total:50] sid:bat000d9d81@dx19bfe3820a60000572 status:in_progress]
[INFO] 2026/01/27 14:50:52 logger.go:71: 查询批量任务结果：&{ID: Object: Endpoint: InputFileID:file_2601271448409835690260948 CompletionWindow: Status:in_progress OutputFileID: ErrorFileID:<nil> CreatedAt:0 InProgressAt:0 ExpiresAt:0 FinalizingAt:0 CompletedAt:0 FailedAt:0 CancelledAt:0 RequestCounts:{Total:0 Completed:0 Failed:0} Metadata:map[] BatchID:batch_2601271448440034823460959 TotalCount:50 CompletedCount:43 FailedCount:0}
[INFO] 2026/01/27 14:50:52 logger.go:71: 查询批量任务结果：map[cancelled_at:<nil> cancelling_at:<nil> completed_at:<nil> completion_window:24h created_at:1.769525324e+09 endpoint:/v1/chat/completions errors:<nil> expired_at:1.769611724e+09 expires_at:1.769611724e+09 failed_at:<nil> finalizing_at:<nil> id:batch_2601271448441806721440122 in_process_at:1.769525324e+09 input_file_id:file_2601271448411938908660950 object:spark output_file_id: request_counts:map[completed:23 failed:0 total:50] sid:bat000d9d82@dx19bfe3820f80000572 status:in_progress]
[INFO] 2026/01/27 14:50:52 logger.go:71: 查询批量任务结果：&{ID: Object: Endpoint: InputFileID:file_2601271448411938908660950 CompletionWindow: Status:in_progress OutputFileID: ErrorFileID:<nil> CreatedAt:0 InProgressAt:0 ExpiresAt:0 FinalizingAt:0 CompletedAt:0 FailedAt:0 CancelledAt:0 RequestCounts:{Total:0 Completed:0 Failed:0} Metadata:map[] BatchID:batch_2601271448441806721440122 TotalCount:50 CompletedCount:23 FailedCount:0}
[INFO] 2026/01/27 14:50:53 logger.go:71: 查询批量任务结果：map[cancelled_at:<nil> cancelling_at:<nil> completed_at:<nil> completion_window:24h created_at:1.769525324e+09 endpoint:/v1/chat/completions errors:<nil> expired_at:1.769611724e+09 expires_at:1.769611724e+09 failed_at:<nil> finalizing_at:<nil> id:batch_2601271448444108304240126 in_process_at:1.769525324e+09 input_file_id:file_2601271448413531851960954 object:spark output_file_id: request_counts:map[completed:2 failed:0 total:50] sid:bat000def15@dx19bfe3822250000572 status:in_progress]
[INFO] 2026/01/27 14:50:53 logger.go:71: 查询批量任务结果：&{ID: Object: Endpoint: InputFileID:file_2601271448413531851960954 CompletionWindow: Status:in_progress OutputFileID: ErrorFileID:<nil> CreatedAt:0 InProgressAt:0 ExpiresAt:0 FinalizingAt:0 CompletedAt:0 FailedAt:0 CancelledAt:0 RequestCounts:{Total:0 Completed:0 Failed:0} Metadata:map[] BatchID:batch_2601271448444108304240126 TotalCount:50 CompletedCount:2 FailedCount:0}
[INFO] 2026/01/27 14:50:55 logger.go:71: 查询批量任务结果：map[cancelled_at:<nil> cancelling_at:<nil> completed_at:<nil> completion_window:24h created_at:1.769525324e+09 endpoint:/v1/chat/completions errors:<nil> expired_at:1.769611724e+09 expires_at:1.769611724e+09 failed_at:<nil> finalizing_at:<nil> id:batch_2601271448440034823460959 in_process_at:1.769525324e+09 input_file_id:file_2601271448409835690260948 object:spark output_file_id: request_counts:map[completed:47 failed:0 total:50] sid:bat000d9d83@dx19bfe382a750000572 status:in_progress]
[INFO] 2026/01/27 14:50:55 logger.go:71: 查询批量任务结果：&{ID: Object: Endpoint: InputFileID:file_2601271448409835690260948 CompletionWindow: Status:in_progress OutputFileID: ErrorFileID:<nil> CreatedAt:0 InProgressAt:0 ExpiresAt:0 FinalizingAt:0 CompletedAt:0 FailedAt:0 CancelledAt:0 RequestCounts:{Total:0 Completed:0 Failed:0} Metadata:map[] BatchID:batch_2601271448440034823460959 TotalCount:50 CompletedCount:47 FailedCount:0}
[INFO] 2026/01/27 14:50:55 logger.go:71: 查询批量任务结果：map[cancelled_at:<nil> cancelling_at:<nil> completed_at:<nil> completion_window:24h created_at:1.769525324e+09 endpoint:/v1/chat/completions errors:<nil> expired_at:1.769611724e+09 expires_at:1.769611724e+09 failed_at:<nil> finalizing_at:<nil> id:batch_2601271448441806721440122 in_process_at:1.769525324e+09 input_file_id:file_2601271448411938908660950 object:spark output_file_id: request_counts:map[completed:26 failed:0 total:50] sid:bat000d9d84@dx19bfe382ae30000572 status:in_progress]
[INFO] 2026/01/27 14:50:55 logger.go:71: 查询批量任务结果：&{ID: Object: Endpoint: InputFileID:file_2601271448411938908660950 CompletionWindow: Status:in_progress OutputFileID: ErrorFileID:<nil> CreatedAt:0 InProgressAt:0 ExpiresAt:0 FinalizingAt:0 CompletedAt:0 FailedAt:0 CancelledAt:0 RequestCounts:{Total:0 Completed:0 Failed:0} Metadata:map[] BatchID:batch_2601271448441806721440122 TotalCount:50 CompletedCount:26 FailedCount:0}
[INFO] 2026/01/27 14:50:55 logger.go:71: 查询批量任务结果：map[cancelled_at:<nil> cancelling_at:<nil> completed_at:<nil> completion_window:24h created_at:1.769525324e+09 endpoint:/v1/chat/completions errors:<nil> expired_at:1.769611724e+09 expires_at:1.769611724e+09 failed_at:<nil> finalizing_at:<nil> id:batch_2601271448444108304240126 in_process_at:1.769525324e+09 input_file_id:file_2601271448413531851960954 object:spark output_file_id: request_counts:map[completed:2 failed:0 total:50] sid:bat000def16@dx19bfe382b850000572 status:in_progress]
[INFO] 2026/01/27 14:50:55 logger.go:71: 查询批量任务结果：&{ID: Object: Endpoint: InputFileID:file_2601271448413531851960954 CompletionWindow: Status:in_progress OutputFileID: ErrorFileID:<nil> CreatedAt:0 InProgressAt:0 ExpiresAt:0 FinalizingAt:0 CompletedAt:0 FailedAt:0 CancelledAt:0 RequestCounts:{Total:0 Completed:0 Failed:0} Metadata:map[] BatchID:batch_2601271448444108304240126 TotalCount:50 CompletedCount:2 FailedCount:0}
[INFO] 2026/01/27 14:50:57 logger.go:71: 查询批量任务结果：map[cancelled_at:<nil> cancelling_at:<nil> completed_at:<nil> completion_window:24h created_at:1.769525324e+09 endpoint:/v1/chat/completions errors:<nil> expired_at:1.769611724e+09 expires_at:1.769611724e+09 failed_at:<nil> finalizing_at:1.769525453e+09 id:batch_2601271448440034823460959 in_process_at:1.769525324e+09 input_file_id:file_2601271448409835690260948 object:spark output_file_id:file_2601271450530372069261207 request_counts:map[completed:50 failed:0 total:50] sid:bat000d9d85@dx19bfe3833b20000572 status:completed]
[INFO] 2026/01/27 14:50:57 logger.go:71: 查询批量任务结果：&{ID: Object: Endpoint: InputFileID:file_2601271448409835690260948 CompletionWindow: Status:completed OutputFileID:file_2601271450530372069261207 ErrorFileID:<nil> CreatedAt:0 InProgressAt:0 ExpiresAt:0 FinalizingAt:0 CompletedAt:0 FailedAt:0 CancelledAt:0 RequestCounts:{Total:0 Completed:0 Failed:0} Metadata:map[] BatchID:batch_2601271448440034823460959 TotalCount:50 CompletedCount:50 FailedCount:0}
[INFO] 2026/01/27 14:50:58 logger.go:71: 查询批量任务结果：map[cancelled_at:<nil> cancelling_at:<nil> completed_at:<nil> completion_window:24h created_at:1.769525324e+09 endpoint:/v1/chat/completions errors:<nil> expired_at:1.769611724e+09 expires_at:1.769611724e+09 failed_at:<nil> finalizing_at:<nil> id:batch_2601271448441806721440122 in_process_at:1.769525324e+09 input_file_id:file_2601271448411938908660950 object:spark output_file_id: request_counts:map[completed:36 failed:0 total:50] sid:bat000def1a@dx19bfe38353e0000572 status:in_progress]
[INFO] 2026/01/27 14:50:58 logger.go:71: 查询批量任务结果：&{ID: Object: Endpoint: InputFileID:file_2601271448411938908660950 CompletionWindow: Status:in_progress OutputFileID: ErrorFileID:<nil> CreatedAt:0 InProgressAt:0 ExpiresAt:0 FinalizingAt:0 CompletedAt:0 FailedAt:0 CancelledAt:0 RequestCounts:{Total:0 Completed:0 Failed:0} Metadata:map[] BatchID:batch_2601271448441806721440122 TotalCount:50 CompletedCount:36 FailedCount:0}
[INFO] 2026/01/27 14:50:58 logger.go:71: 查询批量任务结果：map[cancelled_at:<nil> cancelling_at:<nil> completed_at:<nil> completion_window:24h created_at:1.769525324e+09 endpoint:/v1/chat/completions errors:<nil> expired_at:1.769611724e+09 expires_at:1.769611724e+09 failed_at:<nil> finalizing_at:<nil> id:batch_2601271448444108304240126 in_process_at:1.769525324e+09 input_file_id:file_2601271448413531851960954 object:spark output_file_id: request_counts:map[completed:3 failed:0 total:50] sid:bat000def1b@dx19bfe38358c0000572 status:in_progress]
[INFO] 2026/01/27 14:50:58 logger.go:71: 查询批量任务结果：&{ID: Object: Endpoint: InputFileID:file_2601271448413531851960954 CompletionWindow: Status:in_progress OutputFileID: ErrorFileID:<nil> CreatedAt:0 InProgressAt:0 ExpiresAt:0 FinalizingAt:0 CompletedAt:0 FailedAt:0 CancelledAt:0 RequestCounts:{Total:0 Completed:0 Failed:0} Metadata:map[] BatchID:batch_2601271448444108304240126 TotalCount:50 CompletedCount:3 FailedCount:0}
[INFO] 2026/01/27 14:51:00 logger.go:71: 查询批量任务结果：map[cancelled_at:<nil> cancelling_at:<nil> completed_at:<nil> completion_window:24h created_at:1.769525324e+09 endpoint:/v1/chat/completions errors:<nil> expired_at:1.769611724e+09 expires_at:1.769611724e+09 failed_at:<nil> finalizing_at:<nil> id:batch_2601271448441806721440122 in_process_at:1.769525324e+09 input_file_id:file_2601271448411938908660950 object:spark output_file_id: request_counts:map[completed:46 failed:0 total:50] sid:bat000def1c@dx19bfe383db70000572 status:in_progress]
[INFO] 2026/01/27 14:51:00 logger.go:71: 查询批量任务结果：&{ID: Object: Endpoint: InputFileID:file_2601271448411938908660950 CompletionWindow: Status:in_progress OutputFileID: ErrorFileID:<nil> CreatedAt:0 InProgressAt:0 ExpiresAt:0 FinalizingAt:0 CompletedAt:0 FailedAt:0 CancelledAt:0 RequestCounts:{Total:0 Completed:0 Failed:0} Metadata:map[] BatchID:batch_2601271448441806721440122 TotalCount:50 CompletedCount:46 FailedCount:0}
[INFO] 2026/01/27 14:51:00 logger.go:71: 查询批量任务结果：map[cancelled_at:<nil> cancelling_at:<nil> completed_at:<nil> completion_window:24h created_at:1.769525324e+09 endpoint:/v1/chat/completions errors:<nil> expired_at:1.769611724e+09 expires_at:1.769611724e+09 failed_at:<nil> finalizing_at:<nil> id:batch_2601271448444108304240126 in_process_at:1.769525324e+09 input_file_id:file_2601271448413531851960954 object:spark output_file_id: request_counts:map[completed:3 failed:0 total:50] sid:bat000d9d86@dx19bfe383e060000572 status:in_progress]
[INFO] 2026/01/27 14:51:00 logger.go:71: 查询批量任务结果：&{ID: Object: Endpoint: InputFileID:file_2601271448413531851960954 CompletionWindow: Status:in_progress OutputFileID: ErrorFileID:<nil> CreatedAt:0 InProgressAt:0 ExpiresAt:0 FinalizingAt:0 CompletedAt:0 FailedAt:0 CancelledAt:0 RequestCounts:{Total:0 Completed:0 Failed:0} Metadata:map[] BatchID:batch_2601271448444108304240126 TotalCount:50 CompletedCount:3 FailedCount:0}
[INFO] 2026/01/27 14:51:02 logger.go:71: 查询批量任务结果：map[cancelled_at:<nil> cancelling_at:<nil> completed_at:<nil> completion_window:24h created_at:1.769525324e+09 endpoint:/v1/chat/completions errors:<nil> expired_at:1.769611724e+09 expires_at:1.769611724e+09 failed_at:<nil> finalizing_at:1.769525459e+09 id:batch_2601271448441806721440122 in_process_at:1.769525324e+09 input_file_id:file_2601271448411938908660950 object:spark output_file_id:file_2601271450594233561161214 request_counts:map[completed:50 failed:0 total:50] sid:bat000def20@dx19bfe3846300000572 status:completed]
[INFO] 2026/01/27 14:51:02 logger.go:71: 查询批量任务结果：&{ID: Object: Endpoint: InputFileID:file_2601271448411938908660950 CompletionWindow: Status:completed OutputFileID:file_2601271450594233561161214 ErrorFileID:<nil> CreatedAt:0 InProgressAt:0 ExpiresAt:0 FinalizingAt:0 CompletedAt:0 FailedAt:0 CancelledAt:0 RequestCounts:{Total:0 Completed:0 Failed:0} Metadata:map[] BatchID:batch_2601271448441806721440122 TotalCount:50 CompletedCount:50 FailedCount:0}
[INFO] 2026/01/27 14:51:02 logger.go:71: 查询批量任务结果：map[cancelled_at:<nil> cancelling_at:<nil> completed_at:<nil> completion_window:24h created_at:1.769525324e+09 endpoint:/v1/chat/completions errors:<nil> expired_at:1.769611724e+09 expires_at:1.769611724e+09 failed_at:<nil> finalizing_at:<nil> id:batch_2601271448444108304240126 in_process_at:1.769525324e+09 input_file_id:file_2601271448413531851960954 object:spark output_file_id: request_counts:map[completed:13 failed:0 total:50] sid:bat000def22@dx19bfe38472e0000572 status:in_progress]
[INFO] 2026/01/27 14:51:02 logger.go:71: 查询批量任务结果：&{ID: Object: Endpoint: InputFileID:file_2601271448413531851960954 CompletionWindow: Status:in_progress OutputFileID: ErrorFileID:<nil> CreatedAt:0 InProgressAt:0 ExpiresAt:0 FinalizingAt:0 CompletedAt:0 FailedAt:0 CancelledAt:0 RequestCounts:{Total:0 Completed:0 Failed:0} Metadata:map[] BatchID:batch_2601271448444108304240126 TotalCount:50 CompletedCount:13 FailedCount:0}
[INFO] 2026/01/27 14:51:04 logger.go:71: 查询批量任务结果：map[cancelled_at:<nil> cancelling_at:<nil> completed_at:<nil> completion_window:24h created_at:1.769525324e+09 endpoint:/v1/chat/completions errors:<nil> expired_at:1.769611724e+09 expires_at:1.769611724e+09 failed_at:<nil> finalizing_at:<nil> id:batch_2601271448444108304240126 in_process_at:1.769525324e+09 input_file_id:file_2601271448413531851960954 object:spark output_file_id: request_counts:map[completed:13 failed:0 total:50] sid:bat000d9d8c@dx19bfe384f790000572 status:in_progress]
[INFO] 2026/01/27 14:51:04 logger.go:71: 查询批量任务结果：&{ID: Object: Endpoint: InputFileID:file_2601271448413531851960954 CompletionWindow: Status:in_progress OutputFileID: ErrorFileID:<nil> CreatedAt:0 InProgressAt:0 ExpiresAt:0 FinalizingAt:0 CompletedAt:0 FailedAt:0 CancelledAt:0 RequestCounts:{Total:0 Completed:0 Failed:0} Metadata:map[] BatchID:batch_2601271448444108304240126 TotalCount:50 CompletedCount:13 FailedCount:0}
[INFO] 2026/01/27 14:51:06 logger.go:71: 查询批量任务结果：map[cancelled_at:<nil> cancelling_at:<nil> completed_at:<nil> completion_window:24h created_at:1.769525324e+09 endpoint:/v1/chat/completions errors:<nil> expired_at:1.769611724e+09 expires_at:1.769611724e+09 failed_at:<nil> finalizing_at:<nil> id:batch_2601271448444108304240126 in_process_at:1.769525324e+09 input_file_id:file_2601271448413531851960954 object:spark output_file_id: request_counts:map[completed:23 failed:0 total:50] sid:bat000d9d8e@dx19bfe3857c70000572 status:in_progress]
[INFO] 2026/01/27 14:51:06 logger.go:71: 查询批量任务结果：&{ID: Object: Endpoint: InputFileID:file_2601271448413531851960954 CompletionWindow: Status:in_progress OutputFileID: ErrorFileID:<nil> CreatedAt:0 InProgressAt:0 ExpiresAt:0 FinalizingAt:0 CompletedAt:0 FailedAt:0 CancelledAt:0 RequestCounts:{Total:0 Completed:0 Failed:0} Metadata:map[] BatchID:batch_2601271448444108304240126 TotalCount:50 CompletedCount:23 FailedCount:0}
[INFO] 2026/01/27 14:51:09 logger.go:71: 查询批量任务结果：map[cancelled_at:<nil> cancelling_at:<nil> completed_at:<nil> completion_window:24h created_at:1.769525324e+09 endpoint:/v1/chat/completions errors:<nil> expired_at:1.769611724e+09 expires_at:1.769611724e+09 failed_at:<nil> finalizing_at:<nil> id:batch_2601271448444108304240126 in_process_at:1.769525324e+09 input_file_id:file_2601271448413531851960954 object:spark output_file_id: request_counts:map[completed:29 failed:0 total:50] sid:bat000d9d8f@dx19bfe3860090000572 status:in_progress]
[INFO] 2026/01/27 14:51:09 logger.go:71: 查询批量任务结果：&{ID: Object: Endpoint: InputFileID:file_2601271448413531851960954 CompletionWindow: Status:in_progress OutputFileID: ErrorFileID:<nil> CreatedAt:0 InProgressAt:0 ExpiresAt:0 FinalizingAt:0 CompletedAt:0 FailedAt:0 CancelledAt:0 RequestCounts:{Total:0 Completed:0 Failed:0} Metadata:map[] BatchID:batch_2601271448444108304240126 TotalCount:50 CompletedCount:29 FailedCount:0}
[INFO] 2026/01/27 14:51:11 logger.go:71: 查询批量任务结果：map[cancelled_at:<nil> cancelling_at:<nil> completed_at:<nil> completion_window:24h created_at:1.769525324e+09 endpoint:/v1/chat/completions errors:<nil> expired_at:1.769611724e+09 expires_at:1.769611724e+09 failed_at:<nil> finalizing_at:<nil> id:batch_2601271448444108304240126 in_process_at:1.769525324e+09 input_file_id:file_2601271448413531851960954 object:spark output_file_id: request_counts:map[completed:45 failed:0 total:50] sid:bat000d9d90@dx19bfe3868480000572 status:in_progress]
[INFO] 2026/01/27 14:51:11 logger.go:71: 查询批量任务结果：&{ID: Object: Endpoint: InputFileID:file_2601271448413531851960954 CompletionWindow: Status:in_progress OutputFileID: ErrorFileID:<nil> CreatedAt:0 InProgressAt:0 ExpiresAt:0 FinalizingAt:0 CompletedAt:0 FailedAt:0 CancelledAt:0 RequestCounts:{Total:0 Completed:0 Failed:0} Metadata:map[] BatchID:batch_2601271448444108304240126 TotalCount:50 CompletedCount:45 FailedCount:0}
[INFO] 2026/01/27 14:51:13 logger.go:71: 查询批量任务结果：map[cancelled_at:<nil> cancelling_at:<nil> completed_at:<nil> completion_window:24h created_at:1.769525324e+09 endpoint:/v1/chat/completions errors:<nil> expired_at:1.769611724e+09 expires_at:1.769611724e+09 failed_at:<nil> finalizing_at:1.76952547e+09 id:batch_2601271448444108304240126 in_process_at:1.769525324e+09 input_file_id:file_2601271448413531851960954 object:spark output_file_id:file_2601271451101788342061222 request_counts:map[completed:50 failed:0 total:50] sid:bat000d9d93@dx19bfe3870950000572 status:completed]
[INFO] 2026/01/27 14:51:13 logger.go:71: 查询批量任务结果：&{ID: Object: Endpoint: InputFileID:file_2601271448413531851960954 CompletionWindow: Status:completed OutputFileID:file_2601271451101788342061222 ErrorFileID:<nil> CreatedAt:0 InProgressAt:0 ExpiresAt:0 FinalizingAt:0 CompletedAt:0 FailedAt:0 CancelledAt:0 RequestCounts:{Total:0 Completed:0 Failed:0} Metadata:map[] BatchID:batch_2601271448444108304240126 TotalCount:50 CompletedCount:50 FailedCount:0}
[INFO] 2026/01/27 14:51:15 logger.go:71: 任务 [test_fatal_ee1] 本轮处理完毕，开始合并结果...
[INFO] 2026/01/27 14:51:15 logger.go:71: 任务 [test_fatal_ee1] 全部结束。致命错误数: 1
[INFO] 2026/01/27 15:06:19 logger.go:71: 配置文件加载成功: config.yaml
[INFO] 2026/01/27 15:06:19 logger.go:143: [test_fatal_v1] [Estimate] - ⏳ [预估耗时] 任务共 500 行，预计耗时: 3分 0秒 (按每100行36秒估算)
[INFO] 2026/01/27 15:06:24 logger.go:71: [test_fatal_v1_chunk_0] 开始上传分块...
[INFO] 2026/01/27 15:06:25 logger.go:71: [test_fatal_v1_chunk_1] 开始上传分块...
[INFO] 2026/01/27 15:06:25 logger.go:71: [test_fatal_v1_chunk_2] 开始上传分块...
[INFO] 2026/01/27 15:06:25 logger.go:71: [test_fatal_v1_chunk_3] 开始上传分块...
[INFO] 2026/01/27 15:06:25 logger.go:71: [test_fatal_v1_chunk_4] 开始上传分块...
[INFO] 2026/01/27 15:06:25 logger.go:71: [test_fatal_v1_chunk_5] 开始上传分块...
[INFO] 2026/01/27 15:06:25 logger.go:71: [test_fatal_v1_chunk_6] 开始上传分块...
[INFO] 2026/01/27 15:06:25 logger.go:71: [test_fatal_v1_chunk_7] 开始上传分块...
[INFO] 2026/01/27 15:06:25 logger.go:71: [test_fatal_v1_chunk_8] 开始上传分块...
[INFO] 2026/01/27 15:06:26 logger.go:71: [test_fatal_v1_chunk_9] 开始上传分块...
[INFO] 2026/01/27 15:06:28 logger.go:71: [test_fatal_v1_chunk_0] 创建Batch任务...
[INFO] 2026/01/27 15:06:28 logger.go:71: [test_fatal_v1_chunk_1] 创建Batch任务...
[INFO] 2026/01/27 15:06:28 logger.go:71: [test_fatal_v1_chunk_2] 创建Batch任务...
[INFO] 2026/01/27 15:06:28 logger.go:71: [test_fatal_v1_chunk_3] 创建Batch任务...
[INFO] 2026/01/27 15:06:28 logger.go:71: [test_fatal_v1_chunk_4] 创建Batch任务...
[INFO] 2026/01/27 15:06:28 logger.go:71: [test_fatal_v1_chunk_5] 创建Batch任务...
[INFO] 2026/01/27 15:06:28 logger.go:71: [test_fatal_v1_chunk_6] 创建Batch任务...
[INFO] 2026/01/27 15:06:28 logger.go:71: [test_fatal_v1_chunk_7] 创建Batch任务...
[INFO] 2026/01/27 15:06:28 logger.go:71: [test_fatal_v1_chunk_8] 创建Batch任务...
[INFO] 2026/01/27 15:06:28 logger.go:71: [test_fatal_v1_chunk_9] 创建Batch任务...
[INFO] 2026/01/27 15:09:22 logger.go:71: 任务 [test_fatal_v1] 本轮处理完毕，开始合并结果...
[INFO] 2026/01/27 15:09:22 logger.go:71: 任务 [test_fatal_v1] 全部结束。致命错误数: 1
[INFO] 2026/01/27 15:27:54 logger.go:143: [ting_test] [Estimate] - ⏳ [预估耗时] 任务共 500 行，预计耗时: 3分 0秒 (按每100行36秒估算)
[INFO] 2026/01/27 15:27:59 logger.go:71: [ting_test_chunk_0] 开始上传...
[INFO] 2026/01/27 15:28:00 logger.go:71: [ting_test_chunk_1] 开始上传...
[INFO] 2026/01/27 15:28:00 logger.go:71: [ting_test_chunk_2] 开始上传...
[INFO] 2026/01/27 15:28:00 logger.go:71: [ting_test_chunk_3] 开始上传...
[INFO] 2026/01/27 15:28:00 logger.go:71: [ting_test_chunk_4] 开始上传...
[INFO] 2026/01/27 15:28:00 logger.go:71: [ting_test_chunk_5] 开始上传...
[INFO] 2026/01/27 15:28:00 logger.go:71: [ting_test_chunk_6] 开始上传...
[INFO] 2026/01/27 15:28:00 logger.go:71: [ting_test_chunk_7] 开始上传...
[INFO] 2026/01/27 15:28:00 logger.go:71: [ting_test_chunk_8] 开始上传...
[INFO] 2026/01/27 15:28:00 logger.go:71: [ting_test_chunk_9] 开始上传...
[INFO] 2026/01/27 15:28:03 logger.go:71: [ting_test_chunk_0] 创建Batch...
[INFO] 2026/01/27 15:28:03 logger.go:71: [ting_test_chunk_1] 创建Batch...
[INFO] 2026/01/27 15:28:03 logger.go:71: [ting_test_chunk_2] 创建Batch...
[INFO] 2026/01/27 15:28:03 logger.go:71: [ting_test_chunk_3] 创建Batch...
[INFO] 2026/01/27 15:28:03 logger.go:71: [ting_test_chunk_4] 创建Batch...
[INFO] 2026/01/27 15:28:03 logger.go:71: [ting_test_chunk_5] 创建Batch...
[INFO] 2026/01/27 15:28:03 logger.go:71: [ting_test_chunk_6] 创建Batch...
[INFO] 2026/01/27 15:28:03 logger.go:71: [ting_test_chunk_7] 创建Batch...
[INFO] 2026/01/27 15:28:03 logger.go:71: [ting_test_chunk_8] 创建Batch...
[INFO] 2026/01/27 15:28:03 logger.go:71: [ting_test_chunk_9] 创建Batch...
[INFO] 2026/01/27 15:30:39 logger.go:71: 任务 [ting_test] 本轮结束，合并中...
[INFO] 2026/01/27 15:30:39 logger.go:71: 任务 [ting_test] 全部结束 (致命错误: 1)
[ERROR] 2026/01/27 15:36:21 logger.go:79: 启动失败: task_id [ting_test] 已存在
[INFO] 2026/01/27 15:36:46 logger.go:143: [ting_test2] [Estimate] - ⏳ [预估耗时] 任务共 500 行，预计耗时: 3分 0秒 (按每100行36秒估算)
[INFO] 2026/01/27 15:36:51 logger.go:71: [ting_test2_chunk_0] 开始上传...
[INFO] 2026/01/27 15:36:52 logger.go:71: [ting_test2_chunk_1] 开始上传...
[INFO] 2026/01/27 15:36:52 logger.go:71: [ting_test2_chunk_2] 开始上传...
[INFO] 2026/01/27 15:36:52 logger.go:71: [ting_test2_chunk_3] 开始上传...
[INFO] 2026/01/27 15:36:52 logger.go:71: [ting_test2_chunk_4] 开始上传...
[INFO] 2026/01/27 15:36:52 logger.go:71: [ting_test2_chunk_5] 开始上传...
[INFO] 2026/01/27 15:36:52 logger.go:71: [ting_test2_chunk_6] 开始上传...
[INFO] 2026/01/27 15:36:52 logger.go:71: [ting_test2_chunk_7] 开始上传...
[INFO] 2026/01/27 15:36:52 logger.go:71: [ting_test2_chunk_8] 开始上传...
[INFO] 2026/01/27 15:36:52 logger.go:71: [ting_test2_chunk_9] 开始上传...
[INFO] 2026/01/27 15:36:54 logger.go:71: [ting_test2_chunk_0] 创建Batch...
[INFO] 2026/01/27 15:36:54 logger.go:71: [ting_test2_chunk_1] 创建Batch...
[INFO] 2026/01/27 15:36:55 logger.go:71: [ting_test2_chunk_2] 创建Batch...
[INFO] 2026/01/27 15:36:55 logger.go:71: [ting_test2_chunk_3] 创建Batch...
[INFO] 2026/01/27 15:36:55 logger.go:71: [ting_test2_chunk_4] 创建Batch...
[INFO] 2026/01/27 15:36:55 logger.go:71: [ting_test2_chunk_5] 创建Batch...
[INFO] 2026/01/27 15:36:55 logger.go:71: [ting_test2_chunk_6] 创建Batch...
[INFO] 2026/01/27 15:36:55 logger.go:71: [ting_test2_chunk_7] 创建Batch...
[INFO] 2026/01/27 15:36:55 logger.go:71: [ting_test2_chunk_8] 创建Batch...
[INFO] 2026/01/27 15:36:55 logger.go:71: [ting_test2_chunk_9] 创建Batch...
[INFO] 2026/01/27 15:36:55 logger.go:71: 任务 [ting_test] 已取消。
[INFO] 2026/01/27 15:39:41 logger.go:71: 任务 [ting_test2] 已取消。
[INFO] 2026/01/27 15:42:13 logger.go:143: [ting_test3] [Estimate] - ⏳ [预估耗时] 任务共 500 行，预计耗时: 3分 0秒 (按每100行36秒估算)
[INFO] 2026/01/27 15:42:18 logger.go:71: [ting_test3_chunk_0] 开始上传...
[INFO] 2026/01/27 15:42:18 logger.go:71: [ting_test3_chunk_1] 开始上传...
[INFO] 2026/01/27 15:42:18 logger.go:71: [ting_test3_chunk_2] 开始上传...
[INFO] 2026/01/27 15:42:18 logger.go:71: [ting_test3_chunk_3] 开始上传...
[INFO] 2026/01/27 15:42:18 logger.go:71: [ting_test3_chunk_4] 开始上传...
[INFO] 2026/01/27 15:42:19 logger.go:71: [ting_test3_chunk_5] 开始上传...
[INFO] 2026/01/27 15:42:19 logger.go:71: [ting_test3_chunk_6] 开始上传...
[INFO] 2026/01/27 15:42:19 logger.go:71: [ting_test3_chunk_7] 开始上传...
[INFO] 2026/01/27 15:42:19 logger.go:71: [ting_test3_chunk_8] 开始上传...
[INFO] 2026/01/27 15:42:19 logger.go:71: [ting_test3_chunk_9] 开始上传...
[INFO] 2026/01/27 15:42:21 logger.go:71: [ting_test3_chunk_0] 创建Batch...
[INFO] 2026/01/27 15:42:21 logger.go:71: [ting_test3_chunk_1] 创建Batch...
[INFO] 2026/01/27 15:42:21 logger.go:71: [ting_test3_chunk_2] 创建Batch...
[INFO] 2026/01/27 15:42:21 logger.go:71: [ting_test3_chunk_3] 创建Batch...
[INFO] 2026/01/27 15:42:22 logger.go:71: [ting_test3_chunk_4] 创建Batch...
[INFO] 2026/01/27 15:42:22 logger.go:71: [ting_test3_chunk_5] 创建Batch...
[INFO] 2026/01/27 15:42:22 logger.go:71: [ting_test3_chunk_6] 创建Batch...
[INFO] 2026/01/27 15:42:22 logger.go:71: [ting_test3_chunk_7] 创建Batch...
[INFO] 2026/01/27 15:42:22 logger.go:71: [ting_test3_chunk_8] 创建Batch...
[INFO] 2026/01/27 15:42:22 logger.go:71: [ting_test3_chunk_9] 创建Batch...
[INFO] 2026/01/27 15:43:27 logger.go:143: [ting_tes4] [Estimate] - ⏳ [预估耗时] 任务共 500 行，预计耗时: 3分 0秒 (按每100行36秒估算)
[INFO] 2026/01/27 15:43:29 logger.go:71: [ting_tes4_chunk_0] 开始上传...
[INFO] 2026/01/27 15:43:29 logger.go:71: [ting_tes4_chunk_1] 开始上传...
[INFO] 2026/01/27 15:43:29 logger.go:71: [ting_tes4_chunk_2] 开始上传...
[INFO] 2026/01/27 15:43:29 logger.go:71: [ting_tes4_chunk_3] 开始上传...
[INFO] 2026/01/27 15:43:29 logger.go:71: [ting_tes4_chunk_4] 开始上传...
[INFO] 2026/01/27 15:43:29 logger.go:71: [ting_tes4_chunk_5] 开始上传...
[INFO] 2026/01/27 15:43:30 logger.go:71: [ting_tes4_chunk_6] 开始上传...
[INFO] 2026/01/27 15:43:30 logger.go:71: [ting_tes4_chunk_7] 开始上传...
[INFO] 2026/01/27 15:43:30 logger.go:71: [ting_tes4_chunk_8] 开始上传...
[INFO] 2026/01/27 15:43:30 logger.go:71: [ting_tes4_chunk_9] 开始上传...
[INFO] 2026/01/27 15:43:32 logger.go:71: [ting_tes4_chunk_0] 创建Batch...
[INFO] 2026/01/27 15:43:32 logger.go:71: [ting_tes4_chunk_1] 创建Batch...
[INFO] 2026/01/27 15:43:32 logger.go:71: [ting_tes4_chunk_2] 创建Batch...
[INFO] 2026/01/27 15:43:33 logger.go:71: [ting_tes4_chunk_3] 创建Batch...
[INFO] 2026/01/27 15:43:33 logger.go:71: [ting_tes4_chunk_4] 创建Batch...
[INFO] 2026/01/27 15:43:33 logger.go:71: [ting_tes4_chunk_5] 创建Batch...
[INFO] 2026/01/27 15:43:33 logger.go:71: [ting_tes4_chunk_6] 创建Batch...
[INFO] 2026/01/27 15:43:33 logger.go:71: [ting_tes4_chunk_7] 创建Batch...
[INFO] 2026/01/27 15:43:33 logger.go:71: [ting_tes4_chunk_3] 创建Batch...
[INFO] 2026/01/27 15:43:33 logger.go:71: [ting_tes4_chunk_4] 创建Batch...
[INFO] 2026/01/27 15:43:33 logger.go:71: [ting_tes4_chunk_5] 创建Batch...
[INFO] 2026/01/27 15:43:33 logger.go:71: [ting_tes4_chunk_8] 创建Batch...
[INFO] 2026/01/27 15:43:33 logger.go:71: [ting_tes4_chunk_6] 创建Batch...
[INFO] 2026/01/27 15:43:33 logger.go:71: [ting_tes4_chunk_7] 创建Batch...
[INFO] 2026/01/27 15:43:33 logger.go:71: [ting_tes4_chunk_8] 创建Batch...
[INFO] 2026/01/27 15:43:33 logger.go:71: [ting_tes4_chunk_9] 创建Batch...
[INFO] 2026/01/27 15:43:33 logger.go:71: [ting_tes4_chunk_9] 创建Batch...
[INFO] 2026/01/27 15:43:36 logger.go:71: [ting_tes4_chunk_3] 创建Batch...
[INFO] 2026/01/27 15:43:36 logger.go:71: [ting_tes4_chunk_4] 创建Batch...
[INFO] 2026/01/27 15:43:36 logger.go:71: [ting_tes4_chunk_3] 创建Batch...
[INFO] 2026/01/27 15:43:36 logger.go:71: [ting_tes4_chunk_4] 创建Batch...
[INFO] 2026/01/27 15:43:39 logger.go:71: [ting_tes4_chunk_3] 创建Batch...
[INFO] 2026/01/27 15:43:39 logger.go:71: [ting_tes4_chunk_4] 创建Batch...
[INFO] 2026/01/27 15:43:39 logger.go:71: [ting_tes4_chunk_3] 创建Batch...
[INFO] 2026/01/27 15:43:39 logger.go:71: [ting_tes4_chunk_4] 创建Batch...
[INFO] 2026/01/27 15:45:41 logger.go:71: 任务 [ting_test3] 已取消。
[INFO] 2026/01/27 15:48:40 logger.go:71: 任务 [ting_tes4] 取消超时(>5min)，强制结束。
[INFO] 2026/01/27 15:50:12 logger.go:143: [timeout_test] [Estimate] - ⏳ [预估耗时] 任务共 500 行，预计耗时: 3分 0秒 (按每100行36秒估算)
[INFO] 2026/01/27 15:50:17 logger.go:71: [timeout_test_chunk_0] 开始上传...
[INFO] 2026/01/27 15:50:18 logger.go:71: [timeout_test_chunk_1] 开始上传...
[INFO] 2026/01/27 15:50:18 logger.go:71: [timeout_test_chunk_2] 开始上传...
[INFO] 2026/01/27 15:50:18 logger.go:71: [timeout_test_chunk_3] 开始上传...
[INFO] 2026/01/27 15:50:18 logger.go:71: [timeout_test_chunk_4] 开始上传...
[INFO] 2026/01/27 15:50:18 logger.go:71: [timeout_test_chunk_5] 开始上传...
[INFO] 2026/01/27 15:50:18 logger.go:71: [timeout_test_chunk_6] 开始上传...
[INFO] 2026/01/27 15:50:18 logger.go:71: [timeout_test_chunk_7] 开始上传...
[INFO] 2026/01/27 15:50:18 logger.go:71: [timeout_test_chunk_8] 开始上传...
[INFO] 2026/01/27 15:50:19 logger.go:71: [timeout_test_chunk_9] 开始上传...
[INFO] 2026/01/27 15:50:21 logger.go:71: [timeout_test_chunk_0] 创建Batch...
[INFO] 2026/01/27 15:50:21 logger.go:71: [timeout_test_chunk_1] 创建Batch...
[INFO] 2026/01/27 15:50:21 logger.go:71: [timeout_test_chunk_2] 创建Batch...
[INFO] 2026/01/27 15:50:21 logger.go:71: [timeout_test_chunk_3] 创建Batch...
[INFO] 2026/01/27 15:50:21 logger.go:71: [timeout_test_chunk_4] 创建Batch...
[INFO] 2026/01/27 15:50:21 logger.go:71: [timeout_test_chunk_5] 创建Batch...
[INFO] 2026/01/27 15:50:21 logger.go:71: [timeout_test_chunk_6] 创建Batch...
[INFO] 2026/01/27 15:50:22 logger.go:71: [timeout_test_chunk_7] 创建Batch...
[INFO] 2026/01/27 15:50:22 logger.go:71: [timeout_test_chunk_8] 创建Batch...
[INFO] 2026/01/27 15:50:22 logger.go:71: [timeout_test_chunk_9] 创建Batch...
[INFO] 2026/01/27 15:50:32 logger.go:71: 任务 [timeout_test] 取消超时(>10秒)，强制结束。
[INFO] 2026/01/27 15:52:23 logger.go:143: [timeout_test2] [Estimate] - ⏳ [预估耗时] 任务共 500 行，预计耗时: 3分 0秒 (按每100行36秒估算)
[INFO] 2026/01/27 15:52:28 logger.go:71: [timeout_test2_chunk_0] 开始上传...
[INFO] 2026/01/27 15:52:29 logger.go:71: [timeout_test2_chunk_1] 开始上传...
[INFO] 2026/01/27 15:52:29 logger.go:71: [timeout_test2_chunk_2] 开始上传...
[INFO] 2026/01/27 15:52:29 logger.go:71: [timeout_test2_chunk_3] 开始上传...
[INFO] 2026/01/27 15:52:29 logger.go:71: [timeout_test2_chunk_4] 开始上传...
[INFO] 2026/01/27 15:52:29 logger.go:71: [timeout_test2_chunk_5] 开始上传...
[INFO] 2026/01/27 15:52:29 logger.go:71: [timeout_test2_chunk_6] 开始上传...
[INFO] 2026/01/27 15:52:29 logger.go:71: [timeout_test2_chunk_7] 开始上传...
[INFO] 2026/01/27 15:52:29 logger.go:71: [timeout_test2_chunk_8] 开始上传...
[INFO] 2026/01/27 15:52:29 logger.go:71: [timeout_test2_chunk_9] 开始上传...
[INFO] 2026/01/27 15:52:32 logger.go:71: [timeout_test2_chunk_0] 创建Batch...
[INFO] 2026/01/27 15:52:32 logger.go:71: [timeout_test2_chunk_1] 创建Batch...
[INFO] 2026/01/27 15:52:32 logger.go:71: [timeout_test2_chunk_2] 创建Batch...
[INFO] 2026/01/27 15:52:32 logger.go:71: [timeout_test2_chunk_3] 创建Batch...
[INFO] 2026/01/27 15:52:32 logger.go:71: [timeout_test2_chunk_4] 创建Batch...
[INFO] 2026/01/27 15:52:32 logger.go:71: [timeout_test2_chunk_5] 创建Batch...
[INFO] 2026/01/27 15:52:32 logger.go:71: [timeout_test2_chunk_6] 创建Batch...
[INFO] 2026/01/27 15:52:32 logger.go:71: [timeout_test2_chunk_7] 创建Batch...
[INFO] 2026/01/27 15:52:32 logger.go:71: [timeout_test2_chunk_8] 创建Batch...
[INFO] 2026/01/27 15:52:32 logger.go:71: [timeout_test2_chunk_9] 创建Batch...
[INFO] 2026/01/27 15:54:55 logger.go:143: [timeout_test3] [Estimate] - ⏳ [预估耗时] 任务共 500 行，预计耗时: 3分 0秒 (按每100行36秒估算)
[INFO] 2026/01/27 15:55:00 logger.go:71: [timeout_test3_chunk_0] 开始上传...
[INFO] 2026/01/27 15:55:01 logger.go:71: [timeout_test3_chunk_1] 开始上传...
[INFO] 2026/01/27 15:55:02 logger.go:71: [timeout_test3_chunk_2] 开始上传...
[INFO] 2026/01/27 15:55:02 logger.go:71: [timeout_test3_chunk_3] 开始上传...
[INFO] 2026/01/27 15:55:03 logger.go:71: [timeout_test3_chunk_4] 开始上传...
[INFO] 2026/01/27 15:55:03 logger.go:71: [timeout_test3_chunk_5] 开始上传...
[ERROR] 2026/01/27 15:55:06 logger.go:79: 严重错误：保存上传状态失败 [timeout_test3_chunk_5]: database is locked (5) (SQLITE_BUSY)
[INFO] 2026/01/27 15:55:06 logger.go:71: [timeout_test3_chunk_6] 开始上传...
[INFO] 2026/01/27 15:55:06 logger.go:71: [timeout_test3_chunk_7] 开始上传...
[INFO] 2026/01/27 15:55:06 logger.go:71: [timeout_test3_chunk_8] 开始上传...
[INFO] 2026/01/27 15:55:06 logger.go:71: [timeout_test3_chunk_9] 开始上传...
[INFO] 2026/01/27 15:55:13 logger.go:71: 任务 [timeout_test3] 已取消。
[INFO] 2026/01/27 15:57:36 logger.go:143: [timeout_test4] [Estimate] - ⏳ [预估耗时] 任务共 500 行，预计耗时: 3分 0秒 (按每100行36秒估算)
[INFO] 2026/01/27 15:57:41 logger.go:71: [timeout_test4_chunk_0] 开始上传...
[INFO] 2026/01/27 15:57:41 logger.go:71: [timeout_test4_chunk_1] 开始上传...
[INFO] 2026/01/27 15:57:41 logger.go:71: [timeout_test4_chunk_2] 开始上传...
[INFO] 2026/01/27 15:57:42 logger.go:71: [timeout_test4_chunk_3] 开始上传...
[INFO] 2026/01/27 15:57:42 logger.go:71: [timeout_test4_chunk_4] 开始上传...
[INFO] 2026/01/27 15:57:42 logger.go:71: [timeout_test4_chunk_5] 开始上传...
[INFO] 2026/01/27 15:57:42 logger.go:71: [timeout_test4_chunk_6] 开始上传...
[INFO] 2026/01/27 15:57:42 logger.go:71: [timeout_test4_chunk_7] 开始上传...
[INFO] 2026/01/27 15:57:42 logger.go:71: [timeout_test4_chunk_8] 开始上传...
[INFO] 2026/01/27 15:57:42 logger.go:71: [timeout_test4_chunk_9] 开始上传...
[INFO] 2026/01/27 15:57:47 logger.go:71: [timeout_test4_chunk_0] 创建Batch...
[INFO] 2026/01/27 15:57:47 logger.go:71: [timeout_test4_chunk_1] 创建Batch...
[INFO] 2026/01/27 15:57:47 logger.go:71: [timeout_test4_chunk_2] 创建Batch...
[INFO] 2026/01/27 15:57:47 logger.go:71: [timeout_test4_chunk_3] 创建Batch...
[INFO] 2026/01/27 15:57:47 logger.go:71: [timeout_test4_chunk_4] 创建Batch...
[INFO] 2026/01/27 15:57:47 logger.go:71: [timeout_test4_chunk_5] 创建Batch...
[INFO] 2026/01/27 15:57:48 logger.go:71: [timeout_test4_chunk_6] 创建Batch...
[INFO] 2026/01/27 15:57:48 logger.go:71: [timeout_test4_chunk_7] 创建Batch...
[INFO] 2026/01/27 15:57:48 logger.go:71: [timeout_test4_chunk_8] 创建Batch...
[INFO] 2026/01/27 15:57:48 logger.go:71: [timeout_test4_chunk_9] 创建Batch...
[INFO] 2026/01/27 15:57:48 logger.go:71: 任务 [timeout_test2] 本轮结束，合并中...
[INFO] 2026/01/27 15:57:48 logger.go:71: 任务 [timeout_test2] 全部结束 (致命错误: 1)
[INFO] 2026/01/27 15:58:52 logger.go:71: 任务 [timeout_test4] 取消超时(>60秒)，强制结束。
[INFO] 2026/01/27 16:32:08 logger.go:143: [timeout_88888] [Estimate] - ⏳ [预估耗时] 任务共 500 行，预计耗时: 3分 0秒 (按每100行36秒估算)
[INFO] 2026/01/27 16:32:13 logger.go:71: [timeout_88888_chunk_0] 开始上传...
[INFO] 2026/01/27 16:32:14 logger.go:71: [timeout_88888_chunk_1] 开始上传...
[INFO] 2026/01/27 16:32:14 logger.go:71: [timeout_88888_chunk_2] 开始上传...
[INFO] 2026/01/27 16:32:14 logger.go:71: [timeout_88888_chunk_3] 开始上传...
[INFO] 2026/01/27 16:32:14 logger.go:71: [timeout_88888_chunk_4] 开始上传...
[INFO] 2026/01/27 16:32:14 logger.go:71: [timeout_88888_chunk_5] 开始上传...
[INFO] 2026/01/27 16:32:14 logger.go:71: [timeout_88888_chunk_6] 开始上传...
[INFO] 2026/01/27 16:32:14 logger.go:71: [timeout_88888_chunk_7] 开始上传...
[INFO] 2026/01/27 16:32:14 logger.go:71: [timeout_88888_chunk_8] 开始上传...
[INFO] 2026/01/27 16:32:14 logger.go:71: [timeout_88888_chunk_9] 开始上传...
[INFO] 2026/01/27 16:32:16 logger.go:71: [timeout_88888_chunk_0] 创建Batch...
[INFO] 2026/01/27 16:32:17 logger.go:71: [timeout_88888_chunk_1] 创建Batch...
[INFO] 2026/01/27 16:32:17 logger.go:71: [timeout_88888_chunk_2] 创建Batch...
[INFO] 2026/01/27 16:32:17 logger.go:71: [timeout_88888_chunk_3] 创建Batch...
[INFO] 2026/01/27 16:32:17 logger.go:71: [timeout_88888_chunk_4] 创建Batch...
[INFO] 2026/01/27 16:32:17 logger.go:71: [timeout_88888_chunk_5] 创建Batch...
[INFO] 2026/01/27 16:32:17 logger.go:71: [timeout_88888_chunk_6] 创建Batch...
[INFO] 2026/01/27 16:32:17 logger.go:71: [timeout_88888_chunk_7] 创建Batch...
[INFO] 2026/01/27 16:32:17 logger.go:71: [timeout_88888_chunk_8] 创建Batch...
[INFO] 2026/01/27 16:32:17 logger.go:71: [timeout_88888_chunk_9] 创建Batch...
[INFO] 2026/01/27 16:34:56 logger.go:71: 任务 [timeout_88888] 本轮结束，合并中...
[INFO] 2026/01/27 16:34:56 logger.go:71: 任务 [timeout_88888] 全部结束 (致命错误: 1)
[INFO] 2026/01/27 16:37:59 logger.go:143: [timeout_990] [Estimate] - ⏳ [预估耗时] 任务共 500 行，预计耗时: 3分 0秒 (按每100行36秒估算)
[INFO] 2026/01/27 16:38:04 logger.go:71: [timeout_990_chunk_0] 开始上传...
[INFO] 2026/01/27 16:38:04 logger.go:71: [timeout_990_chunk_1] 开始上传...
[INFO] 2026/01/27 16:38:04 logger.go:71: [timeout_990_chunk_2] 开始上传...
[INFO] 2026/01/27 16:38:04 logger.go:71: [timeout_990_chunk_3] 开始上传...
[INFO] 2026/01/27 16:38:05 logger.go:71: [timeout_990_chunk_4] 开始上传...
[INFO] 2026/01/27 16:38:05 logger.go:71: [timeout_990_chunk_5] 开始上传...
[INFO] 2026/01/27 16:38:05 logger.go:71: [timeout_990_chunk_6] 开始上传...
[INFO] 2026/01/27 16:38:05 logger.go:71: [timeout_990_chunk_7] 开始上传...
[INFO] 2026/01/27 16:38:05 logger.go:71: [timeout_990_chunk_8] 开始上传...
[INFO] 2026/01/27 16:38:05 logger.go:71: [timeout_990_chunk_9] 开始上传...
[INFO] 2026/01/27 16:38:07 logger.go:71: [timeout_990_chunk_0] 创建Batch...
[INFO] 2026/01/27 16:38:07 logger.go:71: [timeout_990_chunk_1] 创建Batch...
[INFO] 2026/01/27 16:38:07 logger.go:71: [timeout_990_chunk_2] 创建Batch...
[INFO] 2026/01/27 16:38:07 logger.go:71: [timeout_990_chunk_3] 创建Batch...
[INFO] 2026/01/27 16:38:07 logger.go:71: [timeout_990_chunk_4] 创建Batch...
[INFO] 2026/01/27 16:38:07 logger.go:71: [timeout_990_chunk_5] 创建Batch...
[INFO] 2026/01/27 16:38:08 logger.go:71: [timeout_990_chunk_6] 创建Batch...
[INFO] 2026/01/27 16:38:08 logger.go:71: [timeout_990_chunk_7] 创建Batch...
[INFO] 2026/01/27 16:38:08 logger.go:71: [timeout_990_chunk_8] 创建Batch...
[INFO] 2026/01/27 16:38:08 logger.go:71: [timeout_990_chunk_9] 创建Batch...
[INFO] 2026/01/27 16:39:14 logger.go:71: 任务 [timeout_990] 取消超时(>60秒)，强制结束。
